Server running on port 3000
MongoDB Connected Successfully!
[2025-04-17T20:59:47.239Z] >>> Received Request: GET /wp-admin/setup-config.php from ::1
[2025-04-17T20:59:56.627Z] >>> Received Request: GET /wordpress/wp-admin/setup-config.php from ::1
[2025-04-17T21:00:16.731Z] >>> Received Request: POST /api/auth/login from ::1
[2025-04-17T21:00:18.638Z] >>> Received Request: GET /api/statistics/summary from ::1
[2025-04-17T21:00:20.009Z] >>> Received Request: GET /api/statistics/detailed from ::1
[2025-04-17T21:00:32.463Z] >>> Received Request: GET /api/statistics/summary from ::1
[2025-04-17T21:00:35.287Z] >>> Received Request: GET /api/workouts?year=2025&month=4 from ::1
[2025-04-17T21:00:41.836Z] >>> Received Request: GET /api/machines/byTag/1D0D76D7061080 from ::1
[2025-04-17T21:00:49.036Z] >>> Received Request: GET /api/machines/byTag/1D8774D7061080 from ::1
[2025-04-17T21:00:52.770Z] >>> Received Request: GET /api/machines/byTag/1D0B76D7061080 from ::1
[2025-04-17T21:00:59.232Z] >>> Received Request: GET /api/workouts/latestPlanned from ::1
[2025-04-17T21:01:03.170Z] >>> Received Request: GET /api/workouts/latestPlanned from ::1
[2025-04-17T21:01:06.088Z] >>> Received Request: POST /api/workouts/generateAI from ::1
[Generate AI V3] Found 10 recent completed workouts for history.
[Generate AI] Sending prompt to Gemini...
[Generate AI] Received raw text response from Gemini: ```json
[
  {
    "exerciseName": "Lat Pulldown Machine",
    "exerciseType": "Strength",
    "trainedMuscle": "Back",
    "repetitions": 12,
    "weight": 20,
    "weightUnit": "kg"
  },
  {
    "exerciseName": "Ab Crunch Machine",
    "exerciseType": "Strength",
    "trainedMuscle": "Abs",
    "repetitions": 15,
    "weight": null,
    "weightUnit": null
  },
  {
    "exerciseName": "Shoulder Press Machine",
    "exerciseType": "Strength",
    "trainedMuscle": "Shoulders",
    "repetitions": 12,
    "weight": 15,
    "weightUnit": "kg"
  },
  {
    "exerciseName": "Bicep Curl Machine",
    "exerciseType": "Strength",
    "trainedMuscle": "Biceps",
    "repetitions": 15,
    "weight": 10,
    "weightUnit": "kg"
  }
]
```

[Generate AI] Extracted JSON block using regex (length 719):
[Generate AI] Attempting JSON.parse on extracted string between >>> <<<:
>>>[
  {
    "exerciseName": "Lat Pulldown Machine",
    "exerciseType": "Strength",
    "trainedMuscle": "Back",
    "repetitions": 12,
    "weight": 20,
    "weightUnit": "kg"
  },
  {
    "exerciseName": "Ab Crunch Machine",
    "exerciseType": "Strength",
    "trainedMuscle": "Abs",
    "repetitions": 15,
    "weight": null,
    "weightUnit": null
  },
  {
    "exerciseName": "Shoulder Press Machine",
    "exerciseType": "Strength",
    "trainedMuscle": "Shoulders",
    "repetitions": 12,
    "weight": 15,
    "weightUnit": "kg"
  },
  {
    "exerciseName": "Bicep Curl Machine",
    "exerciseType": "Strength",
    "trainedMuscle": "Biceps",
    "repetitions": 15,
    "weight": 10,
    "weightUnit": "kg"
  }
]<<<
[Generate AI] Parsed 4 exercises successfully.
[Generate AI] Saved AI planned workout 68016c147e953bc5fa082863 with 4 exercises.
[2025-04-17T21:01:20.751Z] >>> Received Request: PUT /api/profile/me from ::1
[2025-04-17T21:01:20.861Z] >>> Received Request: GET /api/profile/me from ::1
[2025-04-17T21:01:21.075Z] >>> Received Request: GET /api/statistics/summary from ::1
[2025-04-17T21:01:22.530Z] >>> Received Request: GET /api/workouts/latestPlanned from ::1
[2025-04-17T21:01:26.044Z] >>> Received Request: POST /api/workouts/generateAI from ::1
[Generate AI V3] Found 10 recent completed workouts for history.
[Generate AI] Sending prompt to Gemini...
[Generate AI] Received raw text response from Gemini: ```json
[
  {
    "exerciseName": "Captain's Chair Leg Raise",
    "exerciseType": "Strength",
    "trainedMuscle": "Abs",
    "repetitions": 10,
    "weight": null,
    "weightUnit": null
  },
  {
    "exerciseName": "Lat Pulldown Machine",
    "exerciseType": "Strength",
    "trainedMuscle": "Back",
    "repetitions": 10,
    "weight": 20,
    "weightUnit": "kg"
  },
  {
    "exerciseName": "Shoulder Press Machine",
    "exerciseType": "Strength",
    "trainedMuscle": "Shoulders",
    "repetitions": 12,
    "weight": 15,
    "weightUnit": "kg"
  }
]
```

[Generate AI] Extracted JSON block using regex (length 549):
[Generate AI] Attempting JSON.parse on extracted string between >>> <<<:
>>>[
  {
    "exerciseName": "Captain's Chair Leg Raise",
    "exerciseType": "Strength",
    "trainedMuscle": "Abs",
    "repetitions": 10,
    "weight": null,
    "weightUnit": null
  },
  {
    "exerciseName": "Lat Pulldown Machine",
    "exerciseType": "Strength",
    "trainedMuscle": "Back",
    "repetitions": 10,
    "weight": 20,
    "weightUnit": "kg"
  },
  {
    "exerciseName": "Shoulder Press Machine",
    "exerciseType": "Strength",
    "trainedMuscle": "Shoulders",
    "repetitions": 12,
    "weight": 15,
    "weightUnit": "kg"
  }
]<<<
[Generate AI] Parsed 3 exercises successfully.
[Generate AI] Saved AI planned workout 68016c277e953bc5fa082876 with 3 exercises.
[2025-04-17T21:01:41.335Z] >>> Received Request: PUT /api/profile/me from ::1
[2025-04-17T21:01:41.430Z] >>> Received Request: GET /api/profile/me from ::1
[2025-04-17T21:01:41.650Z] >>> Received Request: GET /api/statistics/summary from ::1
[2025-04-17T21:01:42.883Z] >>> Received Request: GET /api/workouts/latestPlanned from ::1
[2025-04-17T21:01:48.990Z] >>> Received Request: POST /api/workouts/generateAI from ::1
[Generate AI V3] Found 10 recent completed workouts for history.
[Generate AI] Sending prompt to Gemini...
[Generate AI] Received raw text response from Gemini: ```json
[
  {
    "exerciseName": "Lat Pulldown Machine",
    "exerciseType": "Strength",
    "trainedMuscle": "Back",
    "repetitions": 10,
    "weight": 20,
    "weightUnit": "kg"
  },
  {
    "exerciseName": "Ab Crunch Machine",
    "exerciseType": "Strength",
    "trainedMuscle": "Abs",
    "repetitions": 12,
    "weight": null,
    "weightUnit": null
  },
  {
    "exerciseName": "Shoulder Press Machine",
    "exerciseType": "Strength",
    "trainedMuscle": "Shoulders",
    "repetitions": 10,
    "weight": 15,
    "weightUnit": "kg"
  },
  {
    "exerciseName": "Bicep Curl Machine",
    "exerciseType": "Strength",
    "trainedMuscle": "Biceps",
    "repetitions": 12,
    "weight": 10,
    "weightUnit": "kg"
  }
]
```

[Generate AI] Extracted JSON block using regex (length 719):
[Generate AI] Attempting JSON.parse on extracted string between >>> <<<:
>>>[
  {
    "exerciseName": "Lat Pulldown Machine",
    "exerciseType": "Strength",
    "trainedMuscle": "Back",
    "repetitions": 10,
    "weight": 20,
    "weightUnit": "kg"
  },
  {
    "exerciseName": "Ab Crunch Machine",
    "exerciseType": "Strength",
    "trainedMuscle": "Abs",
    "repetitions": 12,
    "weight": null,
    "weightUnit": null
  },
  {
    "exerciseName": "Shoulder Press Machine",
    "exerciseType": "Strength",
    "trainedMuscle": "Shoulders",
    "repetitions": 10,
    "weight": 15,
    "weightUnit": "kg"
  },
  {
    "exerciseName": "Bicep Curl Machine",
    "exerciseType": "Strength",
    "trainedMuscle": "Biceps",
    "repetitions": 12,
    "weight": 10,
    "weightUnit": "kg"
  }
]<<<
[Generate AI] Parsed 4 exercises successfully.
[Generate AI] Saved AI planned workout 68016c3f7e953bc5fa082887 with 4 exercises.
[2025-04-17T21:02:01.476Z] >>> Received Request: GET /api/workouts?year=2025&month=4 from ::1
[2025-04-17T21:02:15.209Z] >>> Received Request: GET /api/statistics/summary from ::1
[2025-04-17T21:02:16.465Z] >>> Received Request: GET /api/statistics/detailed from ::1
[2025-04-17T21:02:22.166Z] >>> Received Request: GET /api/statistics/summary from ::1
[2025-04-17T21:02:25.275Z] >>> Received Request: GET /api/profile/me from ::1
[2025-04-17T21:02:25.487Z] >>> Received Request: GET /api/statistics/summary from ::1
[2025-04-17T21:02:27.588Z] >>> Received Request: GET /api/profile/me from ::1
[2025-04-17T21:02:27.825Z] >>> Received Request: GET /api/statistics/summary from ::1
[2025-04-17T21:02:40.420Z] >>> Received Request: GET /api/machines/byTag/1D0D76D7061080 from ::1
[2025-04-17T21:18:56.720Z] >>> Received Request: GET /wordpress/wp-admin/setup-config.php from ::1
[2025-04-17T21:20:48.428Z] >>> Received Request: GET /wp-admin/setup-config.php from ::1
[2025-04-17T21:35:57.758Z] >>> Received Request: GET /wp-admin/setup-config.php from ::1
[2025-04-17T21:39:02.528Z] >>> Received Request: GET /wordpress/wp-admin/setup-config.php from ::1
[2025-04-17T21:43:05.815Z] >>> Received Request: GET /robots.txt from ::1
[2025-04-17T21:43:05.936Z] >>> Received Request: GET /ads.txt from ::1
[2025-04-17T21:53:58.294Z] >>> Received Request: GET /wp-admin/setup-config.php from ::1
[2025-04-17T21:56:14.589Z] >>> Received Request: GET /wordpress/wp-admin/setup-config.php from ::1
[2025-04-17T22:01:04.800Z] >>> Received Request: GET / from ::1
[2025-04-17T22:05:43.314Z] >>> Received Request: GET /api/statistics/summary from ::1
[2025-04-17T22:05:54.204Z] >>> Received Request: POST /api/auth/login from ::1
[2025-04-17T22:05:55.970Z] >>> Received Request: GET /api/workouts?year=2025&month=4 from ::1
[2025-04-17T22:05:56.605Z] >>> Received Request: GET /api/workouts/latestPlanned from ::1
[2025-04-17T22:05:57.949Z] >>> Received Request: GET /api/workouts?year=2025&month=4 from ::1
[2025-04-17T22:05:59.614Z] >>> Received Request: GET /api/statistics/summary from ::1
[2025-04-17T22:13:41.767Z] >>> Received Request: GET /wp-admin/setup-config.php from ::1
[2025-04-17T22:17:17.983Z] >>> Received Request: GET /wordpress/wp-admin/setup-config.php from ::1
[2025-04-17T22:21:51.700Z] >>> Received Request: GET /api/workouts?year=2025&month=4 from ::1
[2025-04-17T22:22:00.065Z] >>> Received Request: GET /api/statistics/summary from ::1
[2025-04-17T22:22:01.047Z] >>> Received Request: GET /api/workouts?year=2025&month=4 from ::1
[2025-04-17T22:22:04.882Z] >>> Received Request: GET /api/workouts/latestPlanned from ::1
[2025-04-17T22:22:08.387Z] >>> Received Request: GET /api/workouts?year=2025&month=4 from ::1
[2025-04-17T22:22:21.726Z] >>> Received Request: GET /api/machines/byTag/1D0D76D7061080 from ::1
[2025-04-17T22:22:36.046Z] >>> Received Request: GET /api/workouts?year=2025&month=4 from ::1
[2025-04-17T22:22:36.483Z] >>> Received Request: GET /api/statistics/summary from ::1
[2025-04-17T22:22:37.009Z] >>> Received Request: GET /api/workouts?year=2025&month=4 from ::1
[2025-04-17T22:24:13.983Z] >>> Received Request: GET /api/workouts?year=2025&month=5 from ::1
[2025-04-17T22:24:22.593Z] >>> Received Request: GET /api/machines/byTag/1D0D76D7061080 from ::1
[2025-04-17T22:24:39.451Z] >>> Received Request: GET /api/workouts?year=2025&month=4 from ::1
[2025-04-17T22:24:41.063Z] >>> Received Request: GET /api/statistics/summary from ::1
[2025-04-17T22:24:47.917Z] >>> Received Request: GET /api/machines/byTag/1D0D76D7061080 from ::1
[2025-04-17T22:24:58.777Z] >>> Received Request: GET /api/statistics/summary from ::1
[2025-04-17T22:25:02.240Z] >>> Received Request: GET /api/statistics/detailed from ::1
[2025-04-17T22:25:57.557Z] >>> Received Request: GET /api/statistics/summary from ::1
[2025-04-17T22:26:00.616Z] >>> Received Request: GET /api/workouts/latestPlanned from ::1
[2025-04-17T22:26:17.216Z] >>> Received Request: PUT /api/profile/me from ::1
[2025-04-17T22:26:17.308Z] >>> Received Request: GET /api/profile/me from ::1
[2025-04-17T22:26:17.515Z] >>> Received Request: GET /api/statistics/summary from ::1
[2025-04-17T22:26:19.168Z] >>> Received Request: GET /api/workouts/latestPlanned from ::1
[2025-04-17T22:26:21.839Z] >>> Received Request: POST /api/workouts/generateAI from ::1
[Generate AI V3] Found 10 recent completed workouts for history.
[Generate AI] Sending prompt to Gemini...
[Generate AI] Received raw text response from Gemini: ```json
[
  {
    "exerciseName": "Shoulder Press Machine",
    "exerciseType": "Strength",
    "trainedMuscle": "Shoulders",
    "repetitions": 10,
    "weight": 10,
    "weightUnit": "kg"
  },
  {
    "exerciseName": "Dumbbell Area (Select Exercise)",
    "exerciseType": "Strength",
    "trainedMuscle": "Shoulders",
    "repetitions": 12,
    "weight": 5,
    "weightUnit": "kg"
  },
  {
    "exerciseName": "Dumbbell Area (Select Exercise)",
    "exerciseType": "Strength",
    "trainedMuscle": "Shoulders",
    "repetitions": 8,
    "weight": 7,
    "weightUnit": "kg"
  },
  {
    "exerciseName": "Ab Crunch Machine",
    "exerciseType": "Strength",
    "trainedMuscle": "Abs",
    "repetitions": 15,
    "weight": null,
    "weightUnit": null
  },
  {
    "exerciseName": "Captain's Chair Leg Raise",
    "exerciseType": "Strength",
    "trainedMuscle": "Abs",
    "repetitions": 12,
    "weight": null,
    "weightUnit": null
  }
]
```

[Generate AI] Extracted JSON block using regex (length 932):
[Generate AI] Attempting JSON.parse on extracted string between >>> <<<:
>>>[
  {
    "exerciseName": "Shoulder Press Machine",
    "exerciseType": "Strength",
    "trainedMuscle": "Shoulders",
    "repetitions": 10,
    "weight": 10,
    "weightUnit": "kg"
  },
  {
    "exerciseName": "Dumbbell Area (Select Exercise)",
    "exerciseType": "Strength",
    "trainedMuscle": "Shoulders",
    "repetitions": 12,
    "weight": 5,
    "weightUnit": "kg"
  },
  {
    "exerciseName": "Dumbbell Area (Select Exercise)",
    "exerciseType": "Strength",
    "trainedMuscle": "Shoulders",
    "repetitions": 8,
    "weight": 7,
    "weightUnit": "kg"
  },
  {
    "exerciseName": "Ab Crunch Machine",
    "exerciseType": "Strength",
    "trainedMuscle": "Abs",
    "repetitions": 15,
    "weight": null,
    "weightUnit": null
  },
  {
    "exerciseName": "Captain's Chair Leg Raise",
    "exerciseType": "Strength",
    "trainedMuscle": "Abs",
    "repetitions": 12,
    "weight": null,
    "weightUnit": null
  }
]<<<
[Generate AI] Parsed 5 exercises successfully.
[Generate AI] Saved AI planned workout 680180107e953bc5fa0828c6 with 5 exercises.
[2025-04-17T22:26:50.657Z] >>> Received Request: PUT /api/profile/me from ::1
[2025-04-17T22:26:50.837Z] >>> Received Request: GET /api/profile/me from ::1
[2025-04-17T22:26:51.118Z] >>> Received Request: GET /api/statistics/summary from ::1
[2025-04-17T22:26:52.632Z] >>> Received Request: GET /api/workouts/latestPlanned from ::1
[2025-04-17T22:26:57.550Z] >>> Received Request: POST /api/workouts/generate from ::1
[Generate V4] User Prefs - Type: Any, Focus: Auto, Num: 4, Reps: 8-12
[Generate V4] Using least recent group: Abs
[Generate V4] Aiming for up to 2 primary (Abs) and 2 secondary (Legs) exercises.
[Generate V4] Found 2 available primary, 3 secondary machines.
[Generate V4] Selected 4 exercises for the plan.
[Generate V4] Saved generated planned workout 680180317e953bc5fa0828db.
[2025-04-17T22:29:59.202Z] >>> Received Request: GET /api/statistics/summary from ::1
[2025-04-17T22:30:07.403Z] >>> Received Request: GET /api/workouts?year=2025&month=4 from ::1
[2025-04-17T22:30:22.108Z] >>> Received Request: GET /api/workouts/latestPlanned from ::1
[2025-04-17T22:30:23.926Z] >>> Received Request: GET /api/workouts?year=2025&month=4 from ::1
[2025-04-17T22:30:24.368Z] >>> Received Request: GET /api/statistics/summary from ::1
[2025-04-17T22:31:10.895Z] >>> Received Request: GET /api/gyms from ::1
[2025-04-17T22:31:41.993Z] >>> Received Request: GET /api/statistics/summary from ::1
[2025-04-17T22:31:56.593Z] >>> Received Request: GET /api/machines/byTag/1D0B76D7061080 from ::1
[2025-04-17T22:32:01.457Z] >>> Received Request: GET /api/machines/byTag/1D0D76D7061080 from ::1
[2025-04-17T22:32:45.715Z] >>> Received Request: GET /api/workouts/latestPlanned from ::1
[2025-04-17T22:32:51.579Z] >>> Received Request: GET /api/machines/byTag/MACHINE_CC_01 from ::1
[2025-04-17T22:34:05.569Z] >>> Received Request: GET /api/machines/byTag/1D0B76D7061080 from ::1
[2025-04-17T22:34:11.417Z] >>> Received Request: GET /api/machines/byTag/1D0D76D7061080 from ::1
[2025-04-17T22:34:28.606Z] >>> Received Request: GET /api/workouts/latestPlanned from ::1
[2025-04-17T22:34:38.429Z] >>> Received Request: GET /api/workouts?year=2025&month=4 from ::1
[2025-04-17T22:34:58.428Z] >>> Received Request: GET /api/machines/byTag/MACHINE_CC_01 from ::1
[2025-04-17T22:35:40.327Z] >>> Received Request: GET /api/workouts?year=2025&month=4 from ::1
[2025-04-17T22:35:45.078Z] >>> Received Request: GET /api/workouts?year=2025&month=4 from ::1
[2025-04-17T22:35:46.392Z] >>> Received Request: GET /api/workouts?year=2025&month=4 from ::1
[2025-04-17T22:35:51.353Z] >>> Received Request: GET /wordpress/wp-admin/setup-config.php from ::1
[2025-04-17T22:35:55.531Z] >>> Received Request: GET /wp-admin/setup-config.php from ::1
[2025-04-17T22:37:11.776Z] >>> Received Request: GET /api/statistics/summary from ::1
[2025-04-17T22:37:36.807Z] >>> Received Request: GET /api/machines/byTag/MACHINE_CC_01 from ::1
[2025-04-17T22:37:56.036Z] >>> Received Request: GET /api/machines/byTag/1D0D76D7061080 from ::1
[2025-04-17T22:38:27.729Z] >>> Received Request: GET /api/statistics/summary from ::1
[2025-04-17T22:38:31.165Z] >>> Received Request: GET /api/profile/me from ::1
[2025-04-17T22:38:31.323Z] >>> Received Request: GET /api/gyms from ::1
[2025-04-17T22:38:36.562Z] >>> Received Request: GET /api/statistics/summary from ::1
[2025-04-17T22:38:40.639Z] >>> Received Request: GET /api/statistics/detailed from ::1
[2025-04-17T22:38:42.328Z] >>> Received Request: GET /api/statistics/summary from ::1
[2025-04-17T22:38:59.532Z] >>> Received Request: GET /api/workouts?year=2025&month=4 from ::1
[2025-04-17T22:39:05.306Z] >>> Received Request: GET /api/statistics/summary from ::1
[2025-04-17T22:39:07.552Z] >>> Received Request: GET /api/statistics/detailed from ::1
[2025-04-17T22:40:40.560Z] >>> Received Request: GET /api/statistics/summary from ::1
[2025-04-17T22:40:44.089Z] >>> Received Request: GET /api/gyms from ::1
[2025-04-17T22:40:44.247Z] >>> Received Request: GET /api/profile/me from ::1
[2025-04-17T22:41:13.300Z] >>> Received Request: GET /api/statistics/summary from ::1
[2025-04-17T22:41:13.894Z] >>> Received Request: GET /api/workouts/latestPlanned from ::1
[2025-04-17T22:41:17.268Z] >>> Received Request: GET /api/statistics/summary from ::1
[2025-04-17T22:41:30.385Z] >>> Received Request: GET /api/workouts/latestPlanned from ::1
[2025-04-17T22:41:47.639Z] >>> Received Request: POST /api/workouts/generate from ::1
[Generate V4] User Prefs - Type: Any, Focus: Auto, Num: 4, Reps: 8-12
[Generate V4] Using least recent group: Abs
[Generate V4] Aiming for up to 2 primary (Abs) and 2 secondary (Legs) exercises.
[Generate V4] Found 2 available primary, 3 secondary machines.
[Generate V4] Selected 4 exercises for the plan.
[Generate V4] Saved generated planned workout 680183ab7e953bc5fa08291f.
[2025-04-17T22:42:04.444Z] >>> Received Request: POST /api/workouts/generateAI from ::1
[Generate AI V3] Found 10 recent completed workouts for history.
[Generate AI] Sending prompt to Gemini...
[Generate AI] Received raw text response from Gemini: ```json
[
  {
    "exerciseName": "Lat Pulldown Machine",
    "exerciseType": "Strength",
    "trainedMuscle": "Back",
    "repetitions": 10,
    "weight": 20,
    "weightUnit": "kg"
  },
  {
    "exerciseName": "Ab Crunch Machine",
    "exerciseType": "Strength",
    "trainedMuscle": "Abs",
    "repetitions": 12,
    "weight": null,
    "weightUnit": null
  },
  {
    "exerciseName": "Shoulder Press Machine",
    "exerciseType": "Strength",
    "trainedMuscle": "Shoulders",
    "repetitions": 10,
    "weight": 15,
    "weightUnit": "kg"
  },
  {
    "exerciseName": "Leg Press Machine",
    "exerciseType": "Strength",
    "trainedMuscle": "Legs",
    "repetitions": 12,
    "weight": 40,
    "weightUnit": "kg"
  }
]
```

[Generate AI] Extracted JSON block using regex (length 716):
[Generate AI] Attempting JSON.parse on extracted string between >>> <<<:
>>>[
  {
    "exerciseName": "Lat Pulldown Machine",
    "exerciseType": "Strength",
    "trainedMuscle": "Back",
    "repetitions": 10,
    "weight": 20,
    "weightUnit": "kg"
  },
  {
    "exerciseName": "Ab Crunch Machine",
    "exerciseType": "Strength",
    "trainedMuscle": "Abs",
    "repetitions": 12,
    "weight": null,
    "weightUnit": null
  },
  {
    "exerciseName": "Shoulder Press Machine",
    "exerciseType": "Strength",
    "trainedMuscle": "Shoulders",
    "repetitions": 10,
    "weight": 15,
    "weightUnit": "kg"
  },
  {
    "exerciseName": "Leg Press Machine",
    "exerciseType": "Strength",
    "trainedMuscle": "Legs",
    "repetitions": 12,
    "weight": 40,
    "weightUnit": "kg"
  }
]<<<
[Generate AI] Parsed 4 exercises successfully.
[Generate AI] Saved AI planned workout 680183be7e953bc5fa082929 with 4 exercises.
[2025-04-17T22:42:30.309Z] >>> Received Request: GET /api/machines/byTag/1D0D76D7061080 from ::1
[2025-04-17T22:42:55.427Z] >>> Received Request: GET /api/machines/byTag/MACHINE_CC_01 from ::1
[2025-04-17T22:43:15.593Z] >>> Received Request: GET /api/workouts?year=2025&month=4 from ::1
[2025-04-17T22:44:23.433Z] >>> Received Request: GET /api/statistics/summary from ::1
[2025-04-17T22:44:32.281Z] >>> Received Request: GET /api/machines/byTag/1D0D76D7061080 from ::1
[2025-04-17T22:44:54.186Z] >>> Received Request: GET /api/statistics/summary from ::1
[2025-04-17T22:45:01.075Z] >>> Received Request: GET /api/statistics/detailed from ::1
[2025-04-17T22:45:24.590Z] >>> Received Request: GET /api/statistics/summary from ::1
[2025-04-17T22:45:37.352Z] >>> Received Request: GET /api/gyms from ::1
[2025-04-17T22:46:09.770Z] >>> Received Request: POST /api/machines/register from ::1
[2025-04-17T22:46:33.557Z] >>> Received Request: GET /api/statistics/summary from ::1
[2025-04-17T22:46:33.728Z] >>> Received Request: GET /api/workouts/latestPlanned from ::1
[2025-04-17T22:46:40.291Z] >>> Received Request: POST /api/workouts/generate from ::1
[Generate V4] User Prefs - Type: Any, Focus: Auto, Num: 4, Reps: 8-12
[Generate V4] Using least recent group: Abs
[Generate V4] Aiming for up to 2 primary (Abs) and 2 secondary (Legs) exercises.
[Generate V4] Found 2 available primary, 3 secondary machines.
[Generate V4] Selected 4 exercises for the plan.
[Generate V4] Saved generated planned workout 680184d07e953bc5fa082943.
[2025-04-17T22:47:17.114Z] >>> Received Request: POST /api/workouts/generateAI from ::1
[Generate AI V3] Found 10 recent completed workouts for history.
[Generate AI] Sending prompt to Gemini...
[Generate AI] Received raw text response from Gemini: ```json
[
  {
    "exerciseName": "Lat Pulldown Machine",
    "exerciseType": "Strength",
    "trainedMuscle": "Back",
    "repetitions": 10,
    "weight": 20,
    "weightUnit": "kg"
  },
  {
    "exerciseName": "Ab Crunch Machine",
    "exerciseType": "Strength",
    "trainedMuscle": "Abs",
    "repetitions": 12,
    "weight": null,
    "weightUnit": null
  },
  {
    "exerciseName": "Shoulder Press Machine",
    "exerciseType": "Strength",
    "trainedMuscle": "Shoulders",
    "repetitions": 10,
    "weight": 15,
    "weightUnit": "kg"
  },
  {
    "exerciseName": "Bicep Curl Machine",
    "exerciseType": "Strength",
    "trainedMuscle": "Biceps",
    "repetitions": 12,
    "weight": 10,
    "weightUnit": "kg"
  }
]
```

[Generate AI] Extracted JSON block using regex (length 719):
[Generate AI] Attempting JSON.parse on extracted string between >>> <<<:
>>>[
  {
    "exerciseName": "Lat Pulldown Machine",
    "exerciseType": "Strength",
    "trainedMuscle": "Back",
    "repetitions": 10,
    "weight": 20,
    "weightUnit": "kg"
  },
  {
    "exerciseName": "Ab Crunch Machine",
    "exerciseType": "Strength",
    "trainedMuscle": "Abs",
    "repetitions": 12,
    "weight": null,
    "weightUnit": null
  },
  {
    "exerciseName": "Shoulder Press Machine",
    "exerciseType": "Strength",
    "trainedMuscle": "Shoulders",
    "repetitions": 10,
    "weight": 15,
    "weightUnit": "kg"
  },
  {
    "exerciseName": "Bicep Curl Machine",
    "exerciseType": "Strength",
    "trainedMuscle": "Biceps",
    "repetitions": 12,
    "weight": 10,
    "weightUnit": "kg"
  }
]<<<
[Generate AI] Parsed 4 exercises successfully.
[Generate AI] Saved AI planned workout 680184f77e953bc5fa08294d with 4 exercises.
[2025-04-17T22:47:27.422Z] >>> Received Request: PUT /api/workouts/680184f77e953bc5fa08294d from ::1
[2025-04-17T22:48:16.761Z] >>> Received Request: GET /api/workouts/latestPlanned from ::1
[2025-04-17T22:48:20.009Z] >>> Received Request: GET /api/workouts?year=2025&month=4 from ::1
[2025-04-17T22:48:26.127Z] >>> Received Request: GET /api/statistics/summary from ::1
[2025-04-17T22:52:09.143Z] >>> Received Request: GET /wordpress/wp-admin/setup-config.php from ::1
[2025-04-17T22:55:09.331Z] >>> Received Request: GET /wp-admin/setup-config.php from ::1
[2025-04-17T23:10:15.722Z] >>> Received Request: GET /wp-admin/setup-config.php from ::1
[2025-04-17T23:10:25.692Z] >>> Received Request: GET /wordpress/wp-admin/setup-config.php from ::1
[2025-04-17T23:32:36.340Z] >>> Received Request: GET /wordpress/wp-admin/setup-config.php from ::1
[2025-04-17T23:33:58.214Z] >>> Received Request: GET /wp-admin/setup-config.php from ::1
[2025-04-17T23:50:06.512Z] >>> Received Request: GET /wp-admin/setup-config.php from ::1
[2025-04-17T23:51:03.662Z] >>> Received Request: GET /wordpress/wp-admin/setup-config.php from ::1
[2025-04-18T00:08:51.954Z] >>> Received Request: GET /wp-admin/setup-config.php from ::1
[2025-04-18T00:11:10.562Z] >>> Received Request: GET /wordpress/wp-admin/setup-config.php from ::1
[2025-04-18T00:26:21.373Z] >>> Received Request: GET /wp-admin/setup-config.php from ::1
[2025-04-18T00:30:17.900Z] >>> Received Request: GET /wordpress/wp-admin/setup-config.php from ::1
[2025-04-18T00:38:11.993Z] >>> Received Request: GET / from ::1
[2025-04-18T00:46:56.706Z] >>> Received Request: GET /.env from ::1
[2025-04-18T00:48:34.813Z] >>> Received Request: GET /wp-admin/setup-config.php from ::1
[2025-04-18T00:48:39.965Z] >>> Received Request: GET /wordpress/wp-admin/setup-config.php from ::1
[2025-04-18T00:54:00.957Z] >>> Received Request: GET /.env from ::1
[2025-04-18T01:05:40.535Z] >>> Received Request: GET /wordpress/wp-admin/setup-config.php from ::1
[2025-04-18T01:08:14.911Z] >>> Received Request: GET /wp-admin/setup-config.php from ::1
[2025-04-18T01:14:10.829Z] >>> Received Request: GET / from ::1
[2025-04-18T01:14:16.384Z] >>> Received Request: GET / from ::1
[2025-04-18T01:21:55.604Z] >>> Received Request: GET / from ::1
[2025-04-18T01:24:21.388Z] >>> Received Request: GET /wordpress/wp-admin/setup-config.php from ::1
[2025-04-18T01:24:26.334Z] >>> Received Request: GET /wp-admin/setup-config.php from ::1
[2025-04-18T01:29:38.252Z] >>> Received Request: GET / from ::1
[2025-04-18T01:29:43.933Z] >>> Received Request: GET / from ::1
[2025-04-18T01:42:43.441Z] >>> Received Request: GET /wordpress/wp-admin/setup-config.php from ::1
[2025-04-18T01:43:07.526Z] >>> Received Request: GET /wp-admin/setup-config.php from ::1
[2025-04-18T02:03:51.767Z] >>> Received Request: GET /wp-admin/setup-config.php from ::1
[2025-04-18T02:03:56.139Z] >>> Received Request: GET /wordpress/wp-admin/setup-config.php from ::1
[2025-04-18T02:18:49.338Z] >>> Received Request: GET /wordpress/wp-admin/setup-config.php from ::1
[2025-04-18T02:22:20.031Z] >>> Received Request: GET /wp-admin/setup-config.php from ::1
[2025-04-18T02:25:03.277Z] >>> Received Request: POST /dns-query from ::1
[2025-04-18T02:28:39.190Z] >>> Received Request: GET /dns-query?dns=gqEBAAABAAAAAAAABmdvb2dsZQNjb20AAAEAAQ from ::1
[2025-04-18T02:40:07.381Z] >>> Received Request: GET /wordpress/wp-admin/setup-config.php from ::1
[2025-04-18T02:40:11.832Z] >>> Received Request: GET /wp-admin/setup-config.php from ::1
[2025-04-18T02:58:23.147Z] >>> Received Request: GET /wp-admin/setup-config.php from ::1
[2025-04-18T02:59:27.666Z] >>> Received Request: GET /wordpress/wp-admin/setup-config.php from ::1
[2025-04-18T03:15:49.492Z] >>> Received Request: GET /wordpress/wp-admin/setup-config.php from ::1
[2025-04-18T03:17:32.211Z] >>> Received Request: GET /wp-admin/setup-config.php from ::1
[2025-04-18T03:22:06.382Z] >>> Received Request: GET / from ::1
[2025-04-18T03:24:15.156Z] >>> Received Request: GET /.env from ::1
[2025-04-18T03:24:15.385Z] >>> Received Request: GET /.git/config from ::1
[2025-04-18T03:33:04.215Z] >>> Received Request: GET /wp-admin/setup-config.php from ::1
[2025-04-18T03:35:44.996Z] >>> Received Request: GET /wordpress/wp-admin/setup-config.php from ::1
[2025-04-18T03:50:09.334Z] >>> Received Request: GET /wp-admin/setup-config.php from ::1
[2025-04-18T03:52:43.787Z] >>> Received Request: GET / from ::1
[2025-04-18T03:52:46.625Z] >>> Received Request: GET /favicon.ico from ::1
[2025-04-18T03:52:47.091Z] >>> Received Request: GET /ads.txt from ::1
[2025-04-18T03:54:09.387Z] >>> Received Request: GET /wordpress/wp-admin/setup-config.php from ::1
[2025-04-18T04:10:53.430Z] >>> Received Request: GET /wp-admin/setup-config.php from ::1
[2025-04-18T04:11:11.374Z] >>> Received Request: GET /wordpress/wp-admin/setup-config.php from ::1
[2025-04-18T04:28:07.245Z] >>> Received Request: GET /wordpress/wp-admin/setup-config.php from ::1
[2025-04-18T04:28:16.537Z] >>> Received Request: GET /wp-admin/setup-config.php from ::1
[2025-04-18T04:34:50.333Z] >>> Received Request: GET /.env from ::1
[2025-04-18T04:35:00.582Z] >>> Received Request: GET / from ::1
[2025-04-18T05:09:01.390Z] >>> Received Request: GET /api/workouts?year=2025&month=4 from ::1
[2025-04-18T05:09:02.085Z] >>> Received Request: GET /api/statistics/summary from ::1
[2025-04-18T05:09:33.882Z] >>> Received Request: POST /api/auth/login from ::1
[2025-04-18T05:09:36.217Z] >>> Received Request: GET /api/workouts?year=2025&month=4 from ::1
[2025-04-18T05:09:37.413Z] >>> Received Request: GET /api/statistics/summary from ::1
[2025-04-18T05:09:40.062Z] >>> Received Request: GET /api/profile/me from ::1
[2025-04-18T05:09:40.283Z] >>> Received Request: GET /api/statistics/summary from ::1
[2025-04-18T05:09:41.428Z] >>> Received Request: GET /api/statistics/detailed from ::1
[2025-04-18T05:09:43.910Z] >>> Received Request: GET /api/statistics/summary from ::1
[2025-04-18T05:09:44.911Z] >>> Received Request: GET /api/workouts/latestPlanned from ::1
[2025-04-18T05:17:52.099Z] >>> Received Request: POST /hello.world?%ADd+allow_url_include%3d1+%ADd+auto_prepend_file%3dphp://input from ::1
[2025-04-18T05:17:53.115Z] >>> Received Request: GET /vendor/phpunit/phpunit/src/Util/PHP/eval-stdin.php from ::1
[2025-04-18T05:17:53.990Z] >>> Received Request: GET /vendor/phpunit/phpunit/Util/PHP/eval-stdin.php from ::1
[2025-04-18T05:17:54.825Z] >>> Received Request: GET /vendor/phpunit/src/Util/PHP/eval-stdin.php from ::1
[2025-04-18T05:17:55.968Z] >>> Received Request: GET /vendor/phpunit/Util/PHP/eval-stdin.php from ::1
[2025-04-18T05:17:56.479Z] >>> Received Request: GET /vendor/phpunit/phpunit/LICENSE/eval-stdin.php from ::1
[2025-04-18T05:46:02.916Z] >>> Received Request: GET / from ::1
[2025-04-18T05:59:08.931Z] >>> Received Request: GET /api/machines/byTag/1D0B76D7061080 from ::1
[2025-04-18T05:59:12.511Z] >>> Received Request: GET /api/machines/byTag/1D0D76D7061080 from ::1
[2025-04-18T06:00:13.247Z] >>> Received Request: GET /api/workouts?year=2025&month=4 from ::1
[2025-04-18T06:00:22.678Z] >>> Received Request: GET /api/machines/byTag/1D0D76D7061080 from ::1
[2025-04-18T06:00:35.715Z] >>> Received Request: GET /api/workouts?year=2025&month=4 from ::1
[2025-04-18T06:00:36.854Z] >>> Received Request: GET /api/workouts/latestPlanned from ::1
[2025-04-18T06:00:37.945Z] >>> Received Request: GET /api/workouts?year=2025&month=4 from ::1
[2025-04-18T06:00:38.977Z] >>> Received Request: GET /api/workouts/latestPlanned from ::1
[2025-04-18T06:00:39.487Z] >>> Received Request: GET /api/workouts?year=2025&month=4 from ::1
[2025-04-18T06:00:48.788Z] >>> Received Request: GET /api/workouts/latestPlanned from ::1
[2025-04-18T06:00:49.981Z] >>> Received Request: GET /api/statistics/summary from ::1
[2025-04-18T06:00:50.472Z] >>> Received Request: GET /api/workouts/latestPlanned from ::1
[2025-04-18T06:08:49.396Z] >>> Received Request: GET /api/workouts?year=2025&month=4 from ::1
[2025-04-18T06:08:49.583Z] >>> Received Request: GET /api/workouts/latestPlanned from ::1
[2025-04-18T06:08:50.949Z] >>> Received Request: GET /api/workouts?year=2025&month=4 from ::1
[2025-04-18T06:08:52.673Z] >>> Received Request: GET /api/statistics/summary from ::1
[2025-04-18T06:09:04.156Z] >>> Received Request: POST /api/auth/login from ::1
[2025-04-18T06:09:09.865Z] >>> Received Request: GET /api/workouts?year=2025&month=4 from ::1
[2025-04-18T06:09:10.070Z] >>> Received Request: GET /api/statistics/summary from ::1
[2025-04-18T06:09:10.739Z] >>> Received Request: GET /api/workouts?year=2025&month=4 from ::1
[2025-04-18T06:09:11.499Z] >>> Received Request: GET /api/statistics/summary from ::1
[2025-04-18T06:14:35.788Z] >>> Received Request: GET /api/statistics/summary from ::1
[2025-04-18T06:14:36.164Z] >>> Received Request: GET /api/profile/me from ::1
[2025-04-18T06:14:36.423Z] >>> Received Request: GET /api/statistics/summary from ::1
[2025-04-18T06:24:50.783Z] >>> Received Request: GET /api/machines/byTag/1D0D76D7061080 from ::1
[2025-04-18T06:24:59.579Z] >>> Received Request: GET /api/machines/byTag/1D8774D7061080 from ::1
[2025-04-18T06:25:05.986Z] >>> Received Request: GET /api/workouts/latestPlanned from ::1
[2025-04-18T06:25:07.365Z] >>> Received Request: GET /api/workouts?year=2025&month=4 from ::1
[2025-04-18T06:25:35.608Z] >>> Received Request: GET /api/machines/byTag/1D0D76D7061080 from ::1
[2025-04-18T06:25:38.841Z] >>> Received Request: GET /api/statistics/summary from ::1
[2025-04-18T06:25:40.485Z] >>> Received Request: GET /owa/auth/logon.aspx from ::1
[2025-04-18T06:27:03.470Z] >>> Received Request: GET / from ::1
[2025-04-18T06:32:45.810Z] >>> Received Request: GET / from ::1
[2025-04-18T06:32:45.974Z] >>> Received Request: GET /favicon.ico from ::1
[2025-04-18T06:43:20.861Z] >>> Received Request: GET /api/statistics/summary from ::1
[2025-04-18T06:43:22.288Z] >>> Received Request: GET /api/profile/me from ::1
[2025-04-18T06:43:22.660Z] >>> Received Request: GET /api/statistics/summary from ::1
[2025-04-18T06:43:41.850Z] >>> Received Request: POST /api/auth/login from ::1
[2025-04-18T06:45:01.356Z] >>> Received Request: GET /api/workouts/latestPlanned from ::1
[2025-04-18T06:45:04.930Z] >>> Received Request: GET /api/workouts/latestPlanned from ::1
[2025-04-18T06:45:10.795Z] >>> Received Request: GET /api/workouts/latestPlanned from ::1
[2025-04-18T06:53:56.314Z] >>> Received Request: GET /api/machines/byTag/1D0D76D7061080 from ::1
[2025-04-18T06:53:58.917Z] >>> Received Request: POST /api/workouts/startExercise from ::1
[Start Exercise] Incremented scanCount for machine 67f9823f122a61c1e5d48d28
[2025-04-18T06:54:28.381Z] >>> Received Request: GET / from ::1
[2025-04-18T06:54:32.122Z] >>> Received Request: PUT /api/workouts/68016c147e953bc5fa082863/endExercise/4 from ::1
[2025-04-18T06:54:40.737Z] >>> Received Request: GET /api/machines/byTag/MACHINE_CC_01 from ::1
[2025-04-18T06:54:44.154Z] >>> Received Request: POST /api/workouts/startExercise from ::1
[Start Exercise] Incremented scanCount for machine 67fec5294d62fb7e24f57acd
[2025-04-18T06:54:47.417Z] >>> Received Request: PUT /api/workouts/68016c277e953bc5fa082876/endExercise/3 from ::1
[2025-04-18T06:54:48.739Z] >>> Received Request: GET /api/workouts?year=2025&month=4 from ::1
[2025-04-18T06:55:11.511Z] >>> Received Request: DELETE /api/workouts/68016c277e953bc5fa082876/exercises/6801f7347e953bc5fa0829d1 from ::1
[2025-04-18T06:55:30.158Z] >>> Received Request: GET /api/statistics/summary from ::1
[2025-04-18T06:55:35.594Z] >>> Received Request: GET /api/statistics/detailed from ::1
[2025-04-18T06:56:06.798Z] >>> Received Request: GET /api/statistics/summary from ::1
[2025-04-18T06:56:09.437Z] >>> Received Request: GET /api/profile/me from ::1
[2025-04-18T06:56:09.719Z] >>> Received Request: GET /api/statistics/summary from ::1
[2025-04-18T06:56:15.479Z] >>> Received Request: GET /api/gyms from ::1
[2025-04-18T06:56:50.084Z] >>> Received Request: POST /api/machines/register from ::1
[2025-04-18T06:57:02.185Z] >>> Received Request: GET /api/statistics/summary from ::1
[2025-04-18T06:57:05.221Z] >>> Received Request: GET /api/statistics/summary from ::1
[2025-04-18T06:57:12.017Z] >>> Received Request: GET /api/machines/byTag/1D0D76D7061080 from ::1
[2025-04-18T06:57:25.706Z] >>> Received Request: GET /api/statistics/summary from ::1
[2025-04-18T06:57:29.873Z] >>> Received Request: GET /api/profile/me from ::1
[2025-04-18T06:57:30.173Z] >>> Received Request: GET /api/gyms from ::1
[2025-04-18T06:57:37.526Z] >>> Received Request: GET /api/statistics/summary from ::1
[2025-04-18T06:57:38.150Z] >>> Received Request: GET /api/workouts/latestPlanned from ::1
[2025-04-18T06:57:51.127Z] >>> Received Request: POST /api/workouts/generate from ::1
[Generate V4] User Prefs - Type: Any, Focus: Auto, Num: 4, Reps: 8-12
[Generate V4] Using least recent group: Legs
[Generate V4] Aiming for up to 2 primary (Legs) and 2 secondary (Abs) exercises.
[Generate V4] Found 3 available primary, 2 secondary machines.
[Generate V4] Selected 4 exercises for the plan.
[Generate V4] Saved generated planned workout 6801f7ef7e953bc5fa0829f7.
[2025-04-18T06:58:16.684Z] >>> Received Request: POST /api/workouts/generateAI from ::1
[Generate AI V3] Found 10 recent completed workouts for history.
[Generate AI] Sending prompt to Gemini...
[Generate AI] Received raw text response from Gemini: ```json
[
  {
    "exerciseName": "Leg Press Machine",
    "exerciseType": "Strength",
    "trainedMuscle": "Legs",
    "repetitions": 10,
    "weight": 60,
    "weightUnit": "kg"
  },
  {
    "exerciseName": "Dumbbell Area (Select Exercise)",
    "exerciseType": "Strength",
    "trainedMuscle": "Shoulders",
    "repetitions": 12,
    "weight": 10,
    "weightUnit": "kg"
  },
  {
    "exerciseName": "Bicep Curl Machine",
    "exerciseType": "Strength",
    "trainedMuscle": "Biceps",
    "repetitions": 10,
    "weight": 15,
    "weightUnit": "kg"
  },
  {
    "exerciseName": "Triceps Extension Machine",
    "exerciseType": "Strength",
    "trainedMuscle": "Triceps",
    "repetitions": 12,
    "weight": 15,
    "weightUnit": "kg"
  }
]
```

[Generate AI] Extracted JSON block using regex (length 735):
[Generate AI] Attempting JSON.parse on extracted string between >>> <<<:
>>>[
  {
    "exerciseName": "Leg Press Machine",
    "exerciseType": "Strength",
    "trainedMuscle": "Legs",
    "repetitions": 10,
    "weight": 60,
    "weightUnit": "kg"
  },
  {
    "exerciseName": "Dumbbell Area (Select Exercise)",
    "exerciseType": "Strength",
    "trainedMuscle": "Shoulders",
    "repetitions": 12,
    "weight": 10,
    "weightUnit": "kg"
  },
  {
    "exerciseName": "Bicep Curl Machine",
    "exerciseType": "Strength",
    "trainedMuscle": "Biceps",
    "repetitions": 10,
    "weight": 15,
    "weightUnit": "kg"
  },
  {
    "exerciseName": "Triceps Extension Machine",
    "exerciseType": "Strength",
    "trainedMuscle": "Triceps",
    "repetitions": 12,
    "weight": 15,
    "weightUnit": "kg"
  }
]<<<
[Generate AI] Parsed 4 exercises successfully.
[Generate AI] Saved AI planned workout 6801f80a7e953bc5fa082a01 with 4 exercises.
[2025-04-18T06:58:26.012Z] >>> Received Request: POST /api/workouts/generate from ::1
[Generate V4] User Prefs - Type: Any, Focus: Auto, Num: 4, Reps: 8-12
[Generate V4] Using least recent group: Legs
[Generate V4] Aiming for up to 2 primary (Legs) and 2 secondary (Abs) exercises.
[Generate V4] Found 3 available primary, 2 secondary machines.
[Generate V4] Selected 4 exercises for the plan.
[Generate V4] Saved generated planned workout 6801f8127e953bc5fa082a0b.
[2025-04-18T06:59:44.979Z] >>> Received Request: GET /api/statistics/summary from ::1
[2025-04-18T06:59:46.653Z] >>> Received Request: GET /api/profile/me from ::1
[2025-04-18T06:59:46.922Z] >>> Received Request: GET /api/gyms from ::1
[2025-04-18T07:00:01.090Z] >>> Received Request: GET /api/statistics/summary from ::1
[2025-04-18T07:00:03.662Z] >>> Received Request: GET /api/workouts/latestPlanned from ::1
[2025-04-18T07:00:17.362Z] >>> Received Request: GET /api/statistics/summary from ::1
[2025-04-18T07:01:55.933Z] >>> Received Request: GET /api/profile/me from ::1
[2025-04-18T07:01:56.192Z] >>> Received Request: GET /api/statistics/summary from ::1
[2025-04-18T07:02:02.464Z] >>> Received Request: GET /api/workouts?year=2025&month=4 from ::1
[2025-04-18T07:02:27.840Z] >>> Received Request: GET /api/statistics/summary from ::1
[2025-04-18T07:03:25.526Z] >>> Received Request: GET /api/workouts?year=2025&month=4 from ::1
[2025-04-18T07:18:23.053Z] >>> Received Request: GET / from ::1
[2025-04-18T07:30:26.815Z] >>> Received Request: GET / from ::1
[2025-04-18T07:30:26.956Z] >>> Received Request: GET / from ::1
[2025-04-18T07:30:27.133Z] >>> Received Request: GET /favicon.ico from ::1
[2025-04-18T07:30:47.198Z] >>> Received Request: GET / from ::1
[2025-04-18T07:30:47.318Z] >>> Received Request: GET / from ::1
[2025-04-18T07:52:14.564Z] >>> Received Request: GET / from ::1
[2025-04-18T07:56:33.925Z] >>> Received Request: GET /.env from ::1
[2025-04-18T08:49:48.895Z] >>> Received Request: GET / from ::1
[2025-04-18T09:58:31.835Z] >>> Received Request: GET / from ::1
[2025-04-18T10:28:05.718Z] >>> Received Request: GET /aaa9 from ::1
[2025-04-18T10:28:05.912Z] >>> Received Request: GET /aab9 from ::1
[2025-04-18T10:28:29.165Z] >>> Received Request: GET /aaa9 from ::1
[2025-04-18T10:28:29.356Z] >>> Received Request: GET /aab9 from ::1
[2025-04-18T10:49:35.967Z] >>> Received Request: GET /wp-admin/setup-config.php from ::1
[2025-04-18T10:53:00.991Z] >>> Received Request: GET /wordpress/wp-admin/setup-config.php from ::1
[2025-04-18T10:53:28.627Z] >>> Received Request: GET /owa/auth/x.js from ::1
[2025-04-18T11:07:46.693Z] >>> Received Request: GET /wordpress/wp-admin/setup-config.php from ::1
[2025-04-18T11:10:56.789Z] >>> Received Request: GET /wp-admin/setup-config.php from ::1
[2025-04-18T11:26:06.078Z] >>> Received Request: GET / from ::1
[2025-04-18T11:29:55.483Z] >>> Received Request: GET /wordpress/wp-admin/setup-config.php from ::1
[2025-04-18T11:31:22.250Z] >>> Received Request: GET /wp-admin/setup-config.php from ::1
[2025-04-18T11:49:52.684Z] >>> Received Request: GET /wp-admin/setup-config.php from ::1
[2025-04-18T11:51:44.638Z] >>> Received Request: GET /wordpress/wp-admin/setup-config.php from ::1
[2025-04-18T12:06:48.811Z] >>> Received Request: GET / from ::1
[2025-04-18T12:11:33.039Z] >>> Received Request: GET /wp-admin/setup-config.php from ::1
[2025-04-18T12:11:52.415Z] >>> Received Request: GET /wordpress/wp-admin/setup-config.php from ::1
[2025-04-18T12:12:39.113Z] >>> Received Request: GET /favicon.ico from ::1
[2025-04-18T12:13:38.652Z] >>> Received Request: GET / from ::1
[2025-04-18T12:22:30.295Z] >>> Received Request: GET /geoserver/web/ from ::1
[2025-04-18T12:24:32.088Z] >>> Received Request: GET /.git/config from ::1
[2025-04-18T12:29:24.981Z] >>> Received Request: GET /wordpress/wp-admin/setup-config.php from ::1
[2025-04-18T12:29:29.502Z] >>> Received Request: GET /wp-admin/setup-config.php from ::1
[2025-04-18T12:37:05.180Z] >>> Received Request: GET /ab2g from ::1
[2025-04-18T12:37:05.706Z] >>> Received Request: GET /ab2h from ::1
[2025-04-18T12:37:06.217Z] >>> Received Request: GET /alive.php from ::1
[2025-04-18T12:37:09.408Z] >>> Received Request: GET / from ::1
[2025-04-18T12:37:10.097Z] >>> Received Request: GET /t4 from ::1
[2025-04-18T12:37:10.784Z] >>> Received Request: GET /favicon.ico from ::1
[2025-04-18T12:37:11.289Z] >>> Received Request: GET / from ::1
[2025-04-18T12:37:11.734Z] >>> Received Request: GET /teorema505?t=1 from ::1
[2025-04-18T12:53:10.207Z] >>> Received Request: GET /wordpress/wp-admin/setup-config.php from ::1
[2025-04-18T12:54:37.930Z] >>> Received Request: GET /wp-admin/setup-config.php from ::1
[2025-04-18T13:12:38.098Z] >>> Received Request: GET /wp-admin/setup-config.php from ::1
[2025-04-18T13:13:21.120Z] >>> Received Request: GET /wordpress/wp-admin/setup-config.php from ::1
[2025-04-18T13:28:13.230Z] >>> Received Request: GET /wp-admin/setup-config.php from ::1
[2025-04-18T13:31:57.122Z] >>> Received Request: GET /wordpress/wp-admin/setup-config.php from ::1
[2025-04-18T13:47:42.672Z] >>> Received Request: GET /wp-admin/setup-config.php from ::1
[2025-04-18T13:50:05.642Z] >>> Received Request: GET /wordpress/wp-admin/setup-config.php from ::1
[2025-04-18T14:08:51.666Z] >>> Received Request: GET /wordpress/wp-admin/setup-config.php from ::1
[2025-04-18T14:09:21.208Z] >>> Received Request: GET / from ::1
[2025-04-18T14:09:25.940Z] >>> Received Request: GET /favicon.ico from ::1
[2025-04-18T14:09:36.991Z] >>> Received Request: GET /wp-admin/setup-config.php from ::1
[2025-04-18T14:26:50.822Z] >>> Received Request: GET /wordpress/wp-admin/setup-config.php from ::1
[2025-04-18T14:28:07.276Z] >>> Received Request: GET /wp-admin/setup-config.php from ::1
[2025-04-18T14:48:05.458Z] >>> Received Request: GET /wp-admin/setup-config.php from ::1
[2025-04-18T14:49:54.566Z] >>> Received Request: GET /wordpress/wp-admin/setup-config.php from ::1
[2025-04-18T15:08:20.780Z] >>> Received Request: GET /wordpress/wp-admin/setup-config.php from ::1
[2025-04-18T15:09:46.887Z] >>> Received Request: GET /wp-admin/setup-config.php from ::1
[2025-04-18T15:15:05.279Z] >>> Received Request: GET /.env from ::1
[2025-04-18T15:15:06.082Z] >>> Received Request: GET /conf/config.ini from ::1
[2025-04-18T15:15:06.857Z] >>> Received Request: GET /config/cache.php from ::1
[2025-04-18T15:15:07.078Z] >>> Received Request: GET /develop/info.php from ::1
[2025-04-18T15:15:07.482Z] >>> Received Request: GET /admin/info.php from ::1
[2025-04-18T15:15:08.281Z] >>> Received Request: GET /api/phpinfo.php from ::1
[2025-04-18T15:15:08.970Z] >>> Received Request: GET /config.yml from ::1
[2025-04-18T15:15:09.612Z] >>> Received Request: GET /configure.php.bak from ::1
[2025-04-18T15:15:10.545Z] >>> Received Request: GET /config.ini.bak from ::1
[2025-04-18T15:15:11.257Z] >>> Received Request: GET /dashboard/phpinfo.php from ::1
[2025-04-18T15:15:11.773Z] >>> Received Request: GET /crm/.env.production from ::1
[2025-04-18T15:15:13.078Z] >>> Received Request: GET /config.php from ::1
[2025-04-18T15:15:14.240Z] >>> Received Request: GET /development.ini from ::1
[2025-04-18T15:15:15.217Z] >>> Received Request: GET /dashboard/info.php from ::1
[2025-04-18T15:15:15.924Z] >>> Received Request: GET /config.js from ::1
[2025-04-18T15:15:16.183Z] >>> Received Request: GET /admin/phpinfo.php from ::1
[2025-04-18T15:15:16.967Z] >>> Received Request: GET /configuration.yaml from ::1
[2025-04-18T15:15:17.397Z] >>> Received Request: GET /connectionstrings.json from ::1
[2025-04-18T15:15:17.704Z] >>> Received Request: GET /deploy.php from ::1
[2025-04-18T15:15:18.265Z] >>> Received Request: GET /connectionstrings.xml from ::1
[2025-04-18T15:15:19.085Z] >>> Received Request: GET /a.php from ::1
[2025-04-18T15:15:19.568Z] >>> Received Request: GET /application.properties from ::1
[2025-04-18T15:15:20.331Z] >>> Received Request: GET /docker-compose.yml from ::1
[2025-04-18T15:15:20.678Z] >>> Received Request: GET /config.php.bak from ::1
[2025-04-18T15:15:21.498Z] >>> Received Request: GET /database.cfg from ::1
[2025-04-18T15:15:22.340Z] >>> Received Request: GET /debug/default from ::1
[2025-04-18T15:15:23.083Z] >>> Received Request: GET /database.php from ::1
[2025-04-18T15:15:23.610Z] >>> Received Request: GET /administrator/phpinfo.php from ::1
[2025-04-18T15:15:24.585Z] >>> Received Request: GET /config/getuser?index=0 from ::1
[2025-04-18T15:15:24.875Z] >>> Received Request: GET /application.ini from ::1
[2025-04-18T15:25:44.789Z] >>> Received Request: GET /wordpress/wp-admin/setup-config.php from ::1
[2025-04-18T15:27:28.586Z] >>> Received Request: GET /wp-admin/setup-config.php from ::1
[2025-04-18T15:42:15.638Z] >>> Received Request: GET / from ::1
[2025-04-18T15:46:47.220Z] >>> Received Request: GET /wordpress/wp-admin/setup-config.php from ::1
[2025-04-18T15:47:14.568Z] >>> Received Request: GET /wp-admin/setup-config.php from ::1
[2025-04-18T15:56:24.355Z] >>> Received Request: GET /.env from ::1
[2025-04-18T15:56:26.031Z] >>> Received Request: GET /.git/config from ::1
[2025-04-18T15:59:07.002Z] >>> Received Request: GET / from ::1
[2025-04-18T16:03:53.503Z] >>> Received Request: GET /wordpress/wp-admin/setup-config.php from ::1
[2025-04-18T16:04:59.977Z] >>> Received Request: GET /wp-admin/setup-config.php from ::1
[2025-04-18T16:22:09.380Z] >>> Received Request: POST /hello.world?%ADd+allow_url_include%3d1+%ADd+auto_prepend_file%3dphp://input from ::1
[2025-04-18T16:22:09.562Z] >>> Received Request: GET /vendor/phpunit/phpunit/src/Util/PHP/eval-stdin.php from ::1
[2025-04-18T16:22:10.213Z] >>> Received Request: GET /vendor/phpunit/phpunit/Util/PHP/eval-stdin.php from ::1
[2025-04-18T16:22:10.393Z] >>> Received Request: GET /vendor/phpunit/src/Util/PHP/eval-stdin.php from ::1
[2025-04-18T16:22:10.571Z] >>> Received Request: GET /vendor/phpunit/Util/PHP/eval-stdin.php from ::1
[2025-04-18T16:22:10.749Z] >>> Received Request: GET /vendor/phpunit/phpunit/LICENSE/eval-stdin.php from ::1
[2025-04-18T16:22:10.930Z] >>> Received Request: GET /vendor/vendor/phpunit/phpunit/src/Util/PHP/eval-stdin.php from ::1
[2025-04-18T16:22:11.107Z] >>> Received Request: GET /phpunit/phpunit/src/Util/PHP/eval-stdin.php from ::1
[2025-04-18T16:22:11.287Z] >>> Received Request: GET /phpunit/phpunit/Util/PHP/eval-stdin.php from ::1
[2025-04-18T16:22:14.692Z] >>> Received Request: GET /phpunit/src/Util/PHP/eval-stdin.php from ::1
[2025-04-18T16:22:14.870Z] >>> Received Request: GET /phpunit/Util/PHP/eval-stdin.php from ::1
[2025-04-18T16:22:15.048Z] >>> Received Request: GET /lib/phpunit/phpunit/src/Util/PHP/eval-stdin.php from ::1
[2025-04-18T16:22:15.226Z] >>> Received Request: GET /lib/phpunit/phpunit/Util/PHP/eval-stdin.php from ::1
[2025-04-18T16:22:15.403Z] >>> Received Request: GET /lib/phpunit/src/Util/PHP/eval-stdin.php from ::1
[2025-04-18T16:22:15.581Z] >>> Received Request: GET /lib/phpunit/Util/PHP/eval-stdin.php from ::1
[2025-04-18T16:22:15.759Z] >>> Received Request: GET /lib/vendor/phpunit/phpunit/src/Util/PHP/eval-stdin.php from ::1
[2025-04-18T16:22:15.937Z] >>> Received Request: GET /laravel/vendor/phpunit/phpunit/src/Util/PHP/eval-stdin.php from ::1
[2025-04-18T16:22:16.116Z] >>> Received Request: GET /www/vendor/phpunit/phpunit/src/Util/PHP/eval-stdin.php from ::1
[2025-04-18T16:22:16.296Z] >>> Received Request: GET /ws/vendor/phpunit/phpunit/src/Util/PHP/eval-stdin.php from ::1
[2025-04-18T16:22:16.473Z] >>> Received Request: GET /yii/vendor/phpunit/phpunit/src/Util/PHP/eval-stdin.php from ::1
[2025-04-18T16:22:16.651Z] >>> Received Request: GET /zend/vendor/phpunit/phpunit/src/Util/PHP/eval-stdin.php from ::1
[2025-04-18T16:22:16.832Z] >>> Received Request: GET /ws/ec/vendor/phpunit/phpunit/src/Util/PHP/eval-stdin.php from ::1
[2025-04-18T16:22:17.011Z] >>> Received Request: GET /V2/vendor/phpunit/phpunit/src/Util/PHP/eval-stdin.php from ::1
[2025-04-18T16:22:17.189Z] >>> Received Request: GET /tests/vendor/phpunit/phpunit/src/Util/PHP/eval-stdin.php from ::1
[2025-04-18T16:22:17.367Z] >>> Received Request: GET /test/vendor/phpunit/phpunit/src/Util/PHP/eval-stdin.php from ::1
[2025-04-18T16:22:17.544Z] >>> Received Request: GET /testing/vendor/phpunit/phpunit/src/Util/PHP/eval-stdin.php from ::1
[2025-04-18T16:22:17.721Z] >>> Received Request: GET /api/vendor/phpunit/phpunit/src/Util/PHP/eval-stdin.php from ::1
[2025-04-18T16:22:17.900Z] >>> Received Request: GET /demo/vendor/phpunit/phpunit/src/Util/PHP/eval-stdin.php from ::1
[2025-04-18T16:22:18.077Z] >>> Received Request: GET /cms/vendor/phpunit/phpunit/src/Util/PHP/eval-stdin.php from ::1
[2025-04-18T16:22:18.254Z] >>> Received Request: GET /crm/vendor/phpunit/phpunit/src/Util/PHP/eval-stdin.php from ::1
[2025-04-18T16:22:18.430Z] >>> Received Request: GET /admin/vendor/phpunit/phpunit/src/Util/PHP/eval-stdin.php from ::1
[2025-04-18T16:22:18.607Z] >>> Received Request: GET /backup/vendor/phpunit/phpunit/src/Util/PHP/eval-stdin.php from ::1
[2025-04-18T16:22:18.784Z] >>> Received Request: GET /blog/vendor/phpunit/phpunit/src/Util/PHP/eval-stdin.php from ::1
[2025-04-18T16:22:18.963Z] >>> Received Request: GET /workspace/drupal/vendor/phpunit/phpunit/src/Util/PHP/eval-stdin.php from ::1
[2025-04-18T16:22:19.143Z] >>> Received Request: GET /panel/vendor/phpunit/phpunit/src/Util/PHP/eval-stdin.php from ::1
[2025-04-18T16:22:19.320Z] >>> Received Request: GET /public/vendor/phpunit/phpunit/src/Util/PHP/eval-stdin.php from ::1
[2025-04-18T16:22:19.498Z] >>> Received Request: GET /apps/vendor/phpunit/phpunit/src/Util/PHP/eval-stdin.php from ::1
[2025-04-18T16:22:19.675Z] >>> Received Request: GET /app/vendor/phpunit/phpunit/src/Util/PHP/eval-stdin.php from ::1
[2025-04-18T16:22:19.852Z] >>> Received Request: GET /index.php?s=/index/\think\app/invokefunction&function=call_user_func_array&vars[0]=md5&vars[1][]=Hello from ::1
[2025-04-18T16:22:20.029Z] >>> Received Request: GET /public/index.php?s=/index/\think\app/invokefunction&function=call_user_func_array&vars[0]=md5&vars[1][]=Hello from ::1
[2025-04-18T16:22:20.207Z] >>> Received Request: GET /index.php?lang=../../../../../../../../usr/local/lib/php/pearcmd&+config-create+/&/<?echo(md5("hi"));?>+/tmp/index1.php from ::1
[2025-04-18T16:22:20.383Z] >>> Received Request: GET /index.php?lang=../../../../../../../../tmp/index1 from ::1
[2025-04-18T16:22:20.560Z] >>> Received Request: GET /containers/json from ::1
[2025-04-18T16:23:59.701Z] >>> Received Request: GET /wp-admin/setup-config.php from ::1
[2025-04-18T16:25:26.332Z] >>> Received Request: GET /wordpress/wp-admin/setup-config.php from ::1
[2025-04-18T16:40:39.517Z] >>> Received Request: GET /wordpress/wp-admin/setup-config.php from ::1
[2025-04-18T16:42:52.800Z] >>> Received Request: GET /wp-admin/setup-config.php from ::1
[2025-04-18T16:58:20.364Z] >>> Received Request: GET /wordpress/wp-admin/setup-config.php from ::1
[2025-04-18T17:01:00.830Z] >>> Received Request: GET /wp-admin/setup-config.php from ::1
[2025-04-18T17:16:59.147Z] >>> Received Request: GET /wordpress/wp-admin/setup-config.php from ::1
[2025-04-18T17:17:37.567Z] >>> Received Request: GET /wp-admin/setup-config.php from ::1
[2025-04-18T17:34:36.135Z] >>> Received Request: GET /wp-admin/setup-config.php from ::1
[2025-04-18T17:35:52.303Z] >>> Received Request: GET /wordpress/wp-admin/setup-config.php from ::1
[2025-04-18T17:46:18.266Z] >>> Received Request: GET / from ::1
[2025-04-18T17:46:27.879Z] >>> Received Request: GET /favicon.ico from ::1
[2025-04-18T17:54:35.891Z] >>> Received Request: GET /wp-admin/setup-config.php from ::1
[2025-04-18T17:55:56.559Z] >>> Received Request: GET /wordpress/wp-admin/setup-config.php from ::1
[2025-04-18T18:10:27.390Z] >>> Received Request: GET /wp-admin/setup-config.php from ::1
[2025-04-18T18:11:47.097Z] >>> Received Request: GET /wordpress/wp-admin/setup-config.php from ::1
[2025-04-18T18:27:26.451Z] >>> Received Request: POST /dns-query from ::1
[2025-04-18T18:30:46.053Z] >>> Received Request: GET /wordpress/wp-admin/setup-config.php from ::1
[2025-04-18T18:32:11.024Z] >>> Received Request: GET /wp-admin/setup-config.php from ::1
[2025-04-18T18:37:26.076Z] >>> Received Request: GET /dns-query?dns=m-oBAAABAAAAAAAABmdvb2dsZQNjb20AAAEAAQ from ::1
[2025-04-18T18:48:50.369Z] >>> Received Request: GET /wordpress/wp-admin/setup-config.php from ::1
[2025-04-18T18:49:43.525Z] >>> Received Request: GET /wp-admin/setup-config.php from ::1
[2025-04-18T19:04:38.883Z] >>> Received Request: GET /wordpress/wp-admin/setup-config.php from ::1
[2025-04-18T19:07:17.524Z] >>> Received Request: GET /wp-admin/setup-config.php from ::1
[2025-04-18T19:10:53.515Z] >>> Received Request: GET / from ::1
[2025-04-18T19:11:39.295Z] >>> Received Request: GET / from ::1
[2025-04-18T19:25:09.497Z] >>> Received Request: GET /wp-admin/setup-config.php from ::1
[2025-04-18T19:27:07.178Z] >>> Received Request: POST /portal from ::1
[2025-04-18T19:28:13.326Z] >>> Received Request: GET /wordpress/wp-admin/setup-config.php from ::1
[2025-04-18T19:39:38.563Z] >>> Received Request: GET /5/success.html?id=130&firstname=%d0%90%d1%85%d0%bc%d0%b5%d0%b4%d0%be%d0%b2&lastname=%d0%91%d0%be%d0%b1%d1%83%d1%80&phone=79779859191 from ::1
[2025-04-18T19:46:21.419Z] >>> Received Request: GET /wp-admin/setup-config.php from ::1
[2025-04-18T19:47:36.634Z] >>> Received Request: GET /wordpress/wp-admin/setup-config.php from ::1
[2025-04-18T19:53:27.274Z] >>> Received Request: GET / from ::1
[2025-04-18T20:06:52.018Z] >>> Received Request: GET /RDWeb/Pages/en-US/login.aspx from ::1
[2025-04-18T20:07:14.784Z] >>> Received Request: GET /wordpress/wp-admin/setup-config.php from ::1
[2025-04-18T20:09:40.859Z] >>> Received Request: GET / from ::1
[2025-04-18T20:10:19.398Z] >>> Received Request: GET /wp-admin/setup-config.php from ::1
[2025-04-18T20:25:11.345Z] >>> Received Request: GET /wordpress/wp-admin/setup-config.php from ::1
[2025-04-18T20:25:15.844Z] >>> Received Request: GET /wp-admin/setup-config.php from ::1
[2025-04-18T20:34:42.501Z] >>> Received Request: GET / from ::1
[2025-04-18T20:43:03.868Z] >>> Received Request: GET /wp-admin/setup-config.php from ::1
[2025-04-18T20:43:42.488Z] >>> Received Request: GET /wordpress/wp-admin/setup-config.php from ::1
[2025-04-18T20:59:35.551Z] >>> Received Request: GET / from ::1
[2025-04-18T21:01:42.553Z] >>> Received Request: GET /wp-admin/setup-config.php from ::1
[2025-04-18T21:02:25.826Z] >>> Received Request: GET /wordpress/wp-admin/setup-config.php from ::1
[2025-04-18T21:13:38.181Z] >>> Received Request: GET /robots.txt from ::1
[2025-04-18T21:13:38.528Z] >>> Received Request: GET /ads.txt from ::1
[2025-04-18T21:20:09.817Z] >>> Received Request: GET /wp-admin/setup-config.php from ::1
[2025-04-18T21:20:29.094Z] >>> Received Request: GET /wordpress/wp-admin/setup-config.php from ::1
[2025-04-18T21:38:06.674Z] >>> Received Request: GET /wordpress/wp-admin/setup-config.php from ::1
[2025-04-18T21:42:08.534Z] >>> Received Request: GET /wp-admin/setup-config.php from ::1
[2025-04-18T22:01:10.954Z] >>> Received Request: GET /wp-admin/setup-config.php from ::1
[2025-04-18T22:03:26.596Z] >>> Received Request: GET /wordpress/wp-admin/setup-config.php from ::1
[2025-04-18T22:20:29.687Z] >>> Received Request: GET /wordpress/wp-admin/setup-config.php from ::1
[2025-04-18T22:22:32.168Z] >>> Received Request: GET /wp-admin/setup-config.php from ::1
[2025-04-18T22:38:43.027Z] >>> Received Request: GET /wordpress/wp-admin/setup-config.php from ::1
[2025-04-18T22:40:45.539Z] >>> Received Request: GET /wp-admin/setup-config.php from ::1
[2025-04-18T23:20:52.365Z] >>> Received Request: GET /wordpress/wp-admin/setup-config.php from ::1
[2025-04-18T23:21:31.830Z] >>> Received Request: GET /wp-admin/setup-config.php from ::1
[2025-04-18T23:34:36.040Z] >>> Received Request: GET /wp-admin/setup-config.php from ::1
[2025-04-18T23:37:11.743Z] >>> Received Request: GET /wordpress/wp-admin/setup-config.php from ::1
[2025-04-18T23:55:58.656Z] >>> Received Request: GET /wordpress/wp-admin/setup-config.php from ::1
[2025-04-18T23:56:39.939Z] >>> Received Request: GET /wp-admin/setup-config.php from ::1
[2025-04-19T00:13:31.429Z] >>> Received Request: GET /wordpress/wp-admin/setup-config.php from ::1
[2025-04-19T00:14:46.763Z] >>> Received Request: GET /wp-admin/setup-config.php from ::1
[2025-04-19T00:19:37.372Z] >>> Received Request: PROPFIND / from ::1
[2025-04-19T00:28:56.364Z] >>> Received Request: GET /wp-admin/setup-config.php from ::1
[2025-04-19T00:30:33.481Z] >>> Received Request: GET /wordpress/wp-admin/setup-config.php from ::1
[2025-04-19T00:47:22.032Z] >>> Received Request: GET /article/stalo-izvestno-pochemu-efremova-tajno-vyvezli-iz-kolonii-5959?utm_source=adwile_prem&utm_campaign=5959&utm_medium=4&utm_content=7458073&utm_term=56733&sub1=17734&sub2=&sub3=&bb=0&full=1 from ::1
[2025-04-19T00:47:47.902Z] >>> Received Request: GET /wp-admin/setup-config.php from ::1
[2025-04-19T00:50:07.988Z] >>> Received Request: GET /wordpress/wp-admin/setup-config.php from ::1
[2025-04-19T00:50:41.079Z] >>> Received Request: GET /wordpress/wp-admin/setup-config.php from ::1
[2025-04-19T01:05:29.532Z] >>> Received Request: GET /wordpress/wp-admin/setup-config.php from ::1
[2025-04-19T01:05:44.105Z] >>> Received Request: GET /wp-admin/setup-config.php from ::1
[2025-04-19T01:13:32.952Z] >>> Received Request: GET / from ::1
[2025-04-19T01:19:14.060Z] >>> Received Request: GET /robots.txt from ::1
[2025-04-19T01:19:14.585Z] >>> Received Request: GET / from ::1
[2025-04-19T01:19:16.093Z] >>> Received Request: GET / from ::1
[2025-04-19T01:22:07.562Z] >>> Received Request: GET /wordpress/wp-admin/setup-config.php from ::1
[2025-04-19T01:24:26.610Z] >>> Received Request: GET /wp-admin/setup-config.php from ::1
[2025-04-19T01:24:48.037Z] >>> Received Request: GET / from ::1
[2025-04-19T01:28:21.674Z] >>> Received Request: GET /favicon.ico from ::1
[2025-04-19T01:34:55.119Z] >>> Received Request: GET / from ::1
[2025-04-19T01:40:16.529Z] >>> Received Request: GET /wordpress/wp-admin/setup-config.php from ::1
[2025-04-19T01:40:16.598Z] >>> Received Request: GET /wp-admin/setup-config.php from ::1
[2025-04-19T01:56:57.077Z] >>> Received Request: GET /wordpress/wp-admin/setup-config.php from ::1
[2025-04-19T01:57:02.103Z] >>> Received Request: GET /wp-admin/setup-config.php from ::1
[2025-04-19T02:13:42.845Z] >>> Received Request: GET /wordpress/wp-admin/setup-config.php from ::1
[2025-04-19T02:15:27.164Z] >>> Received Request: GET /wp-admin/setup-config.php from ::1
[2025-04-19T02:32:25.889Z] >>> Received Request: GET /wordpress/wp-admin/setup-config.php from ::1
[2025-04-19T02:34:16.090Z] >>> Received Request: GET /wp-admin/setup-config.php from ::1
[2025-04-19T02:53:03.150Z] >>> Received Request: GET /wordpress/wp-admin/setup-config.php from ::1
[2025-04-19T02:53:22.443Z] >>> Received Request: GET /wp-admin/setup-config.php from ::1
[2025-04-19T03:11:00.538Z] >>> Received Request: GET /wordpress/wp-admin/setup-config.php from ::1
[2025-04-19T03:11:21.137Z] >>> Received Request: GET /wp-admin/setup-config.php from ::1
[2025-04-19T03:26:08.768Z] >>> Received Request: GET /wp-admin/setup-config.php from ::1
[2025-04-19T03:27:37.407Z] >>> Received Request: GET /wordpress/wp-admin/setup-config.php from ::1
[2025-04-19T03:44:50.520Z] >>> Received Request: GET /wp-admin/setup-config.php from ::1
[2025-04-19T03:46:14.025Z] >>> Received Request: GET /version from ::1
[2025-04-19T03:46:29.265Z] >>> Received Request: GET /wordpress/wp-admin/setup-config.php from ::1
[2025-04-19T03:57:18.485Z] >>> Received Request: GET / from ::1
[2025-04-19T03:58:44.256Z] >>> Received Request: GET /.env from ::1
[2025-04-19T03:58:45.717Z] >>> Received Request: GET /.git/config from ::1
[2025-04-19T04:01:04.017Z] >>> Received Request: GET /wordpress/wp-admin/setup-config.php from ::1
[2025-04-19T04:03:08.561Z] >>> Received Request: GET /wp-admin/setup-config.php from ::1
[2025-04-19T04:07:10.946Z] >>> Received Request: GET /robots.txt from ::1
[2025-04-19T04:07:11.068Z] >>> Received Request: GET / from ::1
[2025-04-19T04:20:55.391Z] >>> Received Request: GET /wp-admin/setup-config.php from ::1
[2025-04-19T04:22:31.205Z] >>> Received Request: GET /wordpress/wp-admin/setup-config.php from ::1
[2025-04-19T04:35:40.655Z] >>> Received Request: GET /wordpress/wp-admin/setup-config.php from ::1
[2025-04-19T04:39:21.788Z] >>> Received Request: GET /wp-admin/setup-config.php from ::1
[2025-04-19T04:54:45.747Z] >>> Received Request: GET /wp-admin/setup-config.php from ::1
[2025-04-19T04:55:00.129Z] >>> Received Request: GET /wordpress/wp-admin/setup-config.php from ::1
[2025-04-19T05:11:01.967Z] >>> Received Request: GET /wp-admin/setup-config.php from ::1
[2025-04-19T05:13:42.740Z] >>> Received Request: GET /wordpress/wp-admin/setup-config.php from ::1
[2025-04-19T05:33:50.707Z] >>> Received Request: GET /wp-admin/setup-config.php from ::1
[2025-04-19T05:34:14.047Z] >>> Received Request: GET /wordpress/wp-admin/setup-config.php from ::1
[2025-04-19T05:50:19.324Z] >>> Received Request: GET /wordpress/wp-admin/setup-config.php from ::1
[2025-04-19T05:53:33.223Z] >>> Received Request: GET /wp-admin/setup-config.php from ::1
[2025-04-19T06:10:35.199Z] >>> Received Request: GET /wp-admin/setup-config.php from ::1
[2025-04-19T06:10:40.063Z] >>> Received Request: GET /wordpress/wp-admin/setup-config.php from ::1
[2025-04-19T06:28:11.235Z] >>> Received Request: GET /wordpress/wp-admin/setup-config.php from ::1
[2025-04-19T06:31:19.400Z] >>> Received Request: GET /wp-admin/setup-config.php from ::1
[2025-04-19T06:40:49.648Z] >>> Received Request: GET / from ::1
[2025-04-19T06:46:06.448Z] >>> Received Request: GET /wp-admin/setup-config.php from ::1
[2025-04-19T06:46:49.767Z] >>> Received Request: GET /wordpress/wp-admin/setup-config.php from ::1
[2025-04-19T07:05:02.056Z] >>> Received Request: GET /wordpress/wp-admin/setup-config.php from ::1
[2025-04-19T07:06:44.757Z] >>> Received Request: GET /wp-admin/setup-config.php from ::1
[2025-04-19T07:06:51.254Z] >>> Received Request: GET /.env from ::1
[2025-04-19T07:22:18.211Z] >>> Received Request: GET /wp-admin/setup-config.php from ::1
[2025-04-19T07:23:20.236Z] >>> Received Request: GET /wordpress/wp-admin/setup-config.php from ::1
[2025-04-19T07:39:53.221Z] >>> Received Request: GET /wordpress/wp-admin/setup-config.php from ::1
[2025-04-19T07:42:53.995Z] >>> Received Request: GET /wp-admin/setup-config.php from ::1
[2025-04-19T07:56:37.336Z] >>> Received Request: GET / from ::1
[2025-04-19T07:57:22.602Z] >>> Received Request: GET /wordpress/wp-admin/setup-config.php from ::1
[2025-04-19T07:57:59.999Z] >>> Received Request: GET /wp-admin/setup-config.php from ::1
[2025-04-19T08:03:23.346Z] >>> Received Request: GET /favicon.ico from ::1
[2025-04-19T08:03:39.052Z] >>> Received Request: GET / from ::1
[2025-04-19T08:04:07.458Z] >>> Received Request: GET / from ::1
[2025-04-19T08:08:28.546Z] >>> Received Request: GET /geoserver/web/ from ::1
[2025-04-19T08:10:19.329Z] >>> Received Request: GET /.git/config from ::1
[2025-04-19T08:15:25.214Z] >>> Received Request: GET /wordpress/wp-admin/setup-config.php from ::1
[2025-04-19T08:18:46.839Z] >>> Received Request: GET /wp-admin/setup-config.php from ::1
[2025-04-19T08:34:18.720Z] >>> Received Request: GET /wp-admin/setup-config.php from ::1
[2025-04-19T08:36:51.287Z] >>> Received Request: GET /wordpress/wp-admin/setup-config.php from ::1
[2025-04-19T08:48:47.614Z] >>> Received Request: GET / from ::1
[2025-04-19T08:52:58.051Z] >>> Received Request: GET /wordpress/wp-admin/setup-config.php from ::1
[2025-04-19T08:54:06.345Z] >>> Received Request: GET /wp-admin/setup-config.php from ::1
[2025-04-19T09:10:17.755Z] >>> Received Request: GET /wp-admin/setup-config.php from ::1
[2025-04-19T09:11:37.110Z] >>> Received Request: GET /wordpress/wp-admin/setup-config.php from ::1
[2025-04-19T09:27:28.703Z] >>> Received Request: GET /wp-admin/setup-config.php from ::1
[2025-04-19T09:27:28.849Z] >>> Received Request: GET /wordpress/wp-admin/setup-config.php from ::1
[2025-04-19T09:32:56.914Z] >>> Received Request: GET /.env from ::1
[2025-04-19T09:40:06.468Z] >>> Received Request: GET /wordpress/wp-admin/setup-config.php from ::1
[2025-04-19T09:40:48.565Z] >>> Received Request: GET /wp-admin/setup-config.php from ::1
[2025-04-19T09:42:58.030Z] >>> Received Request: GET /wordpress/wp-admin/setup-config.php from ::1
[2025-04-19T09:58:32.036Z] >>> Received Request: GET /wp-admin/setup-config.php from ::1
[2025-04-19T10:00:08.191Z] >>> Received Request: GET /wordpress/wp-admin/setup-config.php from ::1
[2025-04-19T10:06:34.033Z] >>> Received Request: GET / from ::1
[2025-04-19T10:16:13.641Z] >>> Received Request: GET /wordpress/wp-admin/setup-config.php from ::1
[2025-04-19T10:18:23.405Z] >>> Received Request: GET /wp-admin/setup-config.php from ::1
[2025-04-19T10:36:50.810Z] >>> Received Request: GET /wp-admin/setup-config.php from ::1
[2025-04-19T10:37:23.505Z] >>> Received Request: GET /wordpress/wp-admin/setup-config.php from ::1
[2025-04-19T10:52:43.883Z] >>> Received Request: GET /wordpress/wp-admin/setup-config.php from ::1
[2025-04-19T10:52:53.918Z] >>> Received Request: GET /wp-admin/setup-config.php from ::1
[2025-04-19T11:00:28.534Z] >>> Received Request: GET / from ::1
[2025-04-19T11:10:51.865Z] >>> Received Request: GET /wp-admin/setup-config.php from ::1
[2025-04-19T11:12:09.047Z] >>> Received Request: GET /wordpress/wp-admin/setup-config.php from ::1
[2025-04-19T11:30:35.520Z] >>> Received Request: GET /wp-admin/setup-config.php from ::1
[2025-04-19T11:32:44.766Z] >>> Received Request: GET /wordpress/wp-admin/setup-config.php from ::1
[2025-04-19T11:47:40.804Z] >>> Received Request: GET /wordpress/wp-admin/setup-config.php from ::1
[2025-04-19T11:48:15.912Z] >>> Received Request: GET /wp-admin/setup-config.php from ::1
[2025-04-19T11:59:46.423Z] >>> Received Request: GET / from ::1
[2025-04-19T12:08:22.839Z] >>> Received Request: GET /wordpress/wp-admin/setup-config.php from ::1
[2025-04-19T12:09:36.445Z] >>> Received Request: GET /wp-admin/setup-config.php from ::1
[2025-04-19T12:23:03.486Z] >>> Received Request: GET /wp-admin/setup-config.php from ::1
[2025-04-19T12:23:12.989Z] >>> Received Request: GET /wordpress/wp-admin/setup-config.php from ::1
[2025-04-19T12:42:54.056Z] >>> Received Request: GET /wordpress/wp-admin/setup-config.php from ::1
[2025-04-19T12:44:27.084Z] >>> Received Request: GET /5/54/gazivest-narod-1quest/index.html?utm_source=adprofex&utm_campaign=0&utm_medium=17&utm_content=1398232&utm_term=63082&sub1=8-85966&sub2=&sub3=&requestid=&session_id=1744289247064&ab=0&abv=0&click_id=b59ede80-38d2-45c3-9610-bcd3356a6463&teaser_id=678639861e11a9d71253b684&lid=0&pid=0 from ::1
[2025-04-19T12:45:00.680Z] >>> Received Request: GET /wp-admin/setup-config.php from ::1
[2025-04-19T12:47:43.179Z] >>> Received Request: GET /.env from ::1
[2025-04-19T12:47:45.381Z] >>> Received Request: GET /.git/config from ::1
[2025-04-19T13:05:38.125Z] >>> Received Request: GET /wordpress/wp-admin/setup-config.php from ::1
[2025-04-19T13:06:30.655Z] >>> Received Request: GET /wp-admin/setup-config.php from ::1
[2025-04-19T13:16:12.316Z] >>> Received Request: GET /pdown from ::1
[2025-04-19T13:26:03.532Z] >>> Received Request: GET /wordpress/wp-admin/setup-config.php from ::1
[2025-04-19T13:26:18.475Z] >>> Received Request: GET /wp-admin/setup-config.php from ::1
[2025-04-19T13:35:20.632Z] >>> Received Request: GET /owa/auth/logon.aspx from ::1
[2025-04-19T13:36:25.430Z] >>> Received Request: GET / from ::1
[2025-04-19T13:40:39.729Z] >>> Received Request: GET /wordpress/wp-admin/setup-config.php from ::1
[2025-04-19T13:41:02.602Z] >>> Received Request: GET /wp-admin/setup-config.php from ::1
[2025-04-19T13:57:39.408Z] >>> Received Request: GET /wordpress/wp-admin/setup-config.php from ::1
[2025-04-19T14:00:41.286Z] >>> Received Request: GET /wp-admin/setup-config.php from ::1
[2025-04-19T14:16:48.455Z] >>> Received Request: GET /wp-admin/setup-config.php from ::1
[2025-04-19T14:17:22.623Z] >>> Received Request: GET /wordpress/wp-admin/setup-config.php from ::1
[2025-04-19T14:32:28.639Z] >>> Received Request: GET /wp-admin/setup-config.php from ::1
[2025-04-19T14:35:18.116Z] >>> Received Request: GET /wordpress/wp-admin/setup-config.php from ::1
[2025-04-19T14:52:29.658Z] >>> Received Request: GET /wp-admin/setup-config.php from ::1
[2025-04-19T14:53:05.202Z] >>> Received Request: GET /wordpress/wp-admin/setup-config.php from ::1
[2025-04-19T15:08:54.620Z] >>> Received Request: GET /wp-admin/setup-config.php from ::1
[2025-04-19T15:11:20.499Z] >>> Received Request: GET /wordpress/wp-admin/setup-config.php from ::1
[2025-04-19T15:29:51.854Z] >>> Received Request: GET /wp-admin/setup-config.php from ::1
[2025-04-19T15:29:52.736Z] >>> Received Request: GET /wordpress/wp-admin/setup-config.php from ::1
[2025-04-19T15:38:02.393Z] >>> Received Request: GET / from ::1
[2025-04-19T15:38:05.861Z] >>> Received Request: GET / from ::1
[2025-04-19T15:38:09.218Z] >>> Received Request: GET / from ::1
[2025-04-19T15:38:12.492Z] >>> Received Request: GET /favicon.ico from ::1
[2025-04-19T15:38:15.771Z] >>> Received Request: GET /favicon.ico from ::1
[2025-04-19T15:44:33.858Z] >>> Received Request: GET /wordpress/wp-admin/setup-config.php from ::1
[2025-04-19T15:47:51.066Z] >>> Received Request: GET /wp-admin/setup-config.php from ::1
[2025-04-19T16:02:05.132Z] >>> Received Request: GET /wordpress/wp-admin/setup-config.php from ::1
[2025-04-19T16:03:36.506Z] >>> Received Request: GET /wp-admin/setup-config.php from ::1
[2025-04-19T16:22:07.808Z] >>> Received Request: GET /wp-admin/setup-config.php from ::1
[2025-04-19T16:25:30.015Z] >>> Received Request: GET /wordpress/wp-admin/setup-config.php from ::1
[2025-04-19T16:39:45.819Z] >>> Received Request: GET /wordpress/wp-admin/setup-config.php from ::1
[2025-04-19T16:41:27.729Z] >>> Received Request: GET /wp-admin/setup-config.php from ::1
[2025-04-19T16:58:40.271Z] >>> Received Request: GET /wp-admin/setup-config.php from ::1
[2025-04-19T16:58:59.386Z] >>> Received Request: GET /wordpress/wp-admin/setup-config.php from ::1
[2025-04-19T17:14:47.812Z] >>> Received Request: GET /wordpress/wp-admin/setup-config.php from ::1
[2025-04-19T17:17:33.088Z] >>> Received Request: GET /wp-admin/setup-config.php from ::1
[2025-04-19T17:32:45.358Z] >>> Received Request: GET /wordpress/wp-admin/setup-config.php from ::1
[2025-04-19T17:33:42.828Z] >>> Received Request: GET /wp-admin/setup-config.php from ::1
[2025-04-19T17:53:00.842Z] >>> Received Request: GET /wp-admin/setup-config.php from ::1
[2025-04-19T17:53:25.297Z] >>> Received Request: GET /wordpress/wp-admin/setup-config.php from ::1
[2025-04-19T18:06:13.595Z] >>> Received Request: GET /.env from ::1
[2025-04-19T18:06:14.784Z] >>> Received Request: POST / from ::1
[2025-04-19T18:11:14.339Z] >>> Received Request: GET /wordpress/wp-admin/setup-config.php from ::1
[2025-04-19T18:11:14.372Z] >>> Received Request: GET /wp-admin/setup-config.php from ::1
[2025-04-19T18:28:57.767Z] >>> Received Request: GET /wp-admin/setup-config.php from ::1
[2025-04-19T18:29:36.858Z] >>> Received Request: GET /wordpress/wp-admin/setup-config.php from ::1
[2025-04-19T18:42:46.391Z] >>> Received Request: GET /wordpress/wp-admin/setup-config.php from ::1
[2025-04-19T18:47:15.480Z] >>> Received Request: GET /wp-admin/setup-config.php from ::1
[2025-04-19T19:00:00.795Z] >>> Received Request: PROPFIND / from ::1
[2025-04-19T19:01:57.437Z] >>> Received Request: GET / from ::1
[2025-04-19T19:02:07.783Z] >>> Received Request: GET /favicon.ico from ::1
[2025-04-19T19:02:28.226Z] >>> Received Request: GET /wp-admin/setup-config.php from ::1
[2025-04-19T19:02:52.640Z] >>> Received Request: GET /wordpress/wp-admin/setup-config.php from ::1
[2025-04-19T19:10:40.085Z] >>> Received Request: GET /.env from ::1
[2025-04-19T19:20:16.732Z] >>> Received Request: GET /wp-admin/setup-config.php from ::1
[2025-04-19T19:22:18.530Z] >>> Received Request: GET /wordpress/wp-admin/setup-config.php from ::1
[2025-04-19T19:41:56.012Z] >>> Received Request: GET /wp-admin/setup-config.php from ::1
[2025-04-19T19:42:28.933Z] >>> Received Request: GET /wordpress/wp-admin/setup-config.php from ::1
[2025-04-19T19:49:49.276Z] >>> Received Request: GET / from ::1
[2025-04-19T19:55:00.042Z] >>> Received Request: POST /api/auth/login from ::1
[2025-04-19T19:55:21.641Z] >>> Received Request: GET /api/machines/byTag/1D0B76D7061080 from ::1
[2025-04-19T19:55:30.507Z] >>> Received Request: GET /api/machines/byTag/1D8774D7061080 from ::1
[2025-04-19T19:55:43.770Z] >>> Received Request: GET /api/machines/byTag/1D0D76D7061080 from ::1
[2025-04-19T19:55:49.038Z] >>> Received Request: POST /api/workouts/startExercise from ::1
[Start Exercise] Incremented scanCount for machine 67f9823f122a61c1e5d48d28
[2025-04-19T19:56:12.936Z] >>> Received Request: PUT /api/workouts/6803ffc54a37db29bc4d85e5/endExercise/0 from ::1
[2025-04-19T19:56:17.707Z] >>> Received Request: GET /api/workouts?year=2025&month=4 from ::1
[2025-04-19T19:56:32.525Z] >>> Received Request: GET /api/workouts/latestPlanned from ::1
[2025-04-19T19:56:59.383Z] >>> Received Request: POST /api/workouts/generate from ::1
[Generate V4] User Prefs - Type: Any, Focus: Auto, Num: 4, Reps: 8-12
[Generate V4] Using least recent group: Legs
[Generate V4] Aiming for up to 2 primary (Legs) and 2 secondary (Abs) exercises.
[Generate V4] Found 3 available primary, 2 secondary machines.
[Generate V4] Selected 4 exercises for the plan.
[Generate V4] Saved generated planned workout 6804000b7e953bc5fa082a36.
[2025-04-19T19:57:15.303Z] >>> Received Request: POST /api/workouts/generateAI from ::1
[Generate AI V3] Found 10 recent completed workouts for history.
[Generate AI] Sending prompt to Gemini...
[Generate AI] Received raw text response from Gemini: ```json
[
  {
    "exerciseName": "Leg Press Machine",
    "exerciseType": "Strength",
    "trainedMuscle": "Legs",
    "repetitions": 10,
    "weight": 60,
    "weightUnit": "kg"
  },
  {
    "exerciseName": "Dumbbell Area (Select Exercise)",
    "exerciseType": "Strength",
    "trainedMuscle": "Shoulders",
    "repetitions": 12,
    "weight": 8,
    "weightUnit": "kg"
  },
  {
    "exerciseName": "Bicep Curl Machine",
    "exerciseType": "Strength",
    "trainedMuscle": "Biceps",
    "repetitions": 10,
    "weight": 10,
    "weightUnit": "kg"
  },
  {
    "exerciseName": "Triceps Extension Machine",
    "exerciseType": "Strength",
    "trainedMuscle": "Triceps",
    "repetitions": 12,
    "weight": 12,
    "weightUnit": "kg"
  }
]
```

[Generate AI] Extracted JSON block using regex (length 734):
[Generate AI] Attempting JSON.parse on extracted string between >>> <<<:
>>>[
  {
    "exerciseName": "Leg Press Machine",
    "exerciseType": "Strength",
    "trainedMuscle": "Legs",
    "repetitions": 10,
    "weight": 60,
    "weightUnit": "kg"
  },
  {
    "exerciseName": "Dumbbell Area (Select Exercise)",
    "exerciseType": "Strength",
    "trainedMuscle": "Shoulders",
    "repetitions": 12,
    "weight": 8,
    "weightUnit": "kg"
  },
  {
    "exerciseName": "Bicep Curl Machine",
    "exerciseType": "Strength",
    "trainedMuscle": "Biceps",
    "repetitions": 10,
    "weight": 10,
    "weightUnit": "kg"
  },
  {
    "exerciseName": "Triceps Extension Machine",
    "exerciseType": "Strength",
    "trainedMuscle": "Triceps",
    "repetitions": 12,
    "weight": 12,
    "weightUnit": "kg"
  }
]<<<
[Generate AI] Parsed 4 exercises successfully.
[Generate AI] Saved AI planned workout 6804001d7e953bc5fa082a40 with 4 exercises.
[2025-04-19T19:57:38.616Z] >>> Received Request: POST /api/workouts/generate from ::1
[Generate V4] User Prefs - Type: Any, Focus: Auto, Num: 4, Reps: 8-12
[Generate V4] Using least recent group: Legs
[Generate V4] Aiming for up to 2 primary (Legs) and 2 secondary (Abs) exercises.
[Generate V4] Found 3 available primary, 2 secondary machines.
[Generate V4] Selected 4 exercises for the plan.
[Generate V4] Saved generated planned workout 680400327e953bc5fa082a4a.
[2025-04-19T19:58:30.545Z] >>> Received Request: GET /api/workouts?year=2025&month=4 from ::1
[2025-04-19T19:58:36.029Z] >>> Received Request: GET /api/workouts/latestPlanned from ::1
[2025-04-19T19:58:46.255Z] >>> Received Request: GET /api/statistics/summary from ::1
[2025-04-19T19:58:47.023Z] >>> Received Request: GET /api/workouts?year=2025&month=4 from ::1
[2025-04-19T19:58:47.507Z] >>> Received Request: GET /api/statistics/summary from ::1
[2025-04-19T19:58:56.734Z] >>> Received Request: GET /api/workouts?year=2025&month=4 from ::1
[2025-04-19T19:59:35.590Z] >>> Received Request: GET /api/statistics/summary from ::1
[2025-04-19T19:59:40.928Z] >>> Received Request: GET /api/statistics/detailed from ::1
[2025-04-19T20:00:40.443Z] >>> Received Request: GET /api/statistics/summary from ::1
[2025-04-19T20:00:48.867Z] >>> Received Request: GET /api/machines/byTag/1D0D76D7061080 from ::1
[2025-04-19T20:01:34.586Z] >>> Received Request: GET /api/statistics/summary from ::1
[2025-04-19T20:01:36.004Z] >>> Received Request: GET /wp-admin/setup-config.php from ::1
[2025-04-19T20:01:43.981Z] >>> Received Request: GET /api/statistics/summary from ::1
[2025-04-19T20:01:48.787Z] >>> Received Request: GET /api/profile/me from ::1
[2025-04-19T20:01:49.007Z] >>> Received Request: GET /api/statistics/summary from ::1
[2025-04-19T20:01:52.573Z] >>> Received Request: GET /api/statistics/summary from ::1
[2025-04-19T20:02:21.295Z] >>> Received Request: GET /api/statistics/summary from ::1
[2025-04-19T20:03:00.989Z] >>> Received Request: GET /wordpress/wp-admin/setup-config.php from ::1
[2025-04-19T20:03:18.409Z] >>> Received Request: PROPFIND / from ::1
[2025-04-19T20:03:53.914Z] >>> Received Request: GET /wp-admin/setup-config.php from ::1
[2025-04-19T20:05:16.147Z] >>> Received Request: GET /wordpress/wp-admin/setup-config.php from ::1
[2025-04-19T20:23:33.330Z] >>> Received Request: GET /wordpress/wp-admin/setup-config.php from ::1
[2025-04-19T20:25:44.514Z] >>> Received Request: GET /wp-admin/setup-config.php from ::1
[2025-04-19T20:26:06.539Z] >>> Received Request: PROPFIND / from ::1
[2025-04-19T20:29:51.289Z] >>> Received Request: GET / from ::1
[2025-04-19T20:42:04.202Z] >>> Received Request: GET /wp-admin/setup-config.php from ::1
[2025-04-19T20:42:27.911Z] >>> Received Request: GET /wordpress/wp-admin/setup-config.php from ::1
[2025-04-19T20:44:04.630Z] >>> Received Request: GET /robots.txt from ::1
[2025-04-19T20:44:04.765Z] >>> Received Request: GET /ads.txt from ::1
[2025-04-19T20:56:57.899Z] >>> Received Request: GET / from ::1
[2025-04-19T20:59:35.454Z] >>> Received Request: GET / from ::1
[2025-04-19T21:04:13.690Z] >>> Received Request: GET /wp-admin/setup-config.php from ::1
[2025-04-19T21:04:57.562Z] >>> Received Request: GET /wordpress/wp-admin/setup-config.php from ::1
[2025-04-19T21:18:33.455Z] >>> Received Request: PROPFIND / from ::1
[2025-04-19T21:22:51.479Z] >>> Received Request: GET /wordpress/wp-admin/setup-config.php from ::1
[2025-04-19T21:24:19.495Z] >>> Received Request: GET /wp-admin/setup-config.php from ::1
[2025-04-19T21:33:01.446Z] >>> Received Request: GET / from ::1
[2025-04-19T21:42:42.431Z] >>> Received Request: GET /wordpress/wp-admin/setup-config.php from ::1
[2025-04-19T21:43:38.723Z] >>> Received Request: PROPFIND / from ::1
[2025-04-19T21:44:19.837Z] >>> Received Request: GET /wp-admin/setup-config.php from ::1
[2025-04-19T22:01:23.365Z] >>> Received Request: GET /wp-admin/setup-config.php from ::1
[2025-04-19T22:02:41.892Z] >>> Received Request: GET /wordpress/wp-admin/setup-config.php from ::1
[2025-04-19T22:15:17.248Z] >>> Received Request: PROPFIND / from ::1
[2025-04-19T22:19:56.997Z] >>> Received Request: GET /wordpress/wp-admin/setup-config.php from ::1
[2025-04-19T22:21:16.834Z] >>> Received Request: GET /wp-admin/setup-config.php from ::1
[2025-04-19T22:37:34.803Z] >>> Received Request: GET /wordpress/wp-admin/setup-config.php from ::1
[2025-04-19T22:39:35.045Z] >>> Received Request: GET /wp-admin/setup-config.php from ::1
[2025-04-19T22:59:36.578Z] >>> Received Request: GET /wp-admin/setup-config.php from ::1
[2025-04-19T23:00:54.261Z] >>> Received Request: GET /wordpress/wp-admin/setup-config.php from ::1
[2025-04-19T23:02:00.682Z] >>> Received Request: GET /.env from ::1
[2025-04-19T23:02:01.234Z] >>> Received Request: GET /backend/.env from ::1
[2025-04-19T23:02:01.466Z] >>> Received Request: GET /api/.env from ::1
[2025-04-19T23:02:03.096Z] >>> Received Request: GET /admin/.env from ::1
[2025-04-19T23:02:03.345Z] >>> Received Request: GET /info/ from ::1
[2025-04-19T23:02:03.807Z] >>> Received Request: GET /app_dev.php/_profiler/open?file=app/config/parameters.yml from ::1
[2025-04-19T23:02:04.293Z] >>> Received Request: GET /?phpinfo=-1 from ::1
[2025-04-19T23:02:04.656Z] >>> Received Request: GET /.env.example from ::1
[2025-04-19T23:02:05.108Z] >>> Received Request: GET /phpinfo.php from ::1
[2025-04-19T23:02:05.885Z] >>> Received Request: GET /.env.production from ::1
[2025-04-19T23:02:06.110Z] >>> Received Request: GET /app_dev.php/_profiler/phpinfo from ::1
[2025-04-19T23:02:06.578Z] >>> Received Request: GET /demo/.env from ::1
[2025-04-19T23:02:07.183Z] >>> Received Request: GET /app/.env from ::1
[2025-04-19T23:02:07.826Z] >>> Received Request: GET /core/.env from ::1
[2025-04-19T23:02:08.592Z] >>> Received Request: GET /.aws/credentials from ::1
[2025-04-19T23:02:09.203Z] >>> Received Request: GET /boot/.env from ::1
[2025-04-19T23:02:09.725Z] >>> Received Request: GET /run/.env from ::1
[2025-04-19T23:02:09.964Z] >>> Received Request: GET /proc/.env from ::1
[2025-04-19T23:02:10.181Z] >>> Received Request: GET /v2/.env from ::1
[2025-04-19T23:02:10.686Z] >>> Received Request: GET /getcfg.php from ::1
[2025-04-19T23:02:11.272Z] >>> Received Request: GET /cp/.env from ::1
[2025-04-19T23:02:12.125Z] >>> Received Request: GET /ads/.env from ::1
[2025-04-19T23:02:12.430Z] >>> Received Request: GET /config/aws.yml from ::1
[2025-04-19T23:02:13.297Z] >>> Received Request: GET /opt/.env from ::1
[2025-04-19T23:02:13.714Z] >>> Received Request: GET /Api/.env from ::1
[2025-04-19T23:02:13.890Z] >>> Received Request: GET /App/.env from ::1
[2025-04-19T23:02:15.336Z] >>> Received Request: GET /psnlink/.env from ::1
[2025-04-19T23:02:16.821Z] >>> Received Request: GET /css/.env from ::1
[2025-04-19T23:02:17.313Z] >>> Received Request: GET /error/.env from ::1
[2025-04-19T23:02:18.023Z] >>> Received Request: GET /div/.env from ::1
[2025-04-19T23:02:18.601Z] >>> Received Request: GET /theme/.env from ::1
[2025-04-19T23:02:19.310Z] >>> Received Request: GET /well-known/.env from ::1
[2025-04-19T23:02:19.576Z] >>> Received Request: GET /old.env from ::1
[2025-04-19T23:02:20.245Z] >>> Received Request: GET /login/.env from ::1
[2025-04-19T23:02:21.263Z] >>> Received Request: GET /environments/local/.env from ::1
[2025-04-19T23:02:21.683Z] >>> Received Request: GET /environments/production/.env from ::1
[2025-04-19T23:02:22.242Z] >>> Received Request: GET /engine/.env from ::1
[2025-04-19T23:02:22.558Z] >>> Received Request: GET /scripts/.env from ::1
[2025-04-19T23:02:23.261Z] >>> Received Request: GET /styles/.env from ::1
[2025-04-19T23:02:23.614Z] >>> Received Request: GET /inc/.env from ::1
[2025-04-19T23:06:20.720Z] >>> Received Request: PROPFIND / from ::1
[2025-04-19T23:08:32.139Z] >>> Received Request: GET / from ::1
[2025-04-19T23:15:36.971Z] >>> Received Request: GET /wp-admin/setup-config.php from ::1
[2025-04-19T23:16:25.573Z] >>> Received Request: GET /wordpress/wp-admin/setup-config.php from ::1
[2025-04-19T23:19:05.670Z] >>> Received Request: GET / from ::1
[2025-04-19T23:37:11.753Z] >>> Received Request: GET /wordpress/wp-admin/setup-config.php from ::1
[2025-04-19T23:38:06.899Z] >>> Received Request: GET /wp-admin/setup-config.php from ::1
[2025-04-19T23:51:03.025Z] >>> Received Request: GET /.env from ::1
[2025-04-19T23:53:25.359Z] >>> Received Request: GET /wordpress/wp-admin/setup-config.php from ::1
[2025-04-19T23:53:25.396Z] >>> Received Request: GET /wp-admin/setup-config.php from ::1
[2025-04-19T23:56:21.223Z] >>> Received Request: GET / from ::1
[2025-04-20T00:00:21.096Z] >>> Received Request: PROPFIND / from ::1
[2025-04-20T00:00:43.703Z] >>> Received Request: GET / from ::1
[2025-04-20T00:00:43.900Z] >>> Received Request: GET / from ::1
[2025-04-20T00:00:44.091Z] >>> Received Request: GET /favicon.ico from ::1
[2025-04-20T00:01:04.165Z] >>> Received Request: GET / from ::1
[2025-04-20T00:01:04.343Z] >>> Received Request: GET / from ::1
[2025-04-20T00:14:51.881Z] >>> Received Request: GET /wp-admin/setup-config.php from ::1
[2025-04-20T00:16:05.058Z] >>> Received Request: GET /wordpress/wp-admin/setup-config.php from ::1
[2025-04-20T00:16:23.321Z] >>> Received Request: PROPFIND / from ::1
[2025-04-20T00:30:58.269Z] >>> Received Request: GET /wp-admin/setup-config.php from ::1
[2025-04-20T00:31:41.021Z] >>> Received Request: GET /wordpress/wp-admin/setup-config.php from ::1
[2025-04-20T00:50:24.445Z] >>> Received Request: GET /wp-admin/setup-config.php from ::1
[2025-04-20T00:50:24.642Z] >>> Received Request: GET /wordpress/wp-admin/setup-config.php from ::1
[2025-04-20T01:06:28.624Z] >>> Received Request: GET /wordpress/wp-admin/setup-config.php from ::1
[2025-04-20T01:07:57.466Z] >>> Received Request: GET /wp-admin/setup-config.php from ::1
[2025-04-20T01:13:05.793Z] >>> Received Request: GET /.env from ::1
[2025-04-20T01:13:06.605Z] >>> Received Request: GET /.git/config from ::1
[2025-04-20T01:25:41.578Z] >>> Received Request: PROPFIND / from ::1
[2025-04-20T01:26:42.346Z] >>> Received Request: GET /wp-admin/setup-config.php from ::1
[2025-04-20T01:27:20.741Z] >>> Received Request: GET /wordpress/wp-admin/setup-config.php from ::1
[2025-04-20T01:45:11.848Z] >>> Received Request: GET /wordpress/wp-admin/setup-config.php from ::1
[2025-04-20T01:46:04.936Z] >>> Received Request: GET /wp-admin/setup-config.php from ::1
[2025-04-20T02:03:56.660Z] >>> Received Request: GET /wordpress/wp-admin/setup-config.php from ::1
[2025-04-20T02:04:34.630Z] >>> Received Request: GET /wp-admin/setup-config.php from ::1
[2025-04-20T02:06:08.754Z] >>> Received Request: GET / from ::1
[2025-04-20T02:06:08.817Z] >>> Received Request: GET /wordpress/ from ::1
[2025-04-20T02:15:04.792Z] >>> Received Request: GET /.well-known/agent.json from ::1
[2025-04-20T02:18:55.318Z] >>> Received Request: GET / from ::1
[2025-04-20T02:18:55.325Z] >>> Received Request: GET / from ::1
[2025-04-20T02:18:55.858Z] >>> Received Request: GET / from ::1
[2025-04-20T02:21:15.014Z] >>> Received Request: GET /wordpress/wp-admin/setup-config.php from ::1
[2025-04-20T02:21:43.537Z] >>> Received Request: GET /wp-admin/setup-config.php from ::1
[2025-04-20T02:37:43.916Z] >>> Received Request: GET / from ::1
[2025-04-20T02:38:06.655Z] >>> Received Request: GET /wordpress/wp-admin/setup-config.php from ::1
[2025-04-20T02:39:17.344Z] >>> Received Request: GET /wp-admin/setup-config.php from ::1
[2025-04-20T02:46:13.593Z] >>> Received Request: GET / from ::1
[2025-04-20T02:53:37.449Z] >>> Received Request: GET /favicon.ico from ::1
[2025-04-20T02:56:08.184Z] >>> Received Request: GET /wp-admin/setup-config.php from ::1
[2025-04-20T02:57:50.065Z] >>> Received Request: GET /wordpress/wp-admin/setup-config.php from ::1
[2025-04-20T03:10:51.714Z] >>> Received Request: PROPFIND / from ::1
[2025-04-20T03:16:33.684Z] >>> Received Request: GET /wordpress/wp-admin/setup-config.php from ::1
[2025-04-20T03:16:57.409Z] >>> Received Request: GET /wp-admin/setup-config.php from ::1
[2025-04-20T03:31:52.508Z] >>> Received Request: GET / from ::1
[2025-04-20T03:36:26.384Z] >>> Received Request: GET /wp-admin/setup-config.php from ::1
[2025-04-20T03:36:40.650Z] >>> Received Request: GET /wordpress/wp-admin/setup-config.php from ::1
[2025-04-20T03:53:50.047Z] >>> Received Request: GET / from ::1
[2025-04-20T03:59:41.866Z] >>> Received Request: GET / from ::1
[2025-04-20T03:59:42.690Z] >>> Received Request: GET /favicon.ico from ::1
[2025-04-20T04:03:20.363Z] >>> Received Request: GET /wordpress/wp-admin/setup-config.php from ::1
[2025-04-20T04:06:35.421Z] >>> Received Request: PROPFIND / from ::1
[2025-04-20T04:07:15.819Z] >>> Received Request: GET /wp-admin/setup-config.php from ::1
[2025-04-20T04:14:50.446Z] >>> Received Request: GET / from ::1
[2025-04-20T04:23:27.152Z] >>> Received Request: GET /wp-admin/setup-config.php from ::1
[2025-04-20T04:26:19.741Z] >>> Received Request: GET /wordpress/wp-admin/setup-config.php from ::1
[2025-04-20T04:40:21.148Z] >>> Received Request: GET /wordpress/wp-admin/setup-config.php from ::1
[2025-04-20T04:44:03.117Z] >>> Received Request: GET /wp-admin/setup-config.php from ::1
[2025-04-20T05:00:43.533Z] >>> Received Request: GET /wp-admin/setup-config.php from ::1
[2025-04-20T05:03:03.967Z] >>> Received Request: GET /wordpress/wp-admin/setup-config.php from ::1
[2025-04-20T05:17:17.221Z] >>> Received Request: GET /wordpress/wp-admin/setup-config.php from ::1
[2025-04-20T05:17:45.836Z] >>> Received Request: GET /wp-admin/setup-config.php from ::1
[2025-04-20T05:27:16.287Z] >>> Received Request: PROPFIND / from ::1
[2025-04-20T05:37:52.101Z] >>> Received Request: GET /wordpress/wp-admin/setup-config.php from ::1
[2025-04-20T05:40:43.006Z] >>> Received Request: GET /wp-admin/setup-config.php from ::1
[2025-04-20T05:52:54.706Z] >>> Received Request: GET /ecp/Current/exporttool/microsoft.exchange.ediscovery.exporttool.application from ::1
[2025-04-20T05:56:03.240Z] >>> Received Request: GET /wp-admin/setup-config.php from ::1
[2025-04-20T05:58:20.198Z] >>> Received Request: GET /wordpress/wp-admin/setup-config.php from ::1
[2025-04-20T06:05:29.033Z] >>> Received Request: GET / from ::1
[2025-04-20T06:13:53.670Z] >>> Received Request: GET /wordpress/wp-admin/setup-config.php from ::1
[2025-04-20T06:14:40.104Z] >>> Received Request: GET /wp-admin/setup-config.php from ::1
[2025-04-20T06:15:49.884Z] >>> Received Request: GET / from ::1
[2025-04-20T06:15:57.510Z] >>> Received Request: GET /robots.txt from ::1
[2025-04-20T06:15:57.680Z] >>> Received Request: GET /sitemap.xml from ::1
[2025-04-20T06:15:57.832Z] >>> Received Request: GET /.well-known/security.txt from ::1
[2025-04-20T06:15:58.347Z] >>> Received Request: GET /favicon.ico from ::1
[2025-04-20T06:34:01.428Z] >>> Received Request: GET /wp-admin/setup-config.php from ::1
[2025-04-20T06:34:36.457Z] >>> Received Request: PROPFIND / from ::1
[2025-04-20T06:37:17.197Z] >>> Received Request: GET /wordpress/wp-admin/setup-config.php from ::1
[2025-04-20T06:44:29.625Z] >>> Received Request: GET / from ::1
[2025-04-20T06:52:11.624Z] >>> Received Request: GET /wp-admin/setup-config.php from ::1
[2025-04-20T06:53:30.869Z] >>> Received Request: GET /wordpress/wp-admin/setup-config.php from ::1
[2025-04-20T07:06:48.803Z] >>> Received Request: GET / from ::1
[2025-04-20T07:06:57.899Z] >>> Received Request: GET /favicon.ico from ::1
[2025-04-20T07:07:00.730Z] >>> Received Request: GET /robots.txt from ::1
[2025-04-20T07:07:06.208Z] >>> Received Request: GET /sitemap.xml from ::1
[2025-04-20T07:07:21.014Z] >>> Received Request: GET /sse from ::1
[2025-04-20T07:07:25.342Z] >>> Received Request: GET /mcp from ::1
[2025-04-20T07:07:30.034Z] >>> Received Request: GET /mcp-sse from ::1
[2025-04-20T07:13:32.536Z] >>> Received Request: GET /wordpress/wp-admin/setup-config.php from ::1
[2025-04-20T07:14:47.214Z] >>> Received Request: GET /wp-admin/setup-config.php from ::1
[2025-04-20T07:28:47.801Z] >>> Received Request: GET /wordpress/wp-admin/setup-config.php from ::1
[2025-04-20T07:30:34.637Z] >>> Received Request: GET / from ::1
[2025-04-20T07:30:44.034Z] >>> Received Request: GET /favicon.ico from ::1
[2025-04-20T07:31:29.223Z] >>> Received Request: GET /wp-admin/setup-config.php from ::1
[2025-04-20T07:33:14.272Z] >>> Received Request: GET /wordpress/wp-admin/setup-config.php from ::1
[2025-04-20T07:38:54.622Z] >>> Received Request: PROPFIND / from ::1
[2025-04-20T07:42:47.470Z] >>> Received Request: GET / from ::1
[2025-04-20T07:43:57.021Z] >>> Received Request: GET / from ::1
[2025-04-20T07:50:16.995Z] >>> Received Request: GET /wp-admin/setup-config.php from ::1
[2025-04-20T07:50:50.971Z] >>> Received Request: GET /wordpress/wp-admin/setup-config.php from ::1
[2025-04-20T08:10:20.452Z] >>> Received Request: GET /wordpress/wp-admin/setup-config.php from ::1
[2025-04-20T08:12:02.346Z] >>> Received Request: GET /wp-admin/setup-config.php from ::1
[2025-04-20T08:30:14.743Z] >>> Received Request: GET /wordpress/wp-admin/setup-config.php from ::1
[2025-04-20T08:31:53.816Z] >>> Received Request: GET /wp-admin/setup-config.php from ::1
[2025-04-20T08:37:13.017Z] >>> Received Request: GET / from ::1
[2025-04-20T08:41:56.890Z] >>> Received Request: PROPFIND / from ::1
[2025-04-20T08:47:43.321Z] >>> Received Request: GET /wordpress/wp-admin/setup-config.php from ::1
[2025-04-20T08:50:03.648Z] >>> Received Request: GET /wp-admin/setup-config.php from ::1
[2025-04-20T09:09:15.466Z] >>> Received Request: GET /wordpress/wp-admin/setup-config.php from ::1
[2025-04-20T09:10:12.655Z] >>> Received Request: GET /wp-admin/setup-config.php from ::1
[2025-04-20T09:20:40.258Z] >>> Received Request: GET / from ::1
[2025-04-20T09:20:53.448Z] >>> Received Request: GET /favicon.ico from ::1
[2025-04-20T09:23:20.756Z] >>> Received Request: GET /ab2g from ::1
[2025-04-20T09:23:21.227Z] >>> Received Request: GET /ab2h from ::1
[2025-04-20T09:23:21.791Z] >>> Received Request: GET /alive.php from ::1
[2025-04-20T09:23:24.682Z] >>> Received Request: GET / from ::1
[2025-04-20T09:23:25.368Z] >>> Received Request: GET /t4 from ::1
[2025-04-20T09:23:26.043Z] >>> Received Request: GET /favicon.ico from ::1
[2025-04-20T09:23:26.493Z] >>> Received Request: GET / from ::1
[2025-04-20T09:23:27.062Z] >>> Received Request: GET /teorema505?t=1 from ::1
[2025-04-20T09:23:53.237Z] >>> Received Request: GET /.env from ::1
[2025-04-20T09:25:53.190Z] >>> Received Request: GET /wp-admin/setup-config.php from ::1
[2025-04-20T09:28:51.750Z] >>> Received Request: GET /wordpress/wp-admin/setup-config.php from ::1
[2025-04-20T09:35:59.099Z] >>> Received Request: GET / from ::1
[2025-04-20T09:43:15.149Z] >>> Received Request: GET /wordpress/wp-admin/setup-config.php from ::1
[2025-04-20T09:43:42.357Z] >>> Received Request: GET /favicon.ico from ::1
[2025-04-20T09:45:47.656Z] >>> Received Request: GET / from ::1
[2025-04-20T09:47:00.928Z] >>> Received Request: GET /wp-admin/setup-config.php from ::1
[2025-04-20T09:54:29.195Z] >>> Received Request: GET /.git/config from ::1
[2025-04-20T10:00:44.380Z] >>> Received Request: GET /wordpress/wp-admin/setup-config.php from ::1
[2025-04-20T10:03:29.402Z] >>> Received Request: GET /wp-admin/setup-config.php from ::1
[2025-04-20T10:06:08.931Z] >>> Received Request: POST /hello.world?%ADd+allow_url_include%3d1+%ADd+auto_prepend_file%3dphp://input from ::1
[2025-04-20T10:06:09.188Z] >>> Received Request: GET /vendor/phpunit/phpunit/src/Util/PHP/eval-stdin.php from ::1
[2025-04-20T10:06:09.427Z] >>> Received Request: GET /vendor/phpunit/phpunit/Util/PHP/eval-stdin.php from ::1
[2025-04-20T10:06:09.668Z] >>> Received Request: GET /vendor/phpunit/src/Util/PHP/eval-stdin.php from ::1
[2025-04-20T10:06:10.367Z] >>> Received Request: GET /vendor/phpunit/Util/PHP/eval-stdin.php from ::1
[2025-04-20T10:06:10.608Z] >>> Received Request: GET /vendor/phpunit/phpunit/LICENSE/eval-stdin.php from ::1
[2025-04-20T10:06:10.841Z] >>> Received Request: GET /vendor/vendor/phpunit/phpunit/src/Util/PHP/eval-stdin.php from ::1
[2025-04-20T10:06:11.097Z] >>> Received Request: GET /phpunit/phpunit/src/Util/PHP/eval-stdin.php from ::1
[2025-04-20T10:06:12.613Z] >>> Received Request: GET /phpunit/phpunit/Util/PHP/eval-stdin.php from ::1
[2025-04-20T10:06:12.847Z] >>> Received Request: GET /phpunit/src/Util/PHP/eval-stdin.php from ::1
[2025-04-20T10:06:13.918Z] >>> Received Request: GET /phpunit/Util/PHP/eval-stdin.php from ::1
[2025-04-20T10:06:14.170Z] >>> Received Request: GET /lib/phpunit/phpunit/src/Util/PHP/eval-stdin.php from ::1
[2025-04-20T10:06:15.639Z] >>> Received Request: GET /lib/phpunit/phpunit/Util/PHP/eval-stdin.php from ::1
[2025-04-20T10:06:15.892Z] >>> Received Request: GET /lib/phpunit/src/Util/PHP/eval-stdin.php from ::1
[2025-04-20T10:06:16.548Z] >>> Received Request: GET /lib/phpunit/Util/PHP/eval-stdin.php from ::1
[2025-04-20T10:06:16.768Z] >>> Received Request: GET /lib/vendor/phpunit/phpunit/src/Util/PHP/eval-stdin.php from ::1
[2025-04-20T10:06:18.189Z] >>> Received Request: GET /laravel/vendor/phpunit/phpunit/src/Util/PHP/eval-stdin.php from ::1
[2025-04-20T10:06:18.456Z] >>> Received Request: GET /www/vendor/phpunit/phpunit/src/Util/PHP/eval-stdin.php from ::1
[2025-04-20T10:06:18.699Z] >>> Received Request: GET /ws/vendor/phpunit/phpunit/src/Util/PHP/eval-stdin.php from ::1
[2025-04-20T10:20:49.732Z] >>> Received Request: GET /wordpress/wp-admin/setup-config.php from ::1
[2025-04-20T10:23:39.532Z] >>> Received Request: GET /wp-admin/setup-config.php from ::1
[2025-04-20T10:28:20.421Z] >>> Received Request: GET /api/workouts?year=2025&month=4 from ::1
[2025-04-20T10:28:32.682Z] >>> Received Request: POST /api/auth/login from ::1
[2025-04-20T10:28:53.553Z] >>> Received Request: PROPFIND / from ::1
[2025-04-20T10:33:17.914Z] >>> Received Request: GET /api/statistics/summary from ::1
[2025-04-20T10:33:19.816Z] >>> Received Request: GET /api/profile/me from ::1
[2025-04-20T10:33:20.024Z] >>> Received Request: GET /api/gyms from ::1
[2025-04-20T10:34:30.117Z] >>> Received Request: PUT /api/profile/me from ::1
[2025-04-20T10:34:30.272Z] >>> Received Request: GET /api/statistics/summary from ::1
[2025-04-20T10:34:33.299Z] >>> Received Request: GET /api/profile/me from ::1
[2025-04-20T10:34:33.559Z] >>> Received Request: GET /api/statistics/summary from ::1
[2025-04-20T10:34:43.144Z] >>> Received Request: GET /api/profile/me from ::1
[2025-04-20T10:34:43.376Z] >>> Received Request: GET /api/statistics/summary from ::1
[2025-04-20T10:34:46.109Z] >>> Received Request: GET /api/workouts?year=2025&month=4 from ::1
[2025-04-20T10:34:56.702Z] >>> Received Request: GET /api/statistics/summary from ::1
[2025-04-20T10:35:11.410Z] >>> Received Request: GET /api/workouts/latestPlanned from ::1
[2025-04-20T10:35:56.370Z] >>> Received Request: GET /api/statistics/summary from ::1
[2025-04-20T10:40:50.404Z] >>> Received Request: GET /wp-admin/setup-config.php from ::1
[2025-04-20T10:41:42.989Z] >>> Received Request: GET / from ::1
[2025-04-20T10:41:59.291Z] >>> Received Request: GET /wordpress/wp-admin/setup-config.php from ::1
[2025-04-20T10:48:21.834Z] >>> Received Request: GET /.env from ::1
[2025-04-20T10:58:27.431Z] >>> Received Request: GET /wp-admin/setup-config.php from ::1
[2025-04-20T10:59:38.457Z] >>> Received Request: GET /wordpress/wp-admin/setup-config.php from ::1
[2025-04-20T10:59:43.757Z] >>> Received Request: PROPFIND / from ::1
[2025-04-20T11:16:16.376Z] >>> Received Request: GET /wordpress/wp-admin/setup-config.php from ::1
[2025-04-20T11:17:16.652Z] >>> Received Request: GET /wp-admin/setup-config.php from ::1
[2025-04-20T11:36:34.119Z] >>> Received Request: GET /wp-admin/setup-config.php from ::1
[2025-04-20T11:36:52.589Z] >>> Received Request: GET /wordpress/wp-admin/setup-config.php from ::1
[2025-04-20T11:37:17.690Z] >>> Received Request: GET / from ::1
[2025-04-20T11:55:46.349Z] >>> Received Request: GET /wp-admin/setup-config.php from ::1
[2025-04-20T11:56:15.894Z] >>> Received Request: GET /wordpress/wp-admin/setup-config.php from ::1
[2025-04-20T12:11:26.445Z] >>> Received Request: PROPFIND / from ::1
[2025-04-20T12:13:05.041Z] >>> Received Request: GET /wordpress/wp-admin/setup-config.php from ::1
[2025-04-20T12:15:55.945Z] >>> Received Request: GET /wp-admin/setup-config.php from ::1
[2025-04-20T12:32:18.675Z] >>> Received Request: GET /wordpress/wp-admin/setup-config.php from ::1
[2025-04-20T12:34:12.623Z] >>> Received Request: GET /wp-admin/setup-config.php from ::1
[2025-04-20T12:39:10.381Z] >>> Received Request: GET / from ::1
[2025-04-20T12:39:11.561Z] >>> Received Request: GET /favicon.ico from ::1
[2025-04-20T12:50:12.221Z] >>> Received Request: GET /wp-admin/setup-config.php from ::1
[2025-04-20T12:51:12.402Z] >>> Received Request: GET /wordpress/wp-admin/setup-config.php from ::1
[2025-04-20T13:03:14.702Z] >>> Received Request: GET / from ::1
[2025-04-20T13:10:28.816Z] >>> Received Request: GET /wordpress/wp-admin/setup-config.php from ::1
[2025-04-20T13:11:00.966Z] >>> Received Request: GET /wp-admin/setup-config.php from ::1
[2025-04-20T13:13:07.688Z] >>> Received Request: GET /pdown from ::1
[2025-04-20T13:17:31.319Z] >>> Received Request: POST /xmlrpc.php from ::1
[2025-04-20T13:17:36.258Z] >>> Received Request: POST /xmlrpc.php from ::1
[2025-04-20T13:17:36.478Z] >>> Received Request: POST /xmlrpc.php from ::1
[2025-04-20T13:17:41.317Z] >>> Received Request: POST /xmlrpc.php from ::1
[2025-04-20T13:17:54.317Z] >>> Received Request: POST /xmlrpc.php from ::1
[2025-04-20T13:17:56.114Z] >>> Received Request: POST /xmlrpc.php from ::1
[2025-04-20T13:27:06.327Z] >>> Received Request: GET /wp-admin/setup-config.php from ::1
[2025-04-20T13:28:21.658Z] >>> Received Request: GET /wordpress/wp-admin/setup-config.php from ::1
[2025-04-20T13:44:15.678Z] >>> Received Request: GET /wp-admin/setup-config.php from ::1
[2025-04-20T13:46:13.497Z] >>> Received Request: GET /wordpress/wp-admin/setup-config.php from ::1
[2025-04-20T13:57:39.305Z] >>> Received Request: PROPFIND / from ::1
[2025-04-20T14:06:05.692Z] >>> Received Request: GET /wp-admin/setup-config.php from ::1
[2025-04-20T14:07:06.340Z] >>> Received Request: GET /wordpress/wp-admin/setup-config.php from ::1
[2025-04-20T14:18:36.094Z] >>> Received Request: GET /.env from ::1
[2025-04-20T14:18:36.291Z] >>> Received Request: GET /.git/config from ::1
[2025-04-20T14:23:01.976Z] >>> Received Request: GET /wordpress/wp-admin/setup-config.php from ::1
[2025-04-20T14:25:59.786Z] >>> Received Request: GET /wp-admin/setup-config.php from ::1
[2025-04-20T14:42:00.820Z] >>> Received Request: GET /wordpress/wp-admin/setup-config.php from ::1
[2025-04-20T14:42:00.830Z] >>> Received Request: GET /wp-admin/setup-config.php from ::1
[2025-04-20T14:54:16.943Z] >>> Received Request: PROPFIND / from ::1
[2025-04-20T15:05:30.577Z] >>> Received Request: GET /wp-admin/setup-config.php from ::1
[2025-04-20T15:07:07.239Z] >>> Received Request: GET /wordpress/wp-admin/setup-config.php from ::1
[2025-04-20T15:25:58.200Z] >>> Received Request: GET /wp-admin/setup-config.php from ::1
[2025-04-20T15:26:02.661Z] >>> Received Request: GET /wordpress/wp-admin/setup-config.php from ::1
[2025-04-20T15:33:45.430Z] >>> Received Request: PROPFIND / from ::1
[2025-04-20T15:41:18.639Z] >>> Received Request: GET / from ::1
[2025-04-20T15:42:16.509Z] >>> Received Request: GET /wp-admin/setup-config.php from ::1
[2025-04-20T15:44:42.120Z] >>> Received Request: GET /wordpress/wp-admin/setup-config.php from ::1
[2025-04-20T16:04:06.629Z] >>> Received Request: GET /wp-admin/setup-config.php from ::1
[2025-04-20T16:04:11.343Z] >>> Received Request: GET /wordpress/wp-admin/setup-config.php from ::1
[2025-04-20T16:19:00.282Z] >>> Received Request: GET /wp-admin/setup-config.php from ::1
[2025-04-20T16:20:24.901Z] >>> Received Request: GET /wordpress/wp-admin/setup-config.php from ::1
[2025-04-20T16:37:43.241Z] >>> Received Request: GET /wordpress/wp-admin/setup-config.php from ::1
[2025-04-20T16:39:03.124Z] >>> Received Request: GET /wp-admin/setup-config.php from ::1
[2025-04-20T16:55:30.312Z] >>> Received Request: GET /wp-admin/setup-config.php from ::1
[2025-04-20T16:57:14.702Z] >>> Received Request: GET /wordpress/wp-admin/setup-config.php from ::1
[2025-04-20T17:11:06.879Z] >>> Received Request: PROPFIND / from ::1
[2025-04-20T17:15:11.672Z] >>> Received Request: GET /wordpress/wp-admin/setup-config.php from ::1
[2025-04-20T17:17:40.941Z] >>> Received Request: GET /wp-admin/setup-config.php from ::1
[2025-04-20T17:36:36.986Z] >>> Received Request: GET /wordpress/wp-admin/setup-config.php from ::1
[2025-04-20T17:37:25.688Z] >>> Received Request: GET /wp-admin/setup-config.php from ::1
[2025-04-20T17:53:55.441Z] >>> Received Request: GET /wp-admin/setup-config.php from ::1
[2025-04-20T17:55:58.602Z] >>> Received Request: GET /wordpress/wp-admin/setup-config.php from ::1
[2025-04-20T17:56:46.448Z] >>> Received Request: GET /wordpress/wp-admin/setup-config.php from ::1
[2025-04-20T18:12:30.945Z] >>> Received Request: GET /wp-admin/setup-config.php from ::1
[2025-04-20T18:13:19.788Z] >>> Received Request: GET /wordpress/wp-admin/setup-config.php from ::1
[2025-04-20T18:22:13.863Z] >>> Received Request: PROPFIND / from ::1
[2025-04-20T18:30:48.753Z] >>> Received Request: GET /wordpress/wp-admin/setup-config.php from ::1
[2025-04-20T18:33:47.585Z] >>> Received Request: GET /wp-admin/setup-config.php from ::1
[2025-04-20T18:43:20.785Z] >>> Received Request: GET / from ::1
[2025-04-20T18:52:02.513Z] >>> Received Request: GET /wp-admin/setup-config.php from ::1
[2025-04-20T18:52:24.242Z] >>> Received Request: GET /wordpress/wp-admin/setup-config.php from ::1
[2025-04-20T19:12:30.105Z] >>> Received Request: GET /wp-admin/setup-config.php from ::1
[2025-04-20T19:14:32.490Z] >>> Received Request: GET /wordpress/wp-admin/setup-config.php from ::1
[2025-04-20T19:28:30.026Z] >>> Received Request: GET /wp-admin/setup-config.php from ::1
[2025-04-20T19:30:31.241Z] >>> Received Request: GET /wordpress/wp-admin/setup-config.php from ::1
[2025-04-20T19:52:37.989Z] >>> Received Request: GET /wp-admin/setup-config.php from ::1
[2025-04-20T19:53:38.875Z] >>> Received Request: GET /wordpress/wp-admin/setup-config.php from ::1
[2025-04-20T19:55:43.738Z] >>> Received Request: PROPFIND / from ::1
[2025-04-20T20:13:00.410Z] >>> Received Request: GET /wp-admin/setup-config.php from ::1
[2025-04-20T20:14:21.394Z] >>> Received Request: GET /wordpress/wp-admin/setup-config.php from ::1
[2025-04-20T20:15:14.720Z] >>> Received Request: GET /robots.txt from ::1
[2025-04-20T20:15:14.938Z] >>> Received Request: GET /ads.txt from ::1
[2025-04-20T20:20:40.596Z] >>> Received Request: GET /.env from ::1
[2025-04-20T20:28:16.951Z] >>> Received Request: GET /.env from ::1
[2025-04-20T20:30:55.453Z] >>> Received Request: GET /wordpress/wp-admin/setup-config.php from ::1
[2025-04-20T20:33:26.566Z] >>> Received Request: GET /wp-admin/setup-config.php from ::1
[2025-04-20T20:47:43.231Z] >>> Received Request: GET /wp-admin/setup-config.php from ::1
[2025-04-20T20:49:42.753Z] >>> Received Request: GET /wordpress/wp-admin/setup-config.php from ::1
[2025-04-20T20:57:14.483Z] >>> Received Request: PROPFIND / from ::1
[2025-04-20T20:59:35.446Z] >>> Received Request: GET / from ::1
[2025-04-20T21:06:27.028Z] >>> Received Request: GET / from ::1
[2025-04-20T21:09:36.514Z] >>> Received Request: GET /wp-admin/setup-config.php from ::1
[2025-04-20T21:10:00.639Z] >>> Received Request: GET /wordpress/wp-admin/setup-config.php from ::1
[2025-04-20T21:26:50.767Z] >>> Received Request: GET /wordpress/wp-admin/setup-config.php from ::1
[2025-04-20T21:28:13.160Z] >>> Received Request: GET /wp-admin/setup-config.php from ::1
[2025-04-20T21:46:07.331Z] >>> Received Request: GET /wp-admin/setup-config.php from ::1
[2025-04-20T21:47:17.728Z] >>> Received Request: GET /wordpress/wp-admin/setup-config.php from ::1
[2025-04-20T21:56:29.023Z] >>> Received Request: PROPFIND / from ::1
[2025-04-20T22:06:34.261Z] >>> Received Request: GET /wp-admin/setup-config.php from ::1
[2025-04-20T22:07:25.915Z] >>> Received Request: GET /wordpress/wp-admin/setup-config.php from ::1
[2025-04-20T22:24:12.329Z] >>> Received Request: GET /wordpress/wp-admin/setup-config.php from ::1
[2025-04-20T22:27:33.820Z] >>> Received Request: GET /wp-admin/setup-config.php from ::1
[2025-04-20T22:44:03.139Z] >>> Received Request: GET /wp-admin/setup-config.php from ::1
[2025-04-20T22:44:06.362Z] >>> Received Request: GET /.git/HEAD from ::1
[2025-04-20T22:44:06.478Z] >>> Received Request: GET /.git/config from ::1
[2025-04-20T22:44:52.751Z] >>> Received Request: GET /wordpress/wp-admin/setup-config.php from ::1
[2025-04-20T23:02:21.828Z] >>> Received Request: GET /wordpress/wp-admin/setup-config.php from ::1
[2025-04-20T23:02:59.020Z] >>> Received Request: GET /wp-admin/setup-config.php from ::1
[2025-04-20T23:11:57.700Z] >>> Received Request: PROPFIND / from ::1
[2025-04-20T23:21:34.335Z] >>> Received Request: GET / from ::1
[2025-04-20T23:21:44.106Z] >>> Received Request: GET /wordpress/wp-admin/setup-config.php from ::1
[2025-04-20T23:21:53.387Z] >>> Received Request: GET /wp-admin/setup-config.php from ::1
[2025-04-20T23:27:31.869Z] >>> Received Request: POST /hello.world?%ADd+allow_url_include%3d1+%ADd+auto_prepend_file%3dphp://input from ::1
[2025-04-20T23:27:32.106Z] >>> Received Request: GET /vendor/phpunit/phpunit/src/Util/PHP/eval-stdin.php from ::1
[2025-04-20T23:27:32.341Z] >>> Received Request: GET /vendor/phpunit/phpunit/Util/PHP/eval-stdin.php from ::1
[2025-04-20T23:27:32.574Z] >>> Received Request: GET /vendor/phpunit/src/Util/PHP/eval-stdin.php from ::1
[2025-04-20T23:27:32.809Z] >>> Received Request: GET /vendor/phpunit/Util/PHP/eval-stdin.php from ::1
[2025-04-20T23:27:33.042Z] >>> Received Request: GET /vendor/phpunit/phpunit/LICENSE/eval-stdin.php from ::1
[2025-04-20T23:27:33.275Z] >>> Received Request: GET /vendor/vendor/phpunit/phpunit/src/Util/PHP/eval-stdin.php from ::1
[2025-04-20T23:27:33.510Z] >>> Received Request: GET /phpunit/phpunit/src/Util/PHP/eval-stdin.php from ::1
[2025-04-20T23:27:33.743Z] >>> Received Request: GET /phpunit/phpunit/Util/PHP/eval-stdin.php from ::1
[2025-04-20T23:27:33.976Z] >>> Received Request: GET /phpunit/src/Util/PHP/eval-stdin.php from ::1
[2025-04-20T23:27:34.209Z] >>> Received Request: GET /phpunit/Util/PHP/eval-stdin.php from ::1
[2025-04-20T23:27:34.441Z] >>> Received Request: GET /lib/phpunit/phpunit/src/Util/PHP/eval-stdin.php from ::1
[2025-04-20T23:27:34.672Z] >>> Received Request: GET /lib/phpunit/phpunit/Util/PHP/eval-stdin.php from ::1
[2025-04-20T23:27:34.904Z] >>> Received Request: GET /lib/phpunit/src/Util/PHP/eval-stdin.php from ::1
[2025-04-20T23:27:35.137Z] >>> Received Request: GET /lib/phpunit/Util/PHP/eval-stdin.php from ::1
[2025-04-20T23:27:35.369Z] >>> Received Request: GET /lib/vendor/phpunit/phpunit/src/Util/PHP/eval-stdin.php from ::1
[2025-04-20T23:27:35.600Z] >>> Received Request: GET /laravel/vendor/phpunit/phpunit/src/Util/PHP/eval-stdin.php from ::1
[2025-04-20T23:27:35.832Z] >>> Received Request: GET /www/vendor/phpunit/phpunit/src/Util/PHP/eval-stdin.php from ::1
[2025-04-20T23:27:36.064Z] >>> Received Request: GET /ws/vendor/phpunit/phpunit/src/Util/PHP/eval-stdin.php from ::1
[2025-04-20T23:27:36.296Z] >>> Received Request: GET /yii/vendor/phpunit/phpunit/src/Util/PHP/eval-stdin.php from ::1
[2025-04-20T23:27:36.527Z] >>> Received Request: GET /zend/vendor/phpunit/phpunit/src/Util/PHP/eval-stdin.php from ::1
[2025-04-20T23:27:36.759Z] >>> Received Request: GET /ws/ec/vendor/phpunit/phpunit/src/Util/PHP/eval-stdin.php from ::1
[2025-04-20T23:27:36.992Z] >>> Received Request: GET /V2/vendor/phpunit/phpunit/src/Util/PHP/eval-stdin.php from ::1
[2025-04-20T23:27:37.225Z] >>> Received Request: GET /tests/vendor/phpunit/phpunit/src/Util/PHP/eval-stdin.php from ::1
[2025-04-20T23:27:37.457Z] >>> Received Request: GET /test/vendor/phpunit/phpunit/src/Util/PHP/eval-stdin.php from ::1
[2025-04-20T23:27:37.690Z] >>> Received Request: GET /testing/vendor/phpunit/phpunit/src/Util/PHP/eval-stdin.php from ::1
[2025-04-20T23:27:37.924Z] >>> Received Request: GET /api/vendor/phpunit/phpunit/src/Util/PHP/eval-stdin.php from ::1
[2025-04-20T23:27:38.157Z] >>> Received Request: GET /demo/vendor/phpunit/phpunit/src/Util/PHP/eval-stdin.php from ::1
[2025-04-20T23:27:38.391Z] >>> Received Request: GET /cms/vendor/phpunit/phpunit/src/Util/PHP/eval-stdin.php from ::1
[2025-04-20T23:27:38.623Z] >>> Received Request: GET /crm/vendor/phpunit/phpunit/src/Util/PHP/eval-stdin.php from ::1
[2025-04-20T23:27:38.856Z] >>> Received Request: GET /admin/vendor/phpunit/phpunit/src/Util/PHP/eval-stdin.php from ::1
[2025-04-20T23:27:39.098Z] >>> Received Request: GET /backup/vendor/phpunit/phpunit/src/Util/PHP/eval-stdin.php from ::1
[2025-04-20T23:27:39.332Z] >>> Received Request: GET /blog/vendor/phpunit/phpunit/src/Util/PHP/eval-stdin.php from ::1
[2025-04-20T23:27:39.566Z] >>> Received Request: GET /workspace/drupal/vendor/phpunit/phpunit/src/Util/PHP/eval-stdin.php from ::1
[2025-04-20T23:27:39.800Z] >>> Received Request: GET /panel/vendor/phpunit/phpunit/src/Util/PHP/eval-stdin.php from ::1
[2025-04-20T23:27:40.033Z] >>> Received Request: GET /public/vendor/phpunit/phpunit/src/Util/PHP/eval-stdin.php from ::1
[2025-04-20T23:27:40.265Z] >>> Received Request: GET /apps/vendor/phpunit/phpunit/src/Util/PHP/eval-stdin.php from ::1
[2025-04-20T23:27:40.497Z] >>> Received Request: GET /app/vendor/phpunit/phpunit/src/Util/PHP/eval-stdin.php from ::1
[2025-04-20T23:27:40.731Z] >>> Received Request: GET /index.php?s=/index/\think\app/invokefunction&function=call_user_func_array&vars[0]=md5&vars[1][]=Hello from ::1
[2025-04-20T23:27:40.972Z] >>> Received Request: GET /public/index.php?s=/index/\think\app/invokefunction&function=call_user_func_array&vars[0]=md5&vars[1][]=Hello from ::1
[2025-04-20T23:27:41.209Z] >>> Received Request: GET /index.php?lang=../../../../../../../../usr/local/lib/php/pearcmd&+config-create+/&/<?echo(md5("hi"));?>+/tmp/index1.php from ::1
[2025-04-20T23:27:41.441Z] >>> Received Request: GET /index.php?lang=../../../../../../../../tmp/index1 from ::1
[2025-04-20T23:27:41.674Z] >>> Received Request: GET /containers/json from ::1
[2025-04-20T23:33:55.725Z] >>> Received Request: GET /.env from ::1
[2025-04-20T23:44:02.397Z] >>> Received Request: GET /wp-admin/setup-config.php from ::1
[2025-04-20T23:46:43.414Z] >>> Received Request: GET /wordpress/wp-admin/setup-config.php from ::1
[2025-04-21T00:02:07.669Z] >>> Received Request: GET /wp-admin/setup-config.php from ::1
[2025-04-21T00:04:01.534Z] >>> Received Request: GET /wordpress/wp-admin/setup-config.php from ::1
[2025-04-21T00:06:42.463Z] >>> Received Request: GET / from ::1
[2025-04-21T00:22:01.469Z] >>> Received Request: GET /wordpress/wp-admin/setup-config.php from ::1
[2025-04-21T00:22:29.863Z] >>> Received Request: GET /wp-admin/setup-config.php from ::1
[2025-04-21T00:32:17.001Z] >>> Received Request: GET / from ::1
[2025-04-21T00:44:16.733Z] >>> Received Request: PROPFIND / from ::1
[2025-04-21T00:44:43.083Z] >>> Received Request: GET /wordpress/wp-admin/setup-config.php from ::1
[2025-04-21T00:44:47.772Z] >>> Received Request: GET /wp-admin/setup-config.php from ::1
[2025-04-21T01:04:49.197Z] >>> Received Request: GET /wordpress/wp-admin/setup-config.php from ::1
[2025-04-21T01:04:53.675Z] >>> Received Request: GET /wp-admin/setup-config.php from ::1
[2025-04-21T01:08:23.257Z] >>> Received Request: PROPFIND / from ::1
[2025-04-21T01:18:37.162Z] >>> Received Request: GET / from ::1
[2025-04-21T01:21:30.616Z] >>> Received Request: GET /wordpress/wp-admin/setup-config.php from ::1
[2025-04-21T01:23:15.265Z] >>> Received Request: GET /wp-admin/setup-config.php from ::1
[2025-04-21T01:36:11.621Z] >>> Received Request: GET /.env from ::1
[2025-04-21T01:36:12.347Z] >>> Received Request: GET /.git/config from ::1
[2025-04-21T01:38:28.752Z] >>> Received Request: GET /wp-admin/setup-config.php from ::1
[2025-04-21T01:38:58.011Z] >>> Received Request: GET /wordpress/wp-admin/setup-config.php from ::1
[2025-04-21T01:39:07.155Z] >>> Received Request: GET / from ::1
[2025-04-21T01:50:48.258Z] >>> Received Request: GET / from ::1
[2025-04-21T01:58:50.059Z] >>> Received Request: GET /wp-admin/setup-config.php from ::1
[2025-04-21T02:00:17.089Z] >>> Received Request: GET /wordpress/wp-admin/setup-config.php from ::1
[2025-04-21T02:18:17.893Z] >>> Received Request: GET /wp-admin/setup-config.php from ::1
[2025-04-21T02:19:28.809Z] >>> Received Request: GET /wordpress/wp-admin/setup-config.php from ::1
[2025-04-21T02:34:54.914Z] >>> Received Request: GET /wordpress/wp-admin/setup-config.php from ::1
[2025-04-21T02:36:31.878Z] >>> Received Request: GET /wp-admin/setup-config.php from ::1
[2025-04-21T02:57:41.158Z] >>> Received Request: GET /wordpress/wp-admin/setup-config.php from ::1
[2025-04-21T02:57:55.264Z] >>> Received Request: GET /wp-admin/setup-config.php from ::1
[2025-04-21T03:03:17.503Z] >>> Received Request: PROPFIND / from ::1
[2025-04-21T03:16:12.077Z] >>> Received Request: GET /wp-admin/setup-config.php from ::1
[2025-04-21T03:16:59.590Z] >>> Received Request: GET /wordpress/wp-admin/setup-config.php from ::1
[2025-04-21T03:20:56.529Z] >>> Received Request: GET / from ::1
[2025-04-21T03:21:13.459Z] >>> Received Request: GET /favicon.ico from ::1
[2025-04-21T03:23:53.820Z] >>> Received Request: GET / from ::1
[2025-04-21T03:33:56.757Z] >>> Received Request: GET / from ::1
[2025-04-21T03:34:08.543Z] >>> Received Request: GET /wordpress/wp-admin/setup-config.php from ::1
[2025-04-21T03:36:44.229Z] >>> Received Request: GET /wp-admin/setup-config.php from ::1
[2025-04-21T03:48:02.844Z] >>> Received Request: PROPFIND / from ::1
[2025-04-21T03:53:35.271Z] >>> Received Request: GET /wp-admin/setup-config.php from ::1
[2025-04-21T03:53:54.934Z] >>> Received Request: GET /wordpress/wp-admin/setup-config.php from ::1
[2025-04-21T03:57:56.208Z] >>> Received Request: GET /owa/auth/logon.aspx from ::1
[2025-04-21T04:08:01.108Z] >>> Received Request: GET / from ::1
[2025-04-21T04:15:53.573Z] >>> Received Request: GET /favicon.ico from ::1
[2025-04-21T04:17:09.019Z] >>> Received Request: GET / from ::1
[2025-04-21T04:17:44.146Z] >>> Received Request: GET /wp-admin/setup-config.php from ::1
[2025-04-21T04:18:59.224Z] >>> Received Request: GET /wordpress/wp-admin/setup-config.php from ::1
[2025-04-21T04:22:54.411Z] >>> Received Request: GET /geoserver/web/ from ::1
[2025-04-21T04:24:50.300Z] >>> Received Request: GET /.git/config from ::1
[2025-04-21T04:34:48.449Z] >>> Received Request: GET /wp-admin/setup-config.php from ::1
[2025-04-21T04:37:11.589Z] >>> Received Request: GET /wordpress/wp-admin/setup-config.php from ::1
[2025-04-21T04:54:43.894Z] >>> Received Request: GET /wordpress/wp-admin/setup-config.php from ::1
[2025-04-21T04:57:17.148Z] >>> Received Request: GET /wp-admin/setup-config.php from ::1
[2025-04-21T05:04:27.578Z] >>> Received Request: PROPFIND / from ::1
[2025-04-21T05:16:23.283Z] >>> Received Request: GET /wordpress/wp-admin/setup-config.php from ::1
[2025-04-21T05:17:12.243Z] >>> Received Request: GET /wp-admin/setup-config.php from ::1
[2025-04-21T05:34:16.939Z] >>> Received Request: GET /wp-admin/setup-config.php from ::1
[2025-04-21T05:37:07.586Z] >>> Received Request: GET /wordpress/wp-admin/setup-config.php from ::1
[2025-04-21T06:02:13.845Z] >>> Received Request: GET /autodiscover/autodiscover.json?@zdi/Powershell from ::1
[2025-04-21T06:10:32.324Z] >>> Received Request: GET / from ::1
[2025-04-21T06:23:22.080Z] >>> Received Request: GET / from ::1
[2025-04-21T06:41:05.919Z] >>> Received Request: GET / from ::1
[2025-04-21T06:42:20.458Z] >>> Received Request: PROPFIND / from ::1
[2025-04-21T07:02:51.082Z] >>> Received Request: GET / from ::1
[2025-04-21T07:06:01.473Z] >>> Received Request: GET /wp-admin/setup-config.php from ::1
[2025-04-21T07:06:39.248Z] >>> Received Request: GET /wordpress/wp-admin/setup-config.php from ::1
[2025-04-21T07:22:33.832Z] >>> Received Request: GET /.git/config from ::1
[2025-04-21T07:22:40.965Z] >>> Received Request: GET / from ::1
[2025-04-21T07:22:41.105Z] >>> Received Request: GET / from ::1
[2025-04-21T07:22:41.331Z] >>> Received Request: GET /favicon.ico from ::1
[2025-04-21T07:23:01.378Z] >>> Received Request: GET / from ::1
[2025-04-21T07:23:01.502Z] >>> Received Request: GET / from ::1
[2025-04-21T07:28:20.521Z] >>> Received Request: PROPFIND / from ::1
[2025-04-21T07:35:15.068Z] >>> Received Request: GET /.env from ::1
[2025-04-21T07:46:22.053Z] >>> Received Request: GET / from ::1
[2025-04-21T08:23:19.252Z] >>> Received Request: GET /.env from ::1
[2025-04-21T08:56:27.516Z] >>> Received Request: PROPFIND / from ::1
[2025-04-21T09:14:27.678Z] >>> Received Request: GET / from ::1
[2025-04-21T09:21:36.932Z] >>> Received Request: GET /wordpress/wp-admin/setup-config.php from ::1
[2025-04-21T09:25:35.343Z] >>> Received Request: GET /wp-admin/setup-config.php from ::1
[2025-04-21T09:43:08.939Z] >>> Received Request: GET / from ::1
[2025-04-21T10:08:46.289Z] >>> Received Request: PROPFIND / from ::1
[2025-04-21T10:58:11.691Z] >>> Received Request: PROPFIND / from ::1
[2025-04-21T11:34:49.468Z] >>> Received Request: GET /.env from ::1
[2025-04-21T11:37:34.347Z] >>> Received Request: GET / from ::1
[2025-04-21T11:38:09.179Z] >>> Received Request: GET /favicon.ico from ::1
[2025-04-21T12:12:37.363Z] >>> Received Request: GET /.git/HEAD from ::1
[2025-04-21T12:12:37.483Z] >>> Received Request: GET /.git/config from ::1
[2025-04-21T12:14:41.912Z] >>> Received Request: GET /ab2g from ::1
[2025-04-21T12:14:42.076Z] >>> Received Request: GET /ab2h from ::1
[2025-04-21T12:14:42.270Z] >>> Received Request: GET /alive.php from ::1
[2025-04-21T12:14:43.517Z] >>> Received Request: GET / from ::1
[2025-04-21T12:14:43.849Z] >>> Received Request: GET /t4 from ::1
[2025-04-21T12:14:44.235Z] >>> Received Request: GET /favicon.ico from ::1
[2025-04-21T12:14:44.433Z] >>> Received Request: GET / from ::1
[2025-04-21T12:14:44.587Z] >>> Received Request: GET /teorema505?t=1 from ::1
[2025-04-21T12:47:58.341Z] >>> Received Request: PROPFIND / from ::1
[2025-04-21T13:15:55.105Z] >>> Received Request: GET /pdown from ::1
[2025-04-21T13:19:46.458Z] >>> Received Request: GET / from ::1
[2025-04-21T13:25:15.664Z] >>> Received Request: GET /.env from ::1
[2025-04-21T13:25:16.739Z] >>> Received Request: GET /.git/config from ::1
[2025-04-21T13:29:29.676Z] >>> Received Request: GET /.env from ::1
[2025-04-21T13:38:01.601Z] >>> Received Request: GET / from ::1
[2025-04-21T14:13:54.258Z] >>> Received Request: PROPFIND / from ::1
[2025-04-21T14:29:23.530Z] >>> Received Request: GET /.git/index from ::1
[2025-04-21T14:34:45.678Z] >>> Received Request: GET /actuator/health from ::1
[2025-04-21T16:11:29.265Z] >>> Received Request: PROPFIND / from ::1
[2025-04-21T16:25:37.725Z] >>> Received Request: GET / from ::1
[2025-04-21T16:28:56.210Z] >>> Received Request: GET / from ::1
[2025-04-21T16:30:37.434Z] >>> Received Request: GET /login.htm from ::1
[2025-04-21T17:32:01.349Z] >>> Received Request: GET /.env from ::1
[2025-04-21T18:15:20.053Z] >>> Received Request: GET /.env from ::1
[2025-04-21T18:25:26.556Z] >>> Received Request: PROPFIND / from ::1
[2025-04-21T18:57:50.739Z] >>> Received Request: GET / from ::1
[2025-04-21T18:57:50.937Z] >>> Received Request: GET /odinhttpcall1745261870 from ::1
[2025-04-21T18:57:50.943Z] >>> Received Request: POST /sdk from ::1
[2025-04-21T18:57:51.115Z] >>> Received Request: GET /HNAP1 from ::1
[2025-04-21T18:57:51.159Z] >>> Received Request: GET /evox/about from ::1
[2025-04-21T18:57:51.327Z] >>> Received Request: GET / from ::1
[2025-04-21T18:57:51.481Z] >>> Received Request: GET / from ::1
[2025-04-21T18:57:51.676Z] >>> Received Request: POST / from ::1
[2025-04-21T18:57:51.834Z] >>> Received Request: GET / from ::1
[2025-04-21T18:57:52.583Z] >>> Received Request: GET /favicon.ico from ::1
[2025-04-21T19:19:11.363Z] >>> Received Request: GET / from ::1
[2025-04-21T19:19:16.956Z] >>> Received Request: GET /favicon.ico from ::1
[2025-04-21T19:19:17.552Z] >>> Received Request: GET /robots.txt from ::1
[2025-04-21T19:19:18.159Z] >>> Received Request: GET /sitemap.xml from ::1
[2025-04-21T19:19:22.703Z] >>> Received Request: GET /sse from ::1
[2025-04-21T19:19:23.309Z] >>> Received Request: GET /mcp from ::1
[2025-04-21T19:19:23.911Z] >>> Received Request: GET /mcp-sse from ::1
[2025-04-21T19:41:48.706Z] >>> Received Request: GET / from ::1
[2025-04-21T19:41:58.682Z] >>> Received Request: GET /favicon.ico from ::1
[2025-04-21T19:45:57.037Z] >>> Received Request: GET /robots.txt from ::1
[2025-04-21T19:45:57.455Z] >>> Received Request: GET /ads.txt from ::1
[2025-04-21T20:10:41.386Z] >>> Received Request: GET /.git/config from ::1
[2025-04-21T20:31:38.729Z] >>> Received Request: GET /.git/config from ::1
[2025-04-21T20:45:55.509Z] >>> Received Request: GET /owa/auth/x.js from ::1
[2025-04-21T20:59:35.453Z] >>> Received Request: GET / from ::1
[2025-04-21T21:35:55.226Z] >>> Received Request: GET /.git/HEAD from ::1
[2025-04-21T21:41:15.611Z] >>> Received Request: GET / from ::1
[2025-04-21T21:42:34.601Z] >>> Received Request: GET / from ::1
[2025-04-21T21:42:38.619Z] >>> Received Request: GET /favicon.ico from ::1
[2025-04-21T21:53:29.135Z] >>> Received Request: GET / from ::1
[2025-04-21T21:55:37.562Z] >>> Received Request: GET / from ::1
[2025-04-21T22:10:17.548Z] >>> Received Request: GET / from ::1
[2025-04-21T22:13:02.398Z] >>> Received Request: HEAD / from ::1
[2025-04-21T22:23:45.155Z] >>> Received Request: GET /robots.txt from ::1
[2025-04-21T22:27:16.003Z] >>> Received Request: GET / from ::1
[2025-04-21T23:07:24.231Z] >>> Received Request: PROPFIND / from ::1
[2025-04-22T00:45:32.524Z] >>> Received Request: GET /remote/login from ::1
[2025-04-22T00:45:32.584Z] >>> Received Request: GET /login from ::1
[2025-04-22T00:51:07.479Z] >>> Received Request: PROPFIND / from ::1
[2025-04-22T01:05:05.700Z] >>> Received Request: GET / from ::1
[2025-04-22T01:06:21.404Z] >>> Received Request: GET / from ::1
[2025-04-22T01:14:20.006Z] >>> Received Request: GET /favicon.ico from ::1
[2025-04-22T01:16:35.562Z] >>> Received Request: GET / from ::1
[2025-04-22T01:23:01.956Z] >>> Received Request: GET / from ::1
[2025-04-22T01:23:15.564Z] >>> Received Request: GET /geoserver/web/ from ::1
[2025-04-22T01:25:19.535Z] >>> Received Request: GET /.git/config from ::1
[2025-04-22T01:30:03.329Z] >>> Received Request: GET / from ::1
[2025-04-22T01:30:13.045Z] >>> Received Request: GET /favicon.ico from ::1
[2025-04-22T01:42:40.833Z] >>> Received Request: GET / from ::1
[2025-04-22T01:43:07.408Z] >>> Received Request: HEAD / from ::1
[2025-04-22T01:51:49.309Z] >>> Received Request: GET / from ::1
[2025-04-22T01:52:08.288Z] >>> Received Request: GET /favicon.ico from ::1
[2025-04-22T02:42:48.293Z] >>> Received Request: POST /xmlrpc.php from ::1
[2025-04-22T02:42:55.415Z] >>> Received Request: POST /xmlrpc.php from ::1
[2025-04-22T03:24:15.105Z] >>> Received Request: GET /.git/index from ::1
[2025-04-22T03:28:54.022Z] >>> Received Request: PROPFIND / from ::1
[2025-04-22T03:55:26.027Z] >>> Received Request: GET / from ::1
[2025-04-22T04:09:00.475Z] >>> Received Request: POST /remote/logincheck from ::1
[2025-04-22T04:23:54.180Z] >>> Received Request: GET /.env from ::1
[2025-04-22T04:23:55.374Z] >>> Received Request: GET /.git/config from ::1
[2025-04-22T04:39:21.237Z] >>> Received Request: GET / from ::1
[2025-04-22T04:41:26.168Z] >>> Received Request: GET /.git/refs/ from ::1
[2025-04-22T05:26:52.204Z] >>> Received Request: GET /.env from ::1
[2025-04-22T05:27:06.042Z] >>> Received Request: GET / from ::1
[2025-04-22T05:35:58.772Z] >>> Received Request: GET / from ::1
[2025-04-22T05:39:08.132Z] >>> Received Request: GET / from ::1
[2025-04-22T05:55:42.303Z] >>> Received Request: PROPFIND / from ::1
[2025-04-22T05:55:53.153Z] >>> Received Request: GET / from ::1
[2025-04-22T06:39:07.637Z] >>> Received Request: GET / from ::1
[2025-04-22T06:48:26.856Z] >>> Received Request: GET / from ::1
[2025-04-22T06:58:10.535Z] >>> Received Request: GET / from ::1
[2025-04-22T06:58:37.397Z] >>> Received Request: GET / from ::1
[2025-04-22T06:58:54.019Z] >>> Received Request: GET /manage/account/login from ::1
[2025-04-22T06:59:08.371Z] >>> Received Request: GET /manage/account/login from ::1
[2025-04-22T06:59:20.528Z] >>> Received Request: GET /.env from ::1
[2025-04-22T06:59:23.594Z] >>> Received Request: GET /admin/index.html from ::1
[2025-04-22T06:59:40.233Z] >>> Received Request: GET /admin/index.html from ::1
[2025-04-22T06:59:54.278Z] >>> Received Request: GET /index.html from ::1
[2025-04-22T07:00:33.965Z] >>> Received Request: GET /+CSCOE+/logon.html from ::1
[2025-04-22T07:00:55.235Z] >>> Received Request: GET /+CSCOE+/logon.html from ::1
[2025-04-22T07:02:00.557Z] >>> Received Request: GET /login.htm from ::1
[2025-04-22T07:02:19.020Z] >>> Received Request: GET /login.htm from ::1
[2025-04-22T07:02:40.299Z] >>> Received Request: GET /login.html from ::1
[2025-04-22T07:03:01.509Z] >>> Received Request: GET /login.html from ::1
[2025-04-22T07:03:30.096Z] >>> Received Request: GET /login.jsp from ::1
[2025-04-22T07:03:50.590Z] >>> Received Request: GET /login.jsp from ::1
[2025-04-22T07:04:14.023Z] >>> Received Request: GET /login from ::1
[2025-04-22T07:04:30.320Z] >>> Received Request: GET /login from ::1
[2025-04-22T07:04:50.501Z] >>> Received Request: GET /doc/index.html from ::1
[2025-04-22T07:05:07.783Z] >>> Received Request: GET /doc/index.html from ::1
[2025-04-22T07:05:33.591Z] >>> Received Request: GET /remote/login from ::1
[2025-04-22T07:05:51.822Z] >>> Received Request: GET /remote/login from ::1
[2025-04-22T07:07:00.305Z] >>> Received Request: GET /web/ from ::1
[2025-04-22T07:07:20.049Z] >>> Received Request: GET /web/ from ::1
[2025-04-22T07:07:40.597Z] >>> Received Request: GET /webpages/login.html from ::1
[2025-04-22T07:07:56.365Z] >>> Received Request: GET /webpages/login.html from ::1
[2025-04-22T07:55:55.897Z] >>> Received Request: GET /geoserver from ::1
[2025-04-22T07:59:46.259Z] >>> Received Request: GET /wp-admin/setup-config.php from ::1
[2025-04-22T08:01:41.772Z] >>> Received Request: GET /wordpress/wp-admin/setup-config.php from ::1
[2025-04-22T08:18:39.042Z] >>> Received Request: PROPFIND / from ::1
[2025-04-22T08:32:36.253Z] >>> Received Request: GET /.env from ::1
[2025-04-22T08:59:59.951Z] >>> Received Request: GET /owa/auth/logon.aspx from ::1
[2025-04-22T09:34:14.124Z] >>> Received Request: GET / from ::1
[2025-04-22T09:34:24.639Z] >>> Received Request: GET /favicon.ico from ::1
[2025-04-22T09:34:52.656Z] >>> Received Request: GET / from ::1
[2025-04-22T09:57:58.754Z] >>> Received Request: GET / from ::1
[2025-04-22T09:58:37.774Z] >>> Received Request: GET /favicon.ico from ::1
[2025-04-22T10:00:05.580Z] >>> Received Request: GET / from ::1
[2025-04-22T10:03:57.301Z] >>> Received Request: HEAD / from ::1
[2025-04-22T10:22:04.852Z] >>> Received Request: GET / from ::1
[2025-04-22T10:22:04.918Z] >>> Received Request: GET /favicon.ico from ::1
[2025-04-22T10:23:42.098Z] >>> Received Request: POST /hello.world?%ADd+allow_url_include%3d1+%ADd+auto_prepend_file%3dphp://input from ::1
[2025-04-22T10:23:44.757Z] >>> Received Request: GET /vendor/phpunit/phpunit/src/Util/PHP/eval-stdin.php from ::1
[2025-04-22T10:28:32.421Z] >>> Received Request: GET /.git/HEAD from ::1
[2025-04-22T10:50:57.708Z] >>> Received Request: GET / from ::1
[2025-04-22T11:44:07.685Z] >>> Received Request: GET /.git/refs/heads/ from ::1
[2025-04-22T12:06:58.659Z] >>> Received Request: PROPFIND / from ::1
[2025-04-22T12:14:18.981Z] >>> Received Request: GET / from ::1
[2025-04-22T12:14:19.575Z] >>> Received Request: GET /favicon.ico from ::1
[2025-04-22T12:18:33.187Z] >>> Received Request: GET / from ::1
[2025-04-22T12:35:56.154Z] >>> Received Request: GET / from ::1
[2025-04-22T12:54:39.785Z] >>> Received Request: GET /ecp/Current/exporttool/microsoft.exchange.ediscovery.exporttool.application from ::1
[2025-04-22T13:02:27.422Z] >>> Received Request: GET / from ::1
[2025-04-22T13:12:56.276Z] >>> Received Request: GET /pdown from ::1
[2025-04-22T13:51:06.710Z] >>> Received Request: POST /hello.world?%ADd+allow_url_include%3d1+%ADd+auto_prepend_file%3dphp://input from ::1
[2025-04-22T13:51:07.552Z] >>> Received Request: GET /vendor/phpunit/phpunit/src/Util/PHP/eval-stdin.php from ::1
[2025-04-22T13:51:09.102Z] >>> Received Request: GET /vendor/phpunit/phpunit/Util/PHP/eval-stdin.php from ::1
[2025-04-22T13:51:10.734Z] >>> Received Request: GET /vendor/phpunit/src/Util/PHP/eval-stdin.php from ::1
[2025-04-22T13:51:11.891Z] >>> Received Request: GET /vendor/phpunit/Util/PHP/eval-stdin.php from ::1
[2025-04-22T13:51:13.598Z] >>> Received Request: GET /vendor/phpunit/phpunit/LICENSE/eval-stdin.php from ::1
[2025-04-22T13:51:15.698Z] >>> Received Request: GET /vendor/vendor/phpunit/phpunit/src/Util/PHP/eval-stdin.php from ::1
[2025-04-22T13:51:17.000Z] >>> Received Request: GET /phpunit/phpunit/src/Util/PHP/eval-stdin.php from ::1
[2025-04-22T13:51:18.478Z] >>> Received Request: GET /phpunit/phpunit/Util/PHP/eval-stdin.php from ::1
[2025-04-22T13:51:19.647Z] >>> Received Request: GET /phpunit/src/Util/PHP/eval-stdin.php from ::1
[2025-04-22T13:51:20.791Z] >>> Received Request: GET /phpunit/Util/PHP/eval-stdin.php from ::1
[2025-04-22T13:51:22.236Z] >>> Received Request: GET /lib/phpunit/phpunit/src/Util/PHP/eval-stdin.php from ::1
[2025-04-22T13:51:23.441Z] >>> Received Request: GET /lib/phpunit/phpunit/Util/PHP/eval-stdin.php from ::1
[2025-04-22T13:51:25.206Z] >>> Received Request: GET /lib/phpunit/src/Util/PHP/eval-stdin.php from ::1
[2025-04-22T13:51:26.317Z] >>> Received Request: GET /lib/phpunit/Util/PHP/eval-stdin.php from ::1
[2025-04-22T13:51:26.720Z] >>> Received Request: GET /lib/vendor/phpunit/phpunit/src/Util/PHP/eval-stdin.php from ::1
[2025-04-22T13:51:27.508Z] >>> Received Request: GET /laravel/vendor/phpunit/phpunit/src/Util/PHP/eval-stdin.php from ::1
[2025-04-22T13:51:29.419Z] >>> Received Request: GET /www/vendor/phpunit/phpunit/src/Util/PHP/eval-stdin.php from ::1
[2025-04-22T13:51:31.074Z] >>> Received Request: GET /ws/vendor/phpunit/phpunit/src/Util/PHP/eval-stdin.php from ::1
[2025-04-22T13:51:32.069Z] >>> Received Request: GET /yii/vendor/phpunit/phpunit/src/Util/PHP/eval-stdin.php from ::1
[2025-04-22T13:51:33.528Z] >>> Received Request: GET /zend/vendor/phpunit/phpunit/src/Util/PHP/eval-stdin.php from ::1
[2025-04-22T13:51:34.463Z] >>> Received Request: GET /ws/ec/vendor/phpunit/phpunit/src/Util/PHP/eval-stdin.php from ::1
[2025-04-22T13:51:36.028Z] >>> Received Request: GET /V2/vendor/phpunit/phpunit/src/Util/PHP/eval-stdin.php from ::1
[2025-04-22T13:51:37.249Z] >>> Received Request: GET /tests/vendor/phpunit/phpunit/src/Util/PHP/eval-stdin.php from ::1
[2025-04-22T13:51:39.507Z] >>> Received Request: GET /test/vendor/phpunit/phpunit/src/Util/PHP/eval-stdin.php from ::1
[2025-04-22T13:51:41.677Z] >>> Received Request: GET /testing/vendor/phpunit/phpunit/src/Util/PHP/eval-stdin.php from ::1
[2025-04-22T13:51:42.590Z] >>> Received Request: GET /api/vendor/phpunit/phpunit/src/Util/PHP/eval-stdin.php from ::1
[2025-04-22T13:51:43.897Z] >>> Received Request: GET /demo/vendor/phpunit/phpunit/src/Util/PHP/eval-stdin.php from ::1
[2025-04-22T13:51:45.063Z] >>> Received Request: GET /cms/vendor/phpunit/phpunit/src/Util/PHP/eval-stdin.php from ::1
[2025-04-22T13:51:46.577Z] >>> Received Request: GET /crm/vendor/phpunit/phpunit/src/Util/PHP/eval-stdin.php from ::1
[2025-04-22T13:51:47.684Z] >>> Received Request: GET /admin/vendor/phpunit/phpunit/src/Util/PHP/eval-stdin.php from ::1
[2025-04-22T13:51:49.217Z] >>> Received Request: GET /backup/vendor/phpunit/phpunit/src/Util/PHP/eval-stdin.php from ::1
[2025-04-22T13:51:49.820Z] >>> Received Request: GET /blog/vendor/phpunit/phpunit/src/Util/PHP/eval-stdin.php from ::1
[2025-04-22T13:51:51.359Z] >>> Received Request: GET /workspace/drupal/vendor/phpunit/phpunit/src/Util/PHP/eval-stdin.php from ::1
[2025-04-22T13:51:53.227Z] >>> Received Request: GET /panel/vendor/phpunit/phpunit/src/Util/PHP/eval-stdin.php from ::1
[2025-04-22T13:51:55.104Z] >>> Received Request: GET /public/vendor/phpunit/phpunit/src/Util/PHP/eval-stdin.php from ::1
[2025-04-22T13:51:56.365Z] >>> Received Request: GET /apps/vendor/phpunit/phpunit/src/Util/PHP/eval-stdin.php from ::1
[2025-04-22T13:51:57.679Z] >>> Received Request: GET /app/vendor/phpunit/phpunit/src/Util/PHP/eval-stdin.php from ::1
[2025-04-22T13:51:58.575Z] >>> Received Request: GET /index.php?s=/index/\think\app/invokefunction&function=call_user_func_array&vars[0]=md5&vars[1][]=Hello from ::1
[2025-04-22T13:51:59.252Z] >>> Received Request: GET /public/index.php?s=/index/\think\app/invokefunction&function=call_user_func_array&vars[0]=md5&vars[1][]=Hello from ::1
[2025-04-22T13:52:00.057Z] >>> Received Request: GET /index.php?lang=../../../../../../../../usr/local/lib/php/pearcmd&+config-create+/&/<?echo(md5("hi"));?>+/tmp/index1.php from ::1
[2025-04-22T13:52:00.931Z] >>> Received Request: GET /index.php?lang=../../../../../../../../tmp/index1 from ::1
[2025-04-22T13:52:01.708Z] >>> Received Request: GET /containers/json from ::1
[2025-04-22T14:19:07.768Z] >>> Received Request: PROPFIND / from ::1
[2025-04-22T14:25:58.850Z] >>> Received Request: GET /.env from ::1
[2025-04-22T14:30:28.652Z] >>> Received Request: GET / from ::1
[2025-04-22T14:30:32.912Z] >>> Received Request: GET /favicon.ico from ::1
[2025-04-22T14:44:20.954Z] >>> Received Request: GET /version from ::1
[2025-04-22T15:28:36.348Z] >>> Received Request: GET / from ::1
[2025-04-22T15:44:05.443Z] >>> Received Request: GET /.env from ::1
[2025-04-22T15:56:09.660Z] >>> Received Request: GET /wp-admin/setup-config.php from ::1
[2025-04-22T15:56:58.985Z] >>> Received Request: GET /wordpress/wp-admin/setup-config.php from ::1
[2025-04-22T16:03:15.925Z] >>> Received Request: GET /.env from ::1
[2025-04-22T16:03:16.874Z] >>> Received Request: GET /.git/config from ::1
[2025-04-22T16:07:18.308Z] >>> Received Request: GET / from ::1
[2025-04-22T17:14:00.309Z] >>> Received Request: PROPFIND / from ::1
[2025-04-22T18:32:48.844Z] >>> Received Request: GET /ab2g from ::1
[2025-04-22T18:32:49.678Z] >>> Received Request: GET /ab2h from ::1
[2025-04-22T18:32:50.542Z] >>> Received Request: GET /alive.php from ::1
[2025-04-22T18:32:55.726Z] >>> Received Request: GET / from ::1
[2025-04-22T18:32:56.964Z] >>> Received Request: GET /t4 from ::1
[2025-04-22T18:32:58.504Z] >>> Received Request: GET /favicon.ico from ::1
[2025-04-22T18:32:59.327Z] >>> Received Request: GET / from ::1
[2025-04-22T18:33:00.211Z] >>> Received Request: GET /teorema505?t=1 from ::1
[2025-04-22T18:42:59.996Z] >>> Received Request: PROPFIND / from ::1
[2025-04-22T19:16:34.405Z] >>> Received Request: GET /robots.txt from ::1
[2025-04-22T19:16:34.812Z] >>> Received Request: GET /ads.txt from ::1
[2025-04-22T20:43:51.247Z] >>> Received Request: PROPFIND / from ::1
[2025-04-22T20:58:15.763Z] >>> Received Request: GET / from ::1
[2025-04-22T20:58:15.891Z] >>> Received Request: GET / from ::1
[2025-04-22T20:58:16.100Z] >>> Received Request: GET /favicon.ico from ::1
[2025-04-22T20:58:36.104Z] >>> Received Request: GET / from ::1
[2025-04-22T20:58:36.204Z] >>> Received Request: GET / from ::1
[2025-04-22T20:59:35.476Z] >>> Received Request: GET / from ::1
[2025-04-22T21:20:19.160Z] >>> Received Request: PROPFIND / from ::1
[2025-04-22T21:46:07.684Z] >>> Received Request: POST /hello.world?%ADd+allow_url_include%3d1+%ADd+auto_prepend_file%3dphp://input from ::1
[2025-04-22T21:46:08.534Z] >>> Received Request: GET /vendor/phpunit/phpunit/src/Util/PHP/eval-stdin.php from ::1
[2025-04-22T21:46:09.650Z] >>> Received Request: GET /vendor/phpunit/phpunit/Util/PHP/eval-stdin.php from ::1
[2025-04-22T21:46:10.814Z] >>> Received Request: GET /vendor/phpunit/src/Util/PHP/eval-stdin.php from ::1
[2025-04-22T21:46:12.355Z] >>> Received Request: GET /vendor/phpunit/Util/PHP/eval-stdin.php from ::1
[2025-04-22T21:46:13.537Z] >>> Received Request: GET /vendor/phpunit/phpunit/LICENSE/eval-stdin.php from ::1
[2025-04-22T21:46:14.718Z] >>> Received Request: GET /vendor/vendor/phpunit/phpunit/src/Util/PHP/eval-stdin.php from ::1
[2025-04-22T21:46:15.969Z] >>> Received Request: GET /phpunit/phpunit/src/Util/PHP/eval-stdin.php from ::1
[2025-04-22T21:46:17.305Z] >>> Received Request: GET /phpunit/phpunit/Util/PHP/eval-stdin.php from ::1
[2025-04-22T21:46:18.548Z] >>> Received Request: GET /phpunit/src/Util/PHP/eval-stdin.php from ::1
[2025-04-22T21:46:19.741Z] >>> Received Request: GET /phpunit/Util/PHP/eval-stdin.php from ::1
[2025-04-22T21:46:20.978Z] >>> Received Request: GET /lib/phpunit/phpunit/src/Util/PHP/eval-stdin.php from ::1
[2025-04-22T21:46:22.255Z] >>> Received Request: GET /lib/phpunit/phpunit/Util/PHP/eval-stdin.php from ::1
[2025-04-22T21:46:23.462Z] >>> Received Request: GET /lib/phpunit/src/Util/PHP/eval-stdin.php from ::1
[2025-04-22T21:46:25.098Z] >>> Received Request: GET /lib/phpunit/Util/PHP/eval-stdin.php from ::1
[2025-04-22T21:46:26.859Z] >>> Received Request: GET /lib/vendor/phpunit/phpunit/src/Util/PHP/eval-stdin.php from ::1
[2025-04-22T21:46:28.047Z] >>> Received Request: GET /laravel/vendor/phpunit/phpunit/src/Util/PHP/eval-stdin.php from ::1
[2025-04-22T21:46:29.305Z] >>> Received Request: GET /www/vendor/phpunit/phpunit/src/Util/PHP/eval-stdin.php from ::1
[2025-04-22T21:46:30.482Z] >>> Received Request: GET /ws/vendor/phpunit/phpunit/src/Util/PHP/eval-stdin.php from ::1
[2025-04-22T21:46:31.791Z] >>> Received Request: GET /yii/vendor/phpunit/phpunit/src/Util/PHP/eval-stdin.php from ::1
[2025-04-22T21:46:33.430Z] >>> Received Request: GET /zend/vendor/phpunit/phpunit/src/Util/PHP/eval-stdin.php from ::1
[2025-04-22T21:46:34.427Z] >>> Received Request: GET /ws/ec/vendor/phpunit/phpunit/src/Util/PHP/eval-stdin.php from ::1
[2025-04-22T21:46:35.960Z] >>> Received Request: GET /V2/vendor/phpunit/phpunit/src/Util/PHP/eval-stdin.php from ::1
[2025-04-22T21:46:37.416Z] >>> Received Request: GET /tests/vendor/phpunit/phpunit/src/Util/PHP/eval-stdin.php from ::1
[2025-04-22T21:46:38.643Z] >>> Received Request: GET /test/vendor/phpunit/phpunit/src/Util/PHP/eval-stdin.php from ::1
[2025-04-22T21:46:40.383Z] >>> Received Request: GET /testing/vendor/phpunit/phpunit/src/Util/PHP/eval-stdin.php from ::1
[2025-04-22T21:46:41.848Z] >>> Received Request: GET /api/vendor/phpunit/phpunit/src/Util/PHP/eval-stdin.php from ::1
[2025-04-22T21:46:42.964Z] >>> Received Request: GET /demo/vendor/phpunit/phpunit/src/Util/PHP/eval-stdin.php from ::1
[2025-04-22T21:46:44.330Z] >>> Received Request: GET /cms/vendor/phpunit/phpunit/src/Util/PHP/eval-stdin.php from ::1
[2025-04-22T21:46:45.568Z] >>> Received Request: GET /crm/vendor/phpunit/phpunit/src/Util/PHP/eval-stdin.php from ::1
[2025-04-22T21:46:46.953Z] >>> Received Request: GET /admin/vendor/phpunit/phpunit/src/Util/PHP/eval-stdin.php from ::1
[2025-04-22T21:46:48.197Z] >>> Received Request: GET /backup/vendor/phpunit/phpunit/src/Util/PHP/eval-stdin.php from ::1
[2025-04-22T21:46:49.590Z] >>> Received Request: GET /blog/vendor/phpunit/phpunit/src/Util/PHP/eval-stdin.php from ::1
[2025-04-22T21:46:50.932Z] >>> Received Request: GET /workspace/drupal/vendor/phpunit/phpunit/src/Util/PHP/eval-stdin.php from ::1
[2025-04-22T21:46:52.209Z] >>> Received Request: GET /panel/vendor/phpunit/phpunit/src/Util/PHP/eval-stdin.php from ::1
[2025-04-22T21:46:53.444Z] >>> Received Request: GET /public/vendor/phpunit/phpunit/src/Util/PHP/eval-stdin.php from ::1
[2025-04-22T21:46:54.827Z] >>> Received Request: GET /apps/vendor/phpunit/phpunit/src/Util/PHP/eval-stdin.php from ::1
[2025-04-22T21:46:56.121Z] >>> Received Request: GET /app/vendor/phpunit/phpunit/src/Util/PHP/eval-stdin.php from ::1
[2025-04-22T21:46:57.445Z] >>> Received Request: GET /index.php?s=/index/\think\app/invokefunction&function=call_user_func_array&vars[0]=md5&vars[1][]=Hello from ::1
[2025-04-22T21:46:58.787Z] >>> Received Request: GET /public/index.php?s=/index/\think\app/invokefunction&function=call_user_func_array&vars[0]=md5&vars[1][]=Hello from ::1
[2025-04-22T21:47:00.073Z] >>> Received Request: GET /index.php?lang=../../../../../../../../usr/local/lib/php/pearcmd&+config-create+/&/<?echo(md5("hi"));?>+/tmp/index1.php from ::1
[2025-04-22T21:47:01.318Z] >>> Received Request: GET /index.php?lang=../../../../../../../../tmp/index1 from ::1
[2025-04-22T21:47:02.531Z] >>> Received Request: GET /containers/json from ::1
[2025-04-22T22:19:35.061Z] >>> Received Request: GET / from ::1
[2025-04-22T22:43:32.130Z] >>> Received Request: GET / from ::1
[2025-04-22T22:49:52.704Z] >>> Received Request: GET / from ::1
[2025-04-22T22:54:49.077Z] >>> Received Request: GET /.env from ::1
[2025-04-22T23:17:54.810Z] >>> Received Request: GET / from ::1
[2025-04-22T23:25:26.213Z] >>> Received Request: GET / from ::1
[2025-04-22T23:43:55.454Z] >>> Received Request: PROPFIND / from ::1
[2025-04-22T23:55:52.502Z] >>> Received Request: GET / from ::1
[2025-04-22T23:56:11.075Z] >>> Received Request: GET / from ::1
[2025-04-23T00:14:26.746Z] >>> Received Request: GET / from ::1
[2025-04-23T00:24:06.543Z] >>> Received Request: GET / from ::1
[2025-04-23T00:42:18.639Z] >>> Received Request: GET / from ::1
[2025-04-23T00:44:31.555Z] >>> Received Request: GET /.env from ::1
[2025-04-23T00:52:21.385Z] >>> Received Request: GET / from ::1
[2025-04-23T00:56:38.684Z] >>> Received Request: PROPFIND / from ::1
[2025-04-23T00:59:01.830Z] >>> Received Request: GET / from ::1
[2025-04-23T00:59:01.883Z] >>> Received Request: GET /wordpress/ from ::1
[2025-04-23T00:59:01.933Z] >>> Received Request: GET /old/ from ::1
[2025-04-23T01:24:57.546Z] >>> Received Request: GET / from ::1
[2025-04-23T01:47:08.996Z] >>> Received Request: GET / from ::1
[2025-04-23T01:51:13.988Z] >>> Received Request: GET / from ::1
[2025-04-23T01:51:14.916Z] >>> Received Request: GET /favicon.ico from ::1
[2025-04-23T01:55:39.074Z] >>> Received Request: GET / from ::1
[2025-04-23T02:16:13.177Z] >>> Received Request: GET / from ::1
[2025-04-23T02:19:29.359Z] >>> Received Request: GET / from ::1
[2025-04-23T02:19:37.301Z] >>> Received Request: POST / from ::1
[2025-04-23T02:19:46.285Z] >>> Received Request: POST / from ::1
[2025-04-23T02:19:57.831Z] >>> Received Request: GET /WuEL from ::1
[2025-04-23T02:20:16.455Z] >>> Received Request: GET /a from ::1
[2025-04-23T02:20:27.446Z] >>> Received Request: GET /download/file.ext from ::1
[2025-04-23T02:20:35.128Z] >>> Received Request: GET /SiteLoader from ::1
[2025-04-23T02:20:42.411Z] >>> Received Request: GET /mPlayer from ::1
[2025-04-23T02:25:40.599Z] >>> Received Request: GET /.env from ::1
[2025-04-23T02:25:40.929Z] >>> Received Request: GET /.git/config from ::1
[2025-04-23T02:32:51.164Z] >>> Received Request: GET / from ::1
[2025-04-23T02:48:12.166Z] >>> Received Request: GET / from ::1
[2025-04-23T03:34:40.942Z] >>> Received Request: GET / from ::1
[2025-04-23T03:41:25.690Z] >>> Received Request: GET / from ::1
[2025-04-23T03:51:18.179Z] >>> Received Request: GET / from ::1
[2025-04-23T03:56:35.637Z] >>> Received Request: GET / from ::1
[2025-04-23T04:24:48.526Z] >>> Received Request: GET /.env from ::1
[2025-04-23T04:32:20.951Z] >>> Received Request: GET / from ::1
[2025-04-23T04:40:21.726Z] >>> Received Request: GET / from ::1
[2025-04-23T04:51:27.798Z] >>> Received Request: GET / from ::1
[2025-04-23T04:56:48.819Z] >>> Received Request: GET / from ::1
[2025-04-23T05:21:27.229Z] >>> Received Request: GET /ab2g from ::1
[2025-04-23T05:21:27.663Z] >>> Received Request: GET /ab2h from ::1
[2025-04-23T05:21:28.094Z] >>> Received Request: GET /alive.php from ::1
[2025-04-23T05:21:30.888Z] >>> Received Request: GET / from ::1
[2025-04-23T05:21:31.530Z] >>> Received Request: GET /t4 from ::1
[2025-04-23T05:21:32.173Z] >>> Received Request: GET /favicon.ico from ::1
[2025-04-23T05:21:32.615Z] >>> Received Request: GET / from ::1
[2025-04-23T05:21:33.045Z] >>> Received Request: GET /teorema505?t=1 from ::1
[2025-04-23T05:39:03.065Z] >>> Received Request: GET / from ::1
[2025-04-23T05:40:18.683Z] >>> Received Request: POST /hello.world?%ADd+allow_url_include%3d1+%ADd+auto_prepend_file%3dphp://input from ::1
[2025-04-23T05:40:20.149Z] >>> Received Request: GET /vendor/phpunit/phpunit/src/Util/PHP/eval-stdin.php from ::1
[2025-04-23T05:40:21.234Z] >>> Received Request: GET /vendor/phpunit/phpunit/Util/PHP/eval-stdin.php from ::1
[2025-04-23T05:40:22.681Z] >>> Received Request: GET /vendor/phpunit/src/Util/PHP/eval-stdin.php from ::1
[2025-04-23T05:40:24.463Z] >>> Received Request: GET /vendor/phpunit/Util/PHP/eval-stdin.php from ::1
[2025-04-23T05:40:25.669Z] >>> Received Request: GET /vendor/phpunit/phpunit/LICENSE/eval-stdin.php from ::1
[2025-04-23T05:40:27.206Z] >>> Received Request: GET /vendor/vendor/phpunit/phpunit/src/Util/PHP/eval-stdin.php from ::1
[2025-04-23T05:40:28.888Z] >>> Received Request: GET /phpunit/phpunit/src/Util/PHP/eval-stdin.php from ::1
[2025-04-23T05:40:30.336Z] >>> Received Request: GET /phpunit/phpunit/Util/PHP/eval-stdin.php from ::1
[2025-04-23T05:40:31.977Z] >>> Received Request: GET /phpunit/src/Util/PHP/eval-stdin.php from ::1
[2025-04-23T05:40:33.349Z] >>> Received Request: GET /phpunit/Util/PHP/eval-stdin.php from ::1
[2025-04-23T05:40:34.770Z] >>> Received Request: GET /lib/phpunit/phpunit/src/Util/PHP/eval-stdin.php from ::1
[2025-04-23T05:40:36.108Z] >>> Received Request: GET /lib/phpunit/phpunit/Util/PHP/eval-stdin.php from ::1
[2025-04-23T05:40:37.928Z] >>> Received Request: GET /lib/phpunit/src/Util/PHP/eval-stdin.php from ::1
[2025-04-23T05:40:39.694Z] >>> Received Request: GET /lib/phpunit/Util/PHP/eval-stdin.php from ::1
[2025-04-23T05:40:41.075Z] >>> Received Request: GET /lib/vendor/phpunit/phpunit/src/Util/PHP/eval-stdin.php from ::1
[2025-04-23T05:40:42.487Z] >>> Received Request: GET /laravel/vendor/phpunit/phpunit/src/Util/PHP/eval-stdin.php from ::1
[2025-04-23T05:40:43.639Z] >>> Received Request: GET /www/vendor/phpunit/phpunit/src/Util/PHP/eval-stdin.php from ::1
[2025-04-23T05:40:45.041Z] >>> Received Request: GET /ws/vendor/phpunit/phpunit/src/Util/PHP/eval-stdin.php from ::1
[2025-04-23T05:40:46.846Z] >>> Received Request: GET /yii/vendor/phpunit/phpunit/src/Util/PHP/eval-stdin.php from ::1
[2025-04-23T05:40:48.352Z] >>> Received Request: GET /zend/vendor/phpunit/phpunit/src/Util/PHP/eval-stdin.php from ::1
[2025-04-23T05:40:49.982Z] >>> Received Request: GET /ws/ec/vendor/phpunit/phpunit/src/Util/PHP/eval-stdin.php from ::1
[2025-04-23T05:40:51.450Z] >>> Received Request: GET /V2/vendor/phpunit/phpunit/src/Util/PHP/eval-stdin.php from ::1
[2025-04-23T05:40:52.999Z] >>> Received Request: GET /tests/vendor/phpunit/phpunit/src/Util/PHP/eval-stdin.php from ::1
[2025-04-23T05:40:54.545Z] >>> Received Request: GET /test/vendor/phpunit/phpunit/src/Util/PHP/eval-stdin.php from ::1
[2025-04-23T05:40:56.016Z] >>> Received Request: GET /testing/vendor/phpunit/phpunit/src/Util/PHP/eval-stdin.php from ::1
[2025-04-23T05:40:57.591Z] >>> Received Request: GET /api/vendor/phpunit/phpunit/src/Util/PHP/eval-stdin.php from ::1
[2025-04-23T05:40:58.752Z] >>> Received Request: GET /demo/vendor/phpunit/phpunit/src/Util/PHP/eval-stdin.php from ::1
[2025-04-23T05:41:00.010Z] >>> Received Request: GET /cms/vendor/phpunit/phpunit/src/Util/PHP/eval-stdin.php from ::1
[2025-04-23T05:41:01.619Z] >>> Received Request: GET /crm/vendor/phpunit/phpunit/src/Util/PHP/eval-stdin.php from ::1
[2025-04-23T05:41:03.417Z] >>> Received Request: GET /admin/vendor/phpunit/phpunit/src/Util/PHP/eval-stdin.php from ::1
[2025-04-23T05:41:05.099Z] >>> Received Request: GET /backup/vendor/phpunit/phpunit/src/Util/PHP/eval-stdin.php from ::1
[2025-04-23T05:41:06.766Z] >>> Received Request: GET /blog/vendor/phpunit/phpunit/src/Util/PHP/eval-stdin.php from ::1
[2025-04-23T05:41:08.368Z] >>> Received Request: GET /workspace/drupal/vendor/phpunit/phpunit/src/Util/PHP/eval-stdin.php from ::1
[2025-04-23T05:41:09.631Z] >>> Received Request: GET /panel/vendor/phpunit/phpunit/src/Util/PHP/eval-stdin.php from ::1
[2025-04-23T05:41:11.245Z] >>> Received Request: GET /public/vendor/phpunit/phpunit/src/Util/PHP/eval-stdin.php from ::1
[2025-04-23T05:41:12.499Z] >>> Received Request: GET /apps/vendor/phpunit/phpunit/src/Util/PHP/eval-stdin.php from ::1
[2025-04-23T05:41:13.808Z] >>> Received Request: GET /app/vendor/phpunit/phpunit/src/Util/PHP/eval-stdin.php from ::1
[2025-04-23T05:41:15.283Z] >>> Received Request: GET /index.php?s=/index/\think\app/invokefunction&function=call_user_func_array&vars[0]=md5&vars[1][]=Hello from ::1
[2025-04-23T05:41:16.810Z] >>> Received Request: GET /public/index.php?s=/index/\think\app/invokefunction&function=call_user_func_array&vars[0]=md5&vars[1][]=Hello from ::1
[2025-04-23T05:41:18.389Z] >>> Received Request: GET /index.php?lang=../../../../../../../../usr/local/lib/php/pearcmd&+config-create+/&/<?echo(md5("hi"));?>+/tmp/index1.php from ::1
[2025-04-23T05:41:19.702Z] >>> Received Request: GET /index.php?lang=../../../../../../../../tmp/index1 from ::1
[2025-04-23T05:41:21.084Z] >>> Received Request: GET /containers/json from ::1
[2025-04-23T05:50:08.226Z] >>> Received Request: GET / from ::1
[2025-04-23T05:55:42.051Z] >>> Received Request: GET / from ::1
[2025-04-23T05:58:30.885Z] >>> Received Request: GET / from ::1
[2025-04-23T05:58:52.583Z] >>> Received Request: GET /login from ::1
[2025-04-23T06:08:46.818Z] >>> Received Request: GET / from ::1
[2025-04-23T06:12:59.252Z] >>> Received Request: GET / from ::1
[2025-04-23T06:30:25.066Z] >>> Received Request: GET / from ::1
[2025-04-23T06:36:50.021Z] >>> Received Request: GET /dns-query?dns=rDwBAAABAAAAAAAAB2V4YW1wbGUDY29tAAABAAE from ::1
[2025-04-23T06:36:50.048Z] >>> Received Request: POST /dns-query from ::1
[2025-04-23T06:36:50.079Z] >>> Received Request: GET /dns-query?name=example.com&type=A from ::1
[2025-04-23T06:36:50.110Z] >>> Received Request: GET /dns-query?dns=A1kBAAABAAAAAAAAB2V4YW1wbGUDY29tAAABAAE from ::1
[2025-04-23T06:36:50.141Z] >>> Received Request: POST /dns-query from ::1
[2025-04-23T06:36:50.166Z] >>> Received Request: GET /dns-query?name=example.com&type=A from ::1
[2025-04-23T06:36:50.190Z] >>> Received Request: GET /query?dns=C5ABAAABAAAAAAAAB2V4YW1wbGUDY29tAAABAAE from ::1
[2025-04-23T06:36:50.216Z] >>> Received Request: POST /query from ::1
[2025-04-23T06:36:50.241Z] >>> Received Request: GET /query?name=example.com&type=A from ::1
[2025-04-23T06:36:50.266Z] >>> Received Request: GET /query?dns=PNsBAAABAAAAAAAAB2V4YW1wbGUDY29tAAABAAE from ::1
[2025-04-23T06:36:50.291Z] >>> Received Request: POST /query from ::1
[2025-04-23T06:36:50.317Z] >>> Received Request: GET /query?name=example.com&type=A from ::1
[2025-04-23T06:36:50.343Z] >>> Received Request: GET /resolve?dns=XgIBAAABAAAAAAAAB2V4YW1wbGUDY29tAAABAAE from ::1
[2025-04-23T06:36:50.367Z] >>> Received Request: POST /resolve from ::1
[2025-04-23T06:36:50.393Z] >>> Received Request: GET /resolve?name=example.com&type=A from ::1
[2025-04-23T06:36:50.418Z] >>> Received Request: GET /resolve?dns=QNkBAAABAAAAAAAAB2V4YW1wbGUDY29tAAABAAE from ::1
[2025-04-23T06:36:50.446Z] >>> Received Request: POST /resolve from ::1
[2025-04-23T06:36:50.477Z] >>> Received Request: GET /resolve?name=example.com&type=A from ::1
[2025-04-23T06:36:50.526Z] >>> Received Request: GET /?dns=kuABAAABAAAAAAAAB2V4YW1wbGUDY29tAAABAAE from ::1
[2025-04-23T06:36:50.552Z] >>> Received Request: POST / from ::1
[2025-04-23T06:36:50.577Z] >>> Received Request: GET /?name=example.com&type=A from ::1
[2025-04-23T06:36:50.602Z] >>> Received Request: GET /?dns=_ucBAAABAAAAAAAAB2V4YW1wbGUDY29tAAABAAE from ::1
[2025-04-23T06:36:50.628Z] >>> Received Request: POST / from ::1
[2025-04-23T06:36:50.653Z] >>> Received Request: GET /?name=example.com&type=A from ::1
[2025-04-23T06:43:34.528Z] >>> Received Request: POST /global-protect/login.esp from ::1
[2025-04-23T06:48:07.621Z] >>> Received Request: GET / from ::1
[2025-04-23T06:54:03.569Z] >>> Received Request: GET / from ::1
[2025-04-23T07:12:08.329Z] >>> Received Request: GET / from ::1
[2025-04-23T07:12:49.004Z] >>> Received Request: GET / from ::1
[2025-04-23T07:13:14.778Z] >>> Received Request: GET /manage/account/login from ::1
[2025-04-23T07:13:31.918Z] >>> Received Request: GET /manage/account/login from ::1
[2025-04-23T07:13:54.704Z] >>> Received Request: GET /admin/index.html from ::1
[2025-04-23T07:14:24.785Z] >>> Received Request: GET /admin/index.html from ::1
[2025-04-23T07:14:51.020Z] >>> Received Request: GET /index.html from ::1
[2025-04-23T07:15:41.034Z] >>> Received Request: GET /+CSCOE+/logon.html from ::1
[2025-04-23T07:16:03.792Z] >>> Received Request: GET /+CSCOE+/logon.html from ::1
[2025-04-23T07:16:25.813Z] >>> Received Request: GET /cgi-bin/login.cgi from ::1
[2025-04-23T07:16:50.780Z] >>> Received Request: GET /cgi-bin/login.cgi from ::1
[2025-04-23T07:17:18.516Z] >>> Received Request: GET /login.htm from ::1
[2025-04-23T07:17:42.563Z] >>> Received Request: GET /login.htm from ::1
[2025-04-23T07:18:37.805Z] >>> Received Request: GET /login.html from ::1
[2025-04-23T07:19:03.070Z] >>> Received Request: GET /login.jsp from ::1
[2025-04-23T07:20:56.057Z] >>> Received Request: GET /doc/index.html from ::1
[2025-04-23T07:41:31.463Z] >>> Received Request: GET / from ::1
[2025-04-23T08:06:58.106Z] >>> Received Request: GET / from ::1
[2025-04-23T08:16:34.270Z] >>> Received Request: GET /L8gq from ::1
[2025-04-23T09:23:45.679Z] >>> Received Request: POST /wp-login.php from ::1
[2025-04-23T09:23:46.299Z] >>> Received Request: POST /wordpress/wp-login.php from ::1
[2025-04-23T09:29:49.786Z] >>> Received Request: GET / from ::1
[2025-04-23T09:37:43.462Z] >>> Received Request: GET / from ::1
[2025-04-23T09:56:42.398Z] >>> Received Request: GET / from ::1
[2025-04-23T09:56:42.499Z] >>> Received Request: GET /cgi-bin/luci from ::1
[2025-04-23T09:56:42.594Z] >>> Received Request: GET /login from ::1
[2025-04-23T09:56:42.702Z] >>> Received Request: GET /cgi-bin/luci/admin from ::1
[2025-04-23T09:56:42.819Z] >>> Received Request: GET / from ::1
[2025-04-23T10:20:29.748Z] >>> Received Request: GET /remote/login from ::1
[2025-04-23T10:20:31.570Z] >>> Received Request: GET /login from ::1
[2025-04-23T10:22:39.750Z] >>> Received Request: GET / from ::1
[2025-04-23T10:29:19.313Z] >>> Received Request: GET /article/cherez-obshih-druzej-alsu-rasskazala-o-znakomstve-s-budushim-muzhem-5874?utm_source=adwile_prem&utm_campaign=5874&utm_medium=4&utm_content=7441095&utm_term=56733&sub1=56735&sub2=&sub3=&bb=0&full=1 from ::1
[2025-04-23T10:38:06.646Z] >>> Received Request: GET / from ::1
[2025-04-23T11:07:55.546Z] >>> Received Request: GET / from ::1
[2025-04-23T11:15:42.638Z] >>> Received Request: GET /owa/auth/logon.aspx from ::1
[2025-04-23T11:19:50.354Z] >>> Received Request: GET / from ::1
[2025-04-23T11:19:55.773Z] >>> Received Request: GET /favicon.ico from ::1
[2025-04-23T11:19:56.197Z] >>> Received Request: GET /robots.txt from ::1
[2025-04-23T11:19:56.615Z] >>> Received Request: GET /sitemap.xml from ::1
[2025-04-23T11:19:59.744Z] >>> Received Request: GET /sse from ::1
[2025-04-23T11:20:00.159Z] >>> Received Request: GET /mcp from ::1
[2025-04-23T11:20:00.576Z] >>> Received Request: GET /mcp-sse from ::1
[2025-04-23T12:00:39.102Z] >>> Received Request: GET /wordpress/wp-admin/setup-config.php from ::1
[2025-04-23T12:02:34.561Z] >>> Received Request: GET /wp-admin/setup-config.php from ::1
[2025-04-23T12:28:42.687Z] >>> Received Request: GET /.env from ::1
[2025-04-23T13:01:15.097Z] >>> Received Request: GET /.env from ::1
[2025-04-23T13:01:15.880Z] >>> Received Request: GET /.git/config from ::1
[2025-04-23T13:15:21.224Z] >>> Received Request: GET /pdown from ::1
[2025-04-23T14:02:45.605Z] >>> Received Request: GET / from ::1
[2025-04-23T14:10:11.816Z] >>> Received Request: GET /favicon.ico from ::1
[2025-04-23T14:11:24.151Z] >>> Received Request: GET / from ::1
[2025-04-23T14:16:51.830Z] >>> Received Request: GET /geoserver/web/ from ::1
[2025-04-23T14:18:47.192Z] >>> Received Request: GET /.git/config from ::1
[2025-04-23T14:28:20.620Z] >>> Received Request: GET / from ::1
[2025-04-23T14:28:20.940Z] >>> Received Request: GET /favicon.ico from ::1
[2025-04-23T15:05:06.475Z] >>> Received Request: GET / from ::1
[2025-04-23T15:05:45.344Z] >>> Received Request: GET /favicon.ico from ::1
[2025-04-23T15:34:32.719Z] >>> Received Request: GET /autodiscover/autodiscover.json?@zdi/Powershell from ::1
[2025-04-23T15:37:20.938Z] >>> Received Request: GET /cgi-bin/luci from ::1
[2025-04-23T15:37:21.036Z] >>> Received Request: GET /login from ::1
[2025-04-23T15:37:21.147Z] >>> Received Request: GET /cgi-bin/luci/admin from ::1
[2025-04-23T15:37:21.255Z] >>> Received Request: GET / from ::1
[2025-04-23T16:54:19.434Z] >>> Received Request: GET / from ::1
[2025-04-23T19:47:17.095Z] >>> Received Request: GET /robots.txt from ::1
[2025-04-23T19:47:17.236Z] >>> Received Request: GET /ads.txt from ::1
[2025-04-23T20:23:43.174Z] >>> Received Request: PROPFIND / from ::1
[2025-04-23T20:59:35.454Z] >>> Received Request: GET / from ::1
[2025-04-23T21:10:46.653Z] >>> Received Request: PROPFIND / from ::1
[2025-04-23T21:14:57.102Z] >>> Received Request: GET /.env from ::1
[2025-04-23T21:45:20.598Z] >>> Received Request: PROPFIND / from ::1
[2025-04-23T21:57:42.856Z] >>> Received Request: PROPFIND / from ::1
[2025-04-23T23:02:06.106Z] >>> Received Request: GET / from ::1
[2025-04-23T23:04:51.219Z] >>> Received Request: PROPFIND / from ::1
[2025-04-23T23:34:42.551Z] >>> Received Request: PROPFIND / from ::1
[2025-04-23T23:45:44.224Z] >>> Received Request: GET / from ::1
[2025-04-23T23:45:53.785Z] >>> Received Request: GET /favicon.ico from ::1
[2025-04-24T00:16:40.291Z] >>> Received Request: GET / from ::1
[2025-04-24T00:17:06.462Z] >>> Received Request: GET /favicon.ico from ::1
[2025-04-24T00:18:12.907Z] >>> Received Request: GET /robots.txt from ::1
[2025-04-24T00:18:23.350Z] >>> Received Request: GET / from ::1
[2025-04-24T00:23:59.862Z] >>> Received Request: GET / from ::1
[2025-04-24T00:42:18.192Z] >>> Received Request: GET /owa/auth/x.js from ::1
[2025-04-24T00:48:39.362Z] >>> Received Request: GET /.env from ::1
[2025-04-24T00:50:41.672Z] >>> Received Request: GET / from ::1
[2025-04-24T01:05:01.774Z] >>> Received Request: PROPFIND / from ::1
[2025-04-24T01:05:38.933Z] >>> Received Request: GET / from ::1
[2025-04-24T01:06:27.671Z] >>> Received Request: GET /favicon.ico from ::1
[2025-04-24T01:31:13.696Z] >>> Received Request: GET / from ::1
[2025-04-24T01:31:54.211Z] >>> Received Request: GET /favicon.ico from ::1
[2025-04-24T01:36:39.037Z] >>> Received Request: GET / from ::1
[2025-04-24T01:46:30.253Z] >>> Received Request: GET / from ::1
[2025-04-24T01:52:13.103Z] >>> Received Request: PROPFIND / from ::1
[2025-04-24T02:04:22.591Z] >>> Received Request: POST /ajax from ::1
[2025-04-24T02:13:32.576Z] >>> Received Request: GET /blog/.git/config from ::1
[2025-04-24T02:14:27.027Z] >>> Received Request: GET /.env from ::1
[2025-04-24T02:26:21.520Z] >>> Received Request: GET / from ::1
[2025-04-24T02:28:16.682Z] >>> Received Request: GET /.env from ::1
[2025-04-24T02:28:27.421Z] >>> Received Request: GET /cgi-bin/luci from ::1
[2025-04-24T02:28:27.752Z] >>> Received Request: GET /login from ::1
[2025-04-24T02:28:28.085Z] >>> Received Request: GET /cgi-bin/luci/admin from ::1
[2025-04-24T02:28:28.423Z] >>> Received Request: GET / from ::1
[2025-04-24T02:36:21.559Z] >>> Received Request: GET / from ::1
[2025-04-24T02:36:32.547Z] >>> Received Request: GET /favicon.ico from ::1
[2025-04-24T03:29:18.010Z] >>> Received Request: GET /wp-admin/setup-config.php from ::1
[2025-04-24T03:32:20.611Z] >>> Received Request: GET /wordpress/wp-admin/setup-config.php from ::1
[2025-04-24T03:40:22.361Z] >>> Received Request: PROPFIND / from ::1
[2025-04-24T04:03:50.860Z] >>> Received Request: GET /robots.txt from ::1
[2025-04-24T04:13:11.593Z] >>> Received Request: PROPFIND / from ::1
[2025-04-24T04:14:40.904Z] >>> Received Request: GET /ab2g from ::1
[2025-04-24T04:14:41.355Z] >>> Received Request: GET /ab2h from ::1
[2025-04-24T04:14:41.818Z] >>> Received Request: GET /alive.php from ::1
[2025-04-24T04:14:44.959Z] >>> Received Request: GET / from ::1
[2025-04-24T04:14:45.706Z] >>> Received Request: GET /t4 from ::1
[2025-04-24T04:14:46.407Z] >>> Received Request: GET /favicon.ico from ::1
[2025-04-24T04:14:46.849Z] >>> Received Request: GET / from ::1
[2025-04-24T04:14:47.280Z] >>> Received Request: GET /teorema505?t=1 from ::1
[2025-04-24T04:15:27.276Z] >>> Received Request: GET /.git/config from ::1
[2025-04-24T04:18:57.207Z] >>> Received Request: GET /cgi-bin/luci from ::1
[2025-04-24T04:18:57.627Z] >>> Received Request: GET /login from ::1
[2025-04-24T04:18:58.049Z] >>> Received Request: GET /cgi-bin/luci/admin from ::1
[2025-04-24T04:18:58.476Z] >>> Received Request: GET / from ::1
[2025-04-24T04:25:19.485Z] >>> Received Request: GET /ReportServer from ::1
[2025-04-24T04:51:39.873Z] >>> Received Request: GET / from ::1
[2025-04-24T04:52:11.411Z] >>> Received Request: GET /.env from ::1
[2025-04-24T04:52:13.660Z] >>> Received Request: GET /.git/config from ::1
[2025-04-24T05:02:27.662Z] >>> Received Request: POST /hello.world?%ADd+allow_url_include%3d1+%ADd+auto_prepend_file%3dphp://input from ::1
[2025-04-24T05:02:32.123Z] >>> Received Request: GET /vendor/phpunit/phpunit/src/Util/PHP/eval-stdin.php from ::1
[2025-04-24T05:02:36.848Z] >>> Received Request: GET /vendor/phpunit/phpunit/Util/PHP/eval-stdin.php from ::1
[2025-04-24T05:02:41.363Z] >>> Received Request: GET /vendor/phpunit/src/Util/PHP/eval-stdin.php from ::1
[2025-04-24T05:14:03.002Z] >>> Received Request: GET /robots.txt from ::1
[2025-04-24T05:14:03.170Z] >>> Received Request: GET / from ::1
[2025-04-24T05:20:52.523Z] >>> Received Request: GET / from ::1
[2025-04-24T06:07:15.121Z] >>> Received Request: PROPFIND / from ::1
[2025-04-24T06:33:16.347Z] >>> Received Request: PROPFIND / from ::1
[2025-04-24T07:05:54.761Z] >>> Received Request: GET / from ::1
[2025-04-24T07:24:06.846Z] >>> Received Request: GET / from ::1
[2025-04-24T07:24:07.043Z] >>> Received Request: GET / from ::1
[2025-04-24T07:24:07.232Z] >>> Received Request: GET /favicon.ico from ::1
[2025-04-24T07:24:27.326Z] >>> Received Request: GET / from ::1
[2025-04-24T07:24:27.509Z] >>> Received Request: GET / from ::1
[2025-04-24T07:49:34.560Z] >>> Received Request: GET /robots.txt from ::1
[2025-04-24T07:49:45.066Z] >>> Received Request: GET / from ::1
[2025-04-24T08:31:33.339Z] >>> Received Request: PROPFIND / from ::1
[2025-04-24T09:03:05.400Z] >>> Received Request: GET /robots.txt from ::1
[2025-04-24T09:25:17.992Z] >>> Received Request: GET / from ::1
[2025-04-24T09:26:13.913Z] >>> Received Request: PROPFIND / from ::1
[2025-04-24T09:29:36.374Z] >>> Received Request: GET / from ::1
[2025-04-24T09:51:14.500Z] >>> Received Request: GET /favicon.ico from ::1
[2025-04-24T09:57:50.848Z] >>> Received Request: GET /.env from ::1
[2025-04-24T09:59:08.073Z] >>> Received Request: GET / from ::1
[2025-04-24T10:26:52.469Z] >>> Received Request: PROPFIND / from ::1
[2025-04-24T10:38:43.568Z] >>> Received Request: GET /geoserver/web/ from ::1
[2025-04-24T10:51:40.342Z] >>> Received Request: GET /.git/config from ::1
[2025-04-24T10:55:54.228Z] >>> Received Request: GET /.env from ::1
[2025-04-24T11:16:52.352Z] >>> Received Request: GET / from ::1
[2025-04-24T11:28:42.145Z] >>> Received Request: PROPFIND / from ::1
[2025-04-24T11:33:49.672Z] >>> Received Request: GET /.env from ::1
[2025-04-24T11:33:50.080Z] >>> Received Request: GET /local-phpinfo.php from ::1
[2025-04-24T11:33:50.841Z] >>> Received Request: GET /local.inc.php from ::1
[2025-04-24T11:33:52.549Z] >>> Received Request: GET /local.ini from ::1
[2025-04-24T11:33:54.677Z] >>> Received Request: GET /local.json from ::1
[2025-04-24T11:33:56.591Z] >>> Received Request: GET /local.php from ::1
[2025-04-24T11:33:56.981Z] >>> Received Request: GET /local.xml from ::1
[2025-04-24T11:33:58.187Z] >>> Received Request: GET /parameters.yaml from ::1
[2025-04-24T11:33:59.050Z] >>> Received Request: GET /parameters.yml from ::1
[2025-04-24T11:34:00.328Z] >>> Received Request: GET /php.ini from ::1
[2025-04-24T11:34:01.888Z] >>> Received Request: GET /pi.php from ::1
[2025-04-24T11:34:03.287Z] >>> Received Request: GET /root/info.php from ::1
[2025-04-24T11:34:05.243Z] >>> Received Request: GET /root/infophp from ::1
[2025-04-24T11:34:06.806Z] >>> Received Request: GET /root/phpinfo.php from ::1
[2025-04-24T11:34:08.523Z] >>> Received Request: GET /scripts/phpinfo from ::1
[2025-04-24T11:34:09.069Z] >>> Received Request: GET /scripts/phpinfo.php from ::1
[2025-04-24T11:34:09.797Z] >>> Received Request: GET /server from ::1
[2025-04-24T11:34:10.510Z] >>> Received Request: GET /server.js from ::1
[2025-04-24T11:34:11.005Z] >>> Received Request: GET /server.php from ::1
[2025-04-24T11:34:11.614Z] >>> Received Request: GET /settings.cfg from ::1
[2025-04-24T11:34:12.972Z] >>> Received Request: GET /settings.inc.php from ::1
[2025-04-24T11:34:14.691Z] >>> Received Request: GET /settings.ini from ::1
[2025-04-24T12:11:39.131Z] >>> Received Request: PROPFIND / from ::1
[2025-04-24T12:57:39.458Z] >>> Received Request: GET / from ::1
[2025-04-24T12:57:56.663Z] >>> Received Request: GET / from ::1
[2025-04-24T12:57:57.225Z] >>> Received Request: GET /favicon.ico from ::1
[2025-04-24T12:57:57.772Z] >>> Received Request: GET /sitemap.xml from ::1
[2025-04-24T12:57:57.775Z] >>> Received Request: GET /robots.txt from ::1
[2025-04-24T13:06:15.854Z] >>> Received Request: PROPFIND / from ::1
[2025-04-24T13:14:59.277Z] >>> Received Request: GET /pdown from ::1
[2025-04-24T13:22:11.677Z] >>> Received Request: PROPFIND / from ::1
[2025-04-24T13:44:08.928Z] >>> Received Request: GET / from ::1
[2025-04-24T13:48:37.524Z] >>> Received Request: PROPFIND / from ::1
[2025-04-24T13:57:34.204Z] >>> Received Request: GET / from ::1
[2025-04-24T13:57:36.991Z] >>> Received Request: GET /favicon.ico from ::1
[2025-04-24T14:10:01.922Z] >>> Received Request: GET /.env from ::1
[2025-04-24T14:18:46.297Z] >>> Received Request: GET / from ::1
[2025-04-24T14:26:27.081Z] >>> Received Request: GET /wordpress/wp-admin/setup-config.php from ::1
[2025-04-24T14:28:25.530Z] >>> Received Request: GET / from ::1
[2025-04-24T14:29:39.395Z] >>> Received Request: GET /wp-admin/setup-config.php from ::1
[2025-04-24T14:50:12.526Z] >>> Received Request: GET / from ::1
[2025-04-24T14:51:54.201Z] >>> Received Request: GET / from ::1
[2025-04-24T14:51:55.456Z] >>> Received Request: GET / from ::1
[2025-04-24T15:00:05.545Z] >>> Received Request: PROPFIND / from ::1
[2025-04-24T15:00:47.065Z] >>> Received Request: GET /favicon.ico from ::1
[2025-04-24T15:00:49.370Z] >>> Received Request: GET /favicon.ico from ::1
[2025-04-24T15:00:52.674Z] >>> Received Request: GET /favicon.ico from ::1
[2025-04-24T15:00:57.981Z] >>> Received Request: GET /favicon.ico from ::1
[2025-04-24T15:09:30.006Z] >>> Received Request: PROPFIND / from ::1
[2025-04-24T15:59:27.452Z] >>> Received Request: PROPFIND / from ::1
[2025-04-24T16:46:51.578Z] >>> Received Request: GET /.env from ::1
[2025-04-24T16:46:52.439Z] >>> Received Request: GET /.git/config from ::1
[2025-04-24T17:02:20.570Z] >>> Received Request: PROPFIND / from ::1
[2025-04-24T17:20:12.968Z] >>> Received Request: GET / from ::1
[2025-04-24T17:20:34.997Z] >>> Received Request: GET /login.html from ::1
[2025-04-24T17:20:57.458Z] >>> Received Request: GET /jasperserver/login.html from ::1
[2025-04-24T17:21:17.171Z] >>> Received Request: GET /jasperserver-pro/login.html from ::1
[2025-04-24T17:21:34.377Z] >>> Received Request: GET /jasperserverTest/login.html from ::1
[2025-04-24T17:22:16.569Z] >>> Received Request: PROPFIND / from ::1
[2025-04-24T18:14:39.417Z] >>> Received Request: GET / from ::1
[2025-04-24T18:27:02.504Z] >>> Received Request: PROPFIND / from ::1
[2025-04-24T19:01:05.460Z] >>> Received Request: POST /hello.world?%ADd+allow_url_include%3d1+%ADd+auto_prepend_file%3dphp://input from ::1
[2025-04-24T19:01:05.643Z] >>> Received Request: GET /vendor/phpunit/phpunit/src/Util/PHP/eval-stdin.php from ::1
[2025-04-24T19:01:05.843Z] >>> Received Request: GET /vendor/phpunit/phpunit/Util/PHP/eval-stdin.php from ::1
[2025-04-24T19:01:06.120Z] >>> Received Request: GET /vendor/phpunit/src/Util/PHP/eval-stdin.php from ::1
[2025-04-24T19:01:06.359Z] >>> Received Request: GET /vendor/phpunit/Util/PHP/eval-stdin.php from ::1
[2025-04-24T19:01:06.590Z] >>> Received Request: GET /vendor/phpunit/phpunit/LICENSE/eval-stdin.php from ::1
[2025-04-24T19:01:06.828Z] >>> Received Request: GET /vendor/vendor/phpunit/phpunit/src/Util/PHP/eval-stdin.php from ::1
[2025-04-24T19:01:07.137Z] >>> Received Request: GET /phpunit/phpunit/src/Util/PHP/eval-stdin.php from ::1
[2025-04-24T19:01:07.391Z] >>> Received Request: GET /phpunit/phpunit/Util/PHP/eval-stdin.php from ::1
[2025-04-24T19:01:07.620Z] >>> Received Request: GET /phpunit/src/Util/PHP/eval-stdin.php from ::1
[2025-04-24T19:01:07.886Z] >>> Received Request: GET /phpunit/Util/PHP/eval-stdin.php from ::1
[2025-04-24T19:01:08.119Z] >>> Received Request: GET /lib/phpunit/phpunit/src/Util/PHP/eval-stdin.php from ::1
[2025-04-24T19:01:08.366Z] >>> Received Request: GET /lib/phpunit/phpunit/Util/PHP/eval-stdin.php from ::1
[2025-04-24T19:01:08.578Z] >>> Received Request: GET /lib/phpunit/src/Util/PHP/eval-stdin.php from ::1
[2025-04-24T19:01:08.785Z] >>> Received Request: GET /lib/phpunit/Util/PHP/eval-stdin.php from ::1
[2025-04-24T19:01:08.979Z] >>> Received Request: GET /lib/vendor/phpunit/phpunit/src/Util/PHP/eval-stdin.php from ::1
[2025-04-24T19:01:09.190Z] >>> Received Request: GET /laravel/vendor/phpunit/phpunit/src/Util/PHP/eval-stdin.php from ::1
[2025-04-24T19:01:09.376Z] >>> Received Request: GET /www/vendor/phpunit/phpunit/src/Util/PHP/eval-stdin.php from ::1
[2025-04-24T19:01:09.586Z] >>> Received Request: GET /ws/vendor/phpunit/phpunit/src/Util/PHP/eval-stdin.php from ::1
[2025-04-24T19:01:09.783Z] >>> Received Request: GET /yii/vendor/phpunit/phpunit/src/Util/PHP/eval-stdin.php from ::1
[2025-04-24T19:01:09.981Z] >>> Received Request: GET /zend/vendor/phpunit/phpunit/src/Util/PHP/eval-stdin.php from ::1
[2025-04-24T19:01:10.122Z] >>> Received Request: GET /ws/ec/vendor/phpunit/phpunit/src/Util/PHP/eval-stdin.php from ::1
[2025-04-24T19:01:10.320Z] >>> Received Request: GET /V2/vendor/phpunit/phpunit/src/Util/PHP/eval-stdin.php from ::1
[2025-04-24T19:01:10.530Z] >>> Received Request: GET /tests/vendor/phpunit/phpunit/src/Util/PHP/eval-stdin.php from ::1
[2025-04-24T19:01:10.751Z] >>> Received Request: GET /test/vendor/phpunit/phpunit/src/Util/PHP/eval-stdin.php from ::1
[2025-04-24T19:01:11.000Z] >>> Received Request: GET /testing/vendor/phpunit/phpunit/src/Util/PHP/eval-stdin.php from ::1
[2025-04-24T19:01:11.214Z] >>> Received Request: GET /api/vendor/phpunit/phpunit/src/Util/PHP/eval-stdin.php from ::1
[2025-04-24T19:01:11.465Z] >>> Received Request: GET /demo/vendor/phpunit/phpunit/src/Util/PHP/eval-stdin.php from ::1
[2025-04-24T19:01:11.716Z] >>> Received Request: GET /cms/vendor/phpunit/phpunit/src/Util/PHP/eval-stdin.php from ::1
[2025-04-24T19:01:11.964Z] >>> Received Request: GET /crm/vendor/phpunit/phpunit/src/Util/PHP/eval-stdin.php from ::1
[2025-04-24T19:01:12.164Z] >>> Received Request: GET /admin/vendor/phpunit/phpunit/src/Util/PHP/eval-stdin.php from ::1
[2025-04-24T19:01:12.381Z] >>> Received Request: GET /backup/vendor/phpunit/phpunit/src/Util/PHP/eval-stdin.php from ::1
[2025-04-24T19:01:12.588Z] >>> Received Request: GET /blog/vendor/phpunit/phpunit/src/Util/PHP/eval-stdin.php from ::1
[2025-04-24T19:01:12.726Z] >>> Received Request: GET /workspace/drupal/vendor/phpunit/phpunit/src/Util/PHP/eval-stdin.php from ::1
[2025-04-24T19:01:12.884Z] >>> Received Request: GET /panel/vendor/phpunit/phpunit/src/Util/PHP/eval-stdin.php from ::1
[2025-04-24T19:01:13.034Z] >>> Received Request: GET /public/vendor/phpunit/phpunit/src/Util/PHP/eval-stdin.php from ::1
[2025-04-24T19:01:13.172Z] >>> Received Request: GET /apps/vendor/phpunit/phpunit/src/Util/PHP/eval-stdin.php from ::1
[2025-04-24T19:01:13.329Z] >>> Received Request: GET /app/vendor/phpunit/phpunit/src/Util/PHP/eval-stdin.php from ::1
[2025-04-24T19:01:13.501Z] >>> Received Request: GET /index.php?s=/index/\think\app/invokefunction&function=call_user_func_array&vars[0]=md5&vars[1][]=Hello from ::1
[2025-04-24T19:01:13.668Z] >>> Received Request: GET /public/index.php?s=/index/\think\app/invokefunction&function=call_user_func_array&vars[0]=md5&vars[1][]=Hello from ::1
[2025-04-24T19:01:13.828Z] >>> Received Request: GET /index.php?lang=../../../../../../../../usr/local/lib/php/pearcmd&+config-create+/&/<?echo(md5("hi"));?>+/tmp/index1.php from ::1
[2025-04-24T19:01:13.981Z] >>> Received Request: GET /index.php?lang=../../../../../../../../tmp/index1 from ::1
[2025-04-24T19:01:14.297Z] >>> Received Request: GET /containers/json from ::1
[2025-04-24T19:16:21.303Z] >>> Received Request: GET /.env from ::1
[2025-04-24T19:17:40.313Z] >>> Received Request: GET /robots.txt from ::1
[2025-04-24T19:17:40.711Z] >>> Received Request: GET /ads.txt from ::1
[2025-04-24T19:25:16.405Z] >>> Received Request: GET / from ::1
[2025-04-24T19:25:16.627Z] >>> Received Request: GET /favicon.ico from ::1
[2025-04-24T19:25:16.816Z] >>> Received Request: GET /favicon.png from ::1
[2025-04-24T19:28:34.086Z] >>> Received Request: PROPFIND / from ::1
[2025-04-24T19:44:38.206Z] >>> Received Request: GET /.env from ::1
[2025-04-24T19:58:54.081Z] >>> Received Request: PROPFIND / from ::1
[2025-04-24T20:10:52.267Z] >>> Received Request: GET /owa/auth/logon.aspx from ::1
[2025-04-24T20:59:35.459Z] >>> Received Request: GET / from ::1
[2025-04-24T21:40:06.056Z] >>> Received Request: GET /.env from ::1
[2025-04-24T21:53:44.150Z] >>> Received Request: GET /.env from ::1
[2025-04-24T22:01:04.301Z] >>> Received Request: PROPFIND / from ::1
[2025-04-24T22:02:59.607Z] >>> Received Request: GET /actuator/health from ::1
[2025-04-24T22:18:14.663Z] >>> Received Request: GET / from ::1
[2025-04-24T22:40:32.601Z] >>> Received Request: PROPFIND / from ::1
[2025-04-24T23:09:42.054Z] >>> Received Request: GET /.env from ::1
[2025-04-24T23:22:19.460Z] >>> Received Request: GET /.env from ::1
[2025-04-24T23:22:19.845Z] >>> Received Request: GET /database.ini from ::1
[2025-04-24T23:22:20.581Z] >>> Received Request: GET /admin/dashboard/info.php from ::1
[2025-04-24T23:22:21.048Z] >>> Received Request: GET /config.php.original from ::1
[2025-04-24T23:22:21.405Z] >>> Received Request: GET /config.ini.php from ::1
[2025-04-24T23:22:21.726Z] >>> Received Request: GET /druid/index.html from ::1
[2025-04-24T23:22:22.220Z] >>> Received Request: GET /database.xml from ::1
[2025-04-24T23:22:23.773Z] >>> Received Request: GET /config.ini from ::1
[2025-04-24T23:22:24.100Z] >>> Received Request: GET /composer.json from ::1
[2025-04-24T23:22:25.102Z] >>> Received Request: GET /appsettings.json from ::1
[2025-04-24T23:22:26.597Z] >>> Received Request: GET /database.json from ::1
[2025-04-24T23:22:26.902Z] >>> Received Request: GET /bower.json from ::1
[2025-04-24T23:22:27.210Z] >>> Received Request: GET /apache.conf from ::1
[2025-04-24T23:22:27.530Z] >>> Received Request: GET /config.xml from ::1
[2025-04-24T23:22:27.995Z] >>> Received Request: GET /config.inc.php from ::1
[2025-04-24T23:22:28.366Z] >>> Received Request: GET /admin/infophp.php from ::1
[2025-04-24T23:22:29.402Z] >>> Received Request: GET /admin/phpinfo from ::1
[2025-04-24T23:22:29.986Z] >>> Received Request: GET /dashboard/test.php from ::1
[2025-04-24T23:22:30.432Z] >>> Received Request: GET /config/jwt/private.pem from ::1
[2025-04-24T23:22:30.949Z] >>> Received Request: GET /configure.php~ from ::1
[2025-04-24T23:22:31.268Z] >>> Received Request: GET /bundle.js from ::1
[2025-04-24T23:22:32.456Z] >>> Received Request: GET /application.conf from ::1
[2025-04-24T23:22:33.786Z] >>> Received Request: GET /aws.json from ::1
[2025-04-24T23:22:34.701Z] >>> Received Request: GET /appsettings.xml from ::1
[2025-04-24T23:22:35.213Z] >>> Received Request: GET /config.yaml from ::1
[2025-04-24T23:22:35.500Z] >>> Received Request: GET /apache/phpinfo.php from ::1
[2025-04-24T23:22:36.279Z] >>> Received Request: GET /dashboard/phpinfo from ::1
[2025-04-24T23:22:36.678Z] >>> Received Request: GET /application.yml from ::1
[2025-04-24T23:22:37.181Z] >>> Received Request: GET /awsconfig.json from ::1
[2025-04-24T23:22:37.664Z] >>> Received Request: GET /env from ::1
[2025-04-24T23:41:47.393Z] >>> Received Request: GET / from ::1
[2025-04-24T23:53:10.556Z] >>> Received Request: PROPFIND / from ::1
[2025-04-25T01:14:31.166Z] >>> Received Request: PROPFIND / from ::1
[2025-04-25T01:46:08.420Z] >>> Received Request: GET /.env from ::1
[2025-04-25T01:46:09.175Z] >>> Received Request: GET /.git/config from ::1
[2025-04-25T02:06:17.706Z] >>> Received Request: GET / from ::1
[2025-04-25T02:06:20.551Z] >>> Received Request: GET /favicon.ico from ::1
[2025-04-25T02:19:01.157Z] >>> Received Request: PROPFIND / from ::1
[2025-04-25T02:19:39.772Z] >>> Received Request: GET / from ::1
[2025-04-25T02:20:08.899Z] >>> Received Request: GET /favicon.ico from ::1
[2025-04-25T02:32:07.160Z] >>> Received Request: GET / from ::1
[2025-04-25T03:00:10.652Z] >>> Received Request: GET / from ::1
[2025-04-25T03:04:59.945Z] >>> Received Request: PROPFIND / from ::1
[2025-04-25T04:22:48.426Z] >>> Received Request: PROPFIND / from ::1
[2025-04-25T04:33:22.074Z] >>> Received Request: GET /.env from ::1
[2025-04-25T05:07:26.483Z] >>> Received Request: GET /wordpress/wp-admin/setup-config.php from ::1
[2025-04-25T05:07:36.000Z] >>> Received Request: GET /wp-admin/setup-config.php from ::1
[2025-04-25T05:46:33.422Z] >>> Received Request: PROPFIND / from ::1
[2025-04-25T05:55:02.398Z] >>> Received Request: GET / from ::1
[2025-04-25T06:04:36.267Z] >>> Received Request: GET / from ::1
[2025-04-25T06:08:30.059Z] >>> Received Request: GET / from ::1
[2025-04-25T06:08:51.463Z] >>> Received Request: GET / from ::1
[2025-04-25T06:08:55.399Z] >>> Received Request: POST /hello.world?%ADd+allow_url_include%3d1+%ADd+auto_prepend_file%3dphp://input from ::1
[2025-04-25T06:08:55.859Z] >>> Received Request: GET /vendor/phpunit/phpunit/src/Util/PHP/eval-stdin.php from ::1
[2025-04-25T06:08:56.275Z] >>> Received Request: GET /vendor/phpunit/phpunit/Util/PHP/eval-stdin.php from ::1
[2025-04-25T06:08:56.692Z] >>> Received Request: GET /vendor/phpunit/src/Util/PHP/eval-stdin.php from ::1
[2025-04-25T06:08:57.293Z] >>> Received Request: GET /vendor/phpunit/Util/PHP/eval-stdin.php from ::1
[2025-04-25T06:08:57.858Z] >>> Received Request: GET /vendor/phpunit/phpunit/LICENSE/eval-stdin.php from ::1
[2025-04-25T06:08:58.277Z] >>> Received Request: GET /vendor/vendor/phpunit/phpunit/src/Util/PHP/eval-stdin.php from ::1
[2025-04-25T06:08:58.762Z] >>> Received Request: GET /phpunit/phpunit/src/Util/PHP/eval-stdin.php from ::1
[2025-04-25T06:08:59.208Z] >>> Received Request: GET /phpunit/phpunit/Util/PHP/eval-stdin.php from ::1
[2025-04-25T06:08:59.650Z] >>> Received Request: GET /phpunit/src/Util/PHP/eval-stdin.php from ::1
[2025-04-25T06:09:00.144Z] >>> Received Request: GET /phpunit/Util/PHP/eval-stdin.php from ::1
[2025-04-25T06:09:00.702Z] >>> Received Request: GET /lib/phpunit/phpunit/src/Util/PHP/eval-stdin.php from ::1
[2025-04-25T06:09:01.285Z] >>> Received Request: GET /lib/phpunit/phpunit/Util/PHP/eval-stdin.php from ::1
[2025-04-25T06:09:01.736Z] >>> Received Request: GET /lib/phpunit/src/Util/PHP/eval-stdin.php from ::1
[2025-04-25T06:09:02.247Z] >>> Received Request: GET /lib/phpunit/Util/PHP/eval-stdin.php from ::1
[2025-04-25T06:09:02.967Z] >>> Received Request: GET /lib/vendor/phpunit/phpunit/src/Util/PHP/eval-stdin.php from ::1
[2025-04-25T06:09:03.632Z] >>> Received Request: GET /laravel/vendor/phpunit/phpunit/src/Util/PHP/eval-stdin.php from ::1
[2025-04-25T06:09:04.205Z] >>> Received Request: GET /www/vendor/phpunit/phpunit/src/Util/PHP/eval-stdin.php from ::1
[2025-04-25T06:09:04.799Z] >>> Received Request: GET /ws/vendor/phpunit/phpunit/src/Util/PHP/eval-stdin.php from ::1
[2025-04-25T06:09:05.303Z] >>> Received Request: GET /yii/vendor/phpunit/phpunit/src/Util/PHP/eval-stdin.php from ::1
[2025-04-25T06:09:05.810Z] >>> Received Request: GET /zend/vendor/phpunit/phpunit/src/Util/PHP/eval-stdin.php from ::1
[2025-04-25T06:09:06.303Z] >>> Received Request: GET /ws/ec/vendor/phpunit/phpunit/src/Util/PHP/eval-stdin.php from ::1
[2025-04-25T06:09:06.785Z] >>> Received Request: GET /V2/vendor/phpunit/phpunit/src/Util/PHP/eval-stdin.php from ::1
[2025-04-25T06:09:07.075Z] >>> Received Request: GET / from ::1
[2025-04-25T06:09:07.222Z] >>> Received Request: GET /tests/vendor/phpunit/phpunit/src/Util/PHP/eval-stdin.php from ::1
[2025-04-25T06:09:07.649Z] >>> Received Request: GET /test/vendor/phpunit/phpunit/src/Util/PHP/eval-stdin.php from ::1
[2025-04-25T06:09:08.094Z] >>> Received Request: GET /testing/vendor/phpunit/phpunit/src/Util/PHP/eval-stdin.php from ::1
[2025-04-25T06:09:08.635Z] >>> Received Request: GET /api/vendor/phpunit/phpunit/src/Util/PHP/eval-stdin.php from ::1
[2025-04-25T06:09:09.120Z] >>> Received Request: GET /demo/vendor/phpunit/phpunit/src/Util/PHP/eval-stdin.php from ::1
[2025-04-25T06:09:09.622Z] >>> Received Request: GET /cms/vendor/phpunit/phpunit/src/Util/PHP/eval-stdin.php from ::1
[2025-04-25T06:09:10.056Z] >>> Received Request: GET /crm/vendor/phpunit/phpunit/src/Util/PHP/eval-stdin.php from ::1
[2025-04-25T06:09:10.528Z] >>> Received Request: GET /admin/vendor/phpunit/phpunit/src/Util/PHP/eval-stdin.php from ::1
[2025-04-25T06:09:10.976Z] >>> Received Request: GET /backup/vendor/phpunit/phpunit/src/Util/PHP/eval-stdin.php from ::1
[2025-04-25T06:09:11.450Z] >>> Received Request: GET /blog/vendor/phpunit/phpunit/src/Util/PHP/eval-stdin.php from ::1
[2025-04-25T06:09:11.955Z] >>> Received Request: GET /workspace/drupal/vendor/phpunit/phpunit/src/Util/PHP/eval-stdin.php from ::1
[2025-04-25T06:09:12.435Z] >>> Received Request: GET /panel/vendor/phpunit/phpunit/src/Util/PHP/eval-stdin.php from ::1
[2025-04-25T06:09:13.014Z] >>> Received Request: GET /public/vendor/phpunit/phpunit/src/Util/PHP/eval-stdin.php from ::1
[2025-04-25T06:09:13.522Z] >>> Received Request: GET /apps/vendor/phpunit/phpunit/src/Util/PHP/eval-stdin.php from ::1
[2025-04-25T06:09:14.039Z] >>> Received Request: GET /app/vendor/phpunit/phpunit/src/Util/PHP/eval-stdin.php from ::1
[2025-04-25T06:09:14.466Z] >>> Received Request: GET /index.php?s=/index/\think\app/invokefunction&function=call_user_func_array&vars[0]=md5&vars[1][]=Hello from ::1
[2025-04-25T06:09:14.929Z] >>> Received Request: GET /public/index.php?s=/index/\think\app/invokefunction&function=call_user_func_array&vars[0]=md5&vars[1][]=Hello from ::1
[2025-04-25T06:09:15.383Z] >>> Received Request: GET /index.php?lang=../../../../../../../../usr/local/lib/php/pearcmd&+config-create+/&/<?echo(md5("hi"));?>+/tmp/index1.php from ::1
[2025-04-25T06:09:15.780Z] >>> Received Request: GET /index.php?lang=../../../../../../../../tmp/index1 from ::1
[2025-04-25T06:09:16.509Z] >>> Received Request: GET /containers/json from ::1
[2025-04-25T06:21:39.485Z] >>> Received Request: GET /favicon.ico from ::1
[2025-04-25T06:42:11.878Z] >>> Received Request: POST /FD873AC4-CF86-4FED-84EC-4BD59C6F17A7 from ::1
[2025-04-25T06:45:34.917Z] >>> Received Request: GET / from ::1
[2025-04-25T07:22:40.144Z] >>> Received Request: PROPFIND / from ::1
[2025-04-25T07:32:54.022Z] >>> Received Request: GET / from ::1
[2025-04-25T07:33:20.119Z] >>> Received Request: PROPFIND / from ::1
[2025-04-25T08:34:20.500Z] >>> Received Request: GET /.env from ::1
[2025-04-25T08:36:01.974Z] >>> Received Request: GET / from ::1
[2025-04-25T08:44:13.821Z] >>> Received Request: GET /favicon.ico from ::1
[2025-04-25T08:45:28.209Z] >>> Received Request: GET / from ::1
[2025-04-25T08:51:06.096Z] >>> Received Request: GET /geoserver/web/ from ::1
[2025-04-25T08:53:07.104Z] >>> Received Request: GET /.git/config from ::1
[2025-04-25T09:22:03.543Z] >>> Received Request: GET /owa/auth/logon.aspx from ::1
[2025-04-25T09:23:33.445Z] >>> Received Request: PROPFIND / from ::1
[2025-04-25T10:24:30.475Z] >>> Received Request: GET / from ::1
[2025-04-25T10:32:31.421Z] >>> Received Request: PROPFIND / from ::1
[2025-04-25T10:54:20.670Z] >>> Received Request: GET /remote/login from ::1
[2025-04-25T10:54:21.152Z] >>> Received Request: GET /login from ::1
[2025-04-25T11:14:06.549Z] >>> Received Request: PROPFIND / from ::1
[2025-04-25T11:45:09.396Z] >>> Received Request: GET / from ::1
[2025-04-25T12:07:58.866Z] >>> Received Request: PROPFIND / from ::1
[2025-04-25T12:30:09.315Z] >>> Received Request: GET /ab2g from ::1
[2025-04-25T12:30:10.080Z] >>> Received Request: GET /ab2h from ::1
[2025-04-25T12:30:10.831Z] >>> Received Request: GET /alive.php from ::1
[2025-04-25T12:30:15.916Z] >>> Received Request: GET / from ::1
[2025-04-25T12:30:17.178Z] >>> Received Request: GET /t4 from ::1
[2025-04-25T12:30:18.402Z] >>> Received Request: GET /favicon.ico from ::1
[2025-04-25T12:30:19.181Z] >>> Received Request: GET / from ::1
[2025-04-25T12:30:20.016Z] >>> Received Request: GET /teorema505?t=1 from ::1
[2025-04-25T12:32:46.070Z] >>> Received Request: GET /wordpress/wp-admin/setup-config.php from ::1
[2025-04-25T12:34:08.108Z] >>> Received Request: GET /wp-admin/setup-config.php from ::1
[2025-04-25T13:10:27.301Z] >>> Received Request: GET / from ::1
[2025-04-25T13:14:14.111Z] >>> Received Request: GET /pdown from ::1
[2025-04-25T13:39:19.676Z] >>> Received Request: GET / from ::1
[2025-04-25T13:41:11.589Z] >>> Received Request: PROPFIND / from ::1
[2025-04-25T13:49:37.914Z] >>> Received Request: GET / from ::1
[2025-04-25T14:01:23.444Z] >>> Received Request: GET /.env.bak from ::1
[2025-04-25T14:38:15.121Z] >>> Received Request: PROPFIND / from ::1
[2025-04-25T14:41:39.421Z] >>> Received Request: POST /hello.world?%ADd+allow_url_include%3d1+%ADd+auto_prepend_file%3dphp://input from ::1
[2025-04-25T14:41:39.881Z] >>> Received Request: GET /vendor/phpunit/phpunit/src/Util/PHP/eval-stdin.php from ::1
[2025-04-25T14:41:40.233Z] >>> Received Request: GET /vendor/phpunit/phpunit/Util/PHP/eval-stdin.php from ::1
[2025-04-25T14:41:40.557Z] >>> Received Request: GET /vendor/phpunit/src/Util/PHP/eval-stdin.php from ::1
[2025-04-25T14:41:40.843Z] >>> Received Request: GET /vendor/phpunit/Util/PHP/eval-stdin.php from ::1
[2025-04-25T14:41:41.149Z] >>> Received Request: GET /vendor/phpunit/phpunit/LICENSE/eval-stdin.php from ::1
[2025-04-25T14:41:41.380Z] >>> Received Request: GET /vendor/vendor/phpunit/phpunit/src/Util/PHP/eval-stdin.php from ::1
[2025-04-25T14:41:41.588Z] >>> Received Request: GET /phpunit/phpunit/src/Util/PHP/eval-stdin.php from ::1
[2025-04-25T14:41:41.834Z] >>> Received Request: GET /phpunit/phpunit/Util/PHP/eval-stdin.php from ::1
[2025-04-25T14:41:42.006Z] >>> Received Request: GET /phpunit/src/Util/PHP/eval-stdin.php from ::1
[2025-04-25T14:41:42.221Z] >>> Received Request: GET /phpunit/Util/PHP/eval-stdin.php from ::1
[2025-04-25T14:41:42.501Z] >>> Received Request: GET /lib/phpunit/phpunit/src/Util/PHP/eval-stdin.php from ::1
[2025-04-25T14:41:42.810Z] >>> Received Request: GET /lib/phpunit/phpunit/Util/PHP/eval-stdin.php from ::1
[2025-04-25T14:41:43.075Z] >>> Received Request: GET /lib/phpunit/src/Util/PHP/eval-stdin.php from ::1
[2025-04-25T14:41:43.292Z] >>> Received Request: GET /lib/phpunit/Util/PHP/eval-stdin.php from ::1
[2025-04-25T14:41:43.909Z] >>> Received Request: GET /lib/vendor/phpunit/phpunit/src/Util/PHP/eval-stdin.php from ::1
[2025-04-25T14:41:44.290Z] >>> Received Request: GET /laravel/vendor/phpunit/phpunit/src/Util/PHP/eval-stdin.php from ::1
[2025-04-25T14:41:44.623Z] >>> Received Request: GET /www/vendor/phpunit/phpunit/src/Util/PHP/eval-stdin.php from ::1
[2025-04-25T14:41:44.973Z] >>> Received Request: GET /ws/vendor/phpunit/phpunit/src/Util/PHP/eval-stdin.php from ::1
[2025-04-25T14:41:45.363Z] >>> Received Request: GET /yii/vendor/phpunit/phpunit/src/Util/PHP/eval-stdin.php from ::1
[2025-04-25T14:41:45.792Z] >>> Received Request: GET /zend/vendor/phpunit/phpunit/src/Util/PHP/eval-stdin.php from ::1
[2025-04-25T14:41:46.113Z] >>> Received Request: GET /ws/ec/vendor/phpunit/phpunit/src/Util/PHP/eval-stdin.php from ::1
[2025-04-25T14:41:46.486Z] >>> Received Request: GET /V2/vendor/phpunit/phpunit/src/Util/PHP/eval-stdin.php from ::1
[2025-04-25T14:41:46.855Z] >>> Received Request: GET /tests/vendor/phpunit/phpunit/src/Util/PHP/eval-stdin.php from ::1
[2025-04-25T14:41:47.143Z] >>> Received Request: GET /test/vendor/phpunit/phpunit/src/Util/PHP/eval-stdin.php from ::1
[2025-04-25T14:41:47.466Z] >>> Received Request: GET /testing/vendor/phpunit/phpunit/src/Util/PHP/eval-stdin.php from ::1
[2025-04-25T14:41:47.772Z] >>> Received Request: GET /api/vendor/phpunit/phpunit/src/Util/PHP/eval-stdin.php from ::1
[2025-04-25T14:41:48.502Z] >>> Received Request: GET /demo/vendor/phpunit/phpunit/src/Util/PHP/eval-stdin.php from ::1
[2025-04-25T14:41:48.823Z] >>> Received Request: GET /cms/vendor/phpunit/phpunit/src/Util/PHP/eval-stdin.php from ::1
[2025-04-25T14:41:49.107Z] >>> Received Request: GET /crm/vendor/phpunit/phpunit/src/Util/PHP/eval-stdin.php from ::1
[2025-04-25T14:41:49.402Z] >>> Received Request: GET /admin/vendor/phpunit/phpunit/src/Util/PHP/eval-stdin.php from ::1
[2025-04-25T14:41:49.672Z] >>> Received Request: GET /backup/vendor/phpunit/phpunit/src/Util/PHP/eval-stdin.php from ::1
[2025-04-25T14:41:50.046Z] >>> Received Request: GET /blog/vendor/phpunit/phpunit/src/Util/PHP/eval-stdin.php from ::1
[2025-04-25T14:41:50.383Z] >>> Received Request: GET /workspace/drupal/vendor/phpunit/phpunit/src/Util/PHP/eval-stdin.php from ::1
[2025-04-25T14:41:50.735Z] >>> Received Request: GET /panel/vendor/phpunit/phpunit/src/Util/PHP/eval-stdin.php from ::1
[2025-04-25T14:41:51.118Z] >>> Received Request: GET /public/vendor/phpunit/phpunit/src/Util/PHP/eval-stdin.php from ::1
[2025-04-25T14:41:51.476Z] >>> Received Request: GET /apps/vendor/phpunit/phpunit/src/Util/PHP/eval-stdin.php from ::1
[2025-04-25T14:41:51.851Z] >>> Received Request: GET /app/vendor/phpunit/phpunit/src/Util/PHP/eval-stdin.php from ::1
[2025-04-25T14:41:52.148Z] >>> Received Request: GET /index.php?s=/index/\think\app/invokefunction&function=call_user_func_array&vars[0]=md5&vars[1][]=Hello from ::1
[2025-04-25T14:41:52.433Z] >>> Received Request: GET /public/index.php?s=/index/\think\app/invokefunction&function=call_user_func_array&vars[0]=md5&vars[1][]=Hello from ::1
[2025-04-25T14:41:52.732Z] >>> Received Request: GET /index.php?lang=../../../../../../../../usr/local/lib/php/pearcmd&+config-create+/&/<?echo(md5("hi"));?>+/tmp/index1.php from ::1
[2025-04-25T14:41:53.026Z] >>> Received Request: GET /index.php?lang=../../../../../../../../tmp/index1 from ::1
[2025-04-25T14:41:53.299Z] >>> Received Request: GET /containers/json from ::1
[2025-04-25T14:51:49.297Z] >>> Received Request: GET / from ::1
[2025-04-25T15:25:18.324Z] >>> Received Request: GET / from ::1
[2025-04-25T15:25:18.509Z] >>> Received Request: GET /odinhttpcall1745594718 from ::1
[2025-04-25T15:25:18.511Z] >>> Received Request: POST /sdk from ::1
[2025-04-25T15:25:18.657Z] >>> Received Request: GET /evox/about from ::1
[2025-04-25T15:25:18.727Z] >>> Received Request: GET /HNAP1 from ::1
[2025-04-25T15:25:18.872Z] >>> Received Request: GET / from ::1
[2025-04-25T15:25:19.038Z] >>> Received Request: GET / from ::1
[2025-04-25T15:25:19.239Z] >>> Received Request: POST / from ::1
[2025-04-25T15:25:19.383Z] >>> Received Request: GET / from ::1
[2025-04-25T15:40:29.532Z] >>> Received Request: GET /.env from ::1
[2025-04-25T15:40:30.271Z] >>> Received Request: GET /tmp.php from ::1
[2025-04-25T15:40:31.405Z] >>> Received Request: GET /test.js from ::1
[2025-04-25T15:40:32.764Z] >>> Received Request: GET /test1.php from ::1
[2025-04-25T15:40:34.774Z] >>> Received Request: GET /test2.php from ::1
[2025-04-25T15:40:35.909Z] >>> Received Request: GET /test5.php from ::1
[2025-04-25T15:40:37.666Z] >>> Received Request: GET /test_info1.php from ::1
[2025-04-25T15:40:39.106Z] >>> Received Request: GET /test_phpinfo.php from ::1
[2025-04-25T15:40:39.681Z] >>> Received Request: GET /test_phpinfo1.php from ::1
[2025-04-25T15:40:40.257Z] >>> Received Request: GET /test_phpinfo2.php from ::1
[2025-04-25T15:40:41.199Z] >>> Received Request: GET /test_phpinfo3.php from ::1
[2025-04-25T15:40:42.767Z] >>> Received Request: GET /testing.php from ::1
[2025-04-25T15:40:43.792Z] >>> Received Request: GET /testphpinfo from ::1
[2025-04-25T15:40:44.677Z] >>> Received Request: GET /testphpinfo.php from ::1
[2025-04-25T15:40:46.866Z] >>> Received Request: GET /tmp/phpinfo.php from ::1
[2025-04-25T15:40:47.786Z] >>> Received Request: GET /token.php from ::1
[2025-04-25T15:40:51.257Z] >>> Received Request: GET /tools/info.php from ::1
[2025-04-25T15:40:52.611Z] >>> Received Request: GET /w.php from ::1
[2025-04-25T15:40:53.267Z] >>> Received Request: GET /web.php from ::1
[2025-04-25T15:40:54.680Z] >>> Received Request: GET /webfig/ from ::1
[2025-04-25T15:40:55.467Z] >>> Received Request: GET /x.php from ::1
[2025-04-25T15:40:57.564Z] >>> Received Request: GET /.AWS_/credentials from ::1
[2025-04-25T15:40:58.547Z] >>> Received Request: GET /.circleci/config.yml from ::1
[2025-04-25T15:41:00.693Z] >>> Received Request: GET /.local from ::1
[2025-04-25T15:41:01.600Z] >>> Received Request: GET /.remote from ::1
[2025-04-25T15:41:05.807Z] >>> Received Request: GET /admin/.git/config from ::1
[2025-04-25T16:00:54.689Z] >>> Received Request: GET / from ::1
[2025-04-25T16:00:54.845Z] >>> Received Request: POST /sdk from ::1
[2025-04-25T16:00:54.872Z] >>> Received Request: GET /odinhttpcall1745596854 from ::1
[2025-04-25T16:00:55.039Z] >>> Received Request: GET /evox/about from ::1
[2025-04-25T16:00:55.113Z] >>> Received Request: GET /HNAP1 from ::1
[2025-04-25T16:00:55.286Z] >>> Received Request: GET / from ::1
[2025-04-25T16:00:55.464Z] >>> Received Request: GET / from ::1
[2025-04-25T16:00:55.716Z] >>> Received Request: POST / from ::1
[2025-04-25T16:00:55.839Z] >>> Received Request: GET / from ::1
[2025-04-25T16:00:56.894Z] >>> Received Request: GET /favicon.ico from ::1
[2025-04-25T16:02:51.202Z] >>> Received Request: GET /.env from ::1
[2025-04-25T16:02:53.317Z] >>> Received Request: GET /.git/config from ::1
[2025-04-25T16:07:32.548Z] >>> Received Request: PROPFIND / from ::1
[2025-04-25T17:14:48.177Z] >>> Received Request: GET / from ::1
[2025-04-25T17:30:24.754Z] >>> Received Request: HEAD / from ::1
[2025-04-25T17:43:19.859Z] >>> Received Request: PROPFIND / from ::1
[2025-04-25T18:20:55.144Z] >>> Received Request: GET /.env from ::1
[2025-04-25T18:31:36.690Z] >>> Received Request: GET / from ::1
[2025-04-25T18:31:36.851Z] >>> Received Request: GET / from ::1
[2025-04-25T18:31:37.050Z] >>> Received Request: GET /favicon.ico from ::1
[2025-04-25T18:31:57.023Z] >>> Received Request: GET / from ::1
[2025-04-25T18:31:57.148Z] >>> Received Request: GET / from ::1
[2025-04-25T18:42:41.286Z] >>> Received Request: PROPFIND / from ::1
[2025-04-25T18:48:25.385Z] >>> Received Request: GET /robots.txt from ::1
[2025-04-25T18:48:25.523Z] >>> Received Request: GET /ads.txt from ::1
[2025-04-25T18:56:42.257Z] >>> Received Request: GET / from ::1
[2025-04-25T19:10:13.993Z] >>> Received Request: GET /version from ::1
[2025-04-25T19:42:47.405Z] >>> Received Request: GET / from ::1
[2025-04-25T19:42:47.441Z] >>> Received Request: GET /js/twint_ch.js from ::1
[2025-04-25T19:42:47.479Z] >>> Received Request: GET /js/lkk_ch.js from ::1
[2025-04-25T20:40:22.356Z] >>> Received Request: GET /autodiscover/autodiscover.json?@zdi/Powershell from ::1
[2025-04-25T20:59:35.460Z] >>> Received Request: GET / from ::1
[2025-04-25T21:17:31.686Z] >>> Received Request: GET / from ::1
[2025-04-25T22:42:42.187Z] >>> Received Request: PROPFIND / from ::1
[2025-04-25T22:42:53.654Z] >>> Received Request: GET / from ::1
[2025-04-25T22:49:15.512Z] >>> Received Request: GET / from ::1
[2025-04-25T22:49:21.230Z] >>> Received Request: GET / from ::1
[2025-04-25T23:08:23.589Z] >>> Received Request: GET / from ::1
[2025-04-25T23:14:28.075Z] >>> Received Request: GET /.env from ::1
[2025-04-25T23:17:28.593Z] >>> Received Request: GET /wp-admin/setup-config.php from ::1
[2025-04-25T23:17:33.656Z] >>> Received Request: GET /wordpress/wp-admin/setup-config.php from ::1
[2025-04-26T00:17:55.531Z] >>> Received Request: GET / from ::1
[2025-04-26T00:59:31.737Z] >>> Received Request: GET / from ::1
[2025-04-26T01:07:46.321Z] >>> Received Request: GET / from ::1
[2025-04-26T01:12:54.254Z] >>> Received Request: GET /geoserver/web/ from ::1
[2025-04-26T01:15:05.906Z] >>> Received Request: GET /.git/config from ::1
[2025-04-26T01:23:56.722Z] >>> Received Request: GET / from ::1
[2025-04-26T01:35:37.552Z] >>> Received Request: GET /.env from ::1
[2025-04-26T02:10:55.531Z] >>> Received Request: GET / from ::1
[2025-04-26T02:11:05.108Z] >>> Received Request: GET /favicon.ico from ::1
[2025-04-26T02:26:57.507Z] >>> Received Request: GET / from ::1
[2025-04-26T02:45:24.367Z] >>> Received Request: PROPFIND / from ::1
[2025-04-26T03:04:02.565Z] >>> Received Request: GET /ecp/Current/exporttool/microsoft.exchange.ediscovery.exporttool.application from ::1
[2025-04-26T03:53:06.325Z] >>> Received Request: GET / from ::1
[2025-04-26T04:41:16.478Z] >>> Received Request: GET /wordpress/wp-admin/setup-config.php from ::1
[2025-04-26T04:42:51.475Z] >>> Received Request: GET /.env from ::1
[2025-04-26T04:42:52.221Z] >>> Received Request: GET /.git/config from ::1
[2025-04-26T04:43:49.585Z] >>> Received Request: GET /wp-admin/setup-config.php from ::1
[2025-04-26T05:08:54.786Z] >>> Received Request: GET / from ::1
[2025-04-26T05:10:22.502Z] >>> Received Request: GET / from ::1
[2025-04-26T05:13:03.739Z] >>> Received Request: GET /.env from ::1
[2025-04-26T05:33:39.987Z] >>> Received Request: GET / from ::1
[2025-04-26T05:33:43.291Z] >>> Received Request: GET / from ::1
[2025-04-26T05:33:46.634Z] >>> Received Request: GET / from ::1
[2025-04-26T05:33:49.938Z] >>> Received Request: GET /favicon.ico from ::1
[2025-04-26T05:33:53.378Z] >>> Received Request: GET /favicon.ico from ::1
[2025-04-26T05:44:46.091Z] >>> Received Request: GET / from ::1
[2025-04-26T05:44:47.192Z] >>> Received Request: GET /.env.backup from ::1
[2025-04-26T05:44:47.656Z] >>> Received Request: GET /.env.dev from ::1
[2025-04-26T05:44:47.912Z] >>> Received Request: GET /.env.save from ::1
[2025-04-26T05:44:48.853Z] >>> Received Request: GET /public/.git/config from ::1
[2025-04-26T05:44:49.029Z] >>> Received Request: GET /.aws/credentials from ::1
[2025-04-26T05:44:50.256Z] >>> Received Request: GET /.env.default from ::1
[2025-04-26T05:44:50.462Z] >>> Received Request: GET /.env.local from ::1
[2025-04-26T05:44:50.870Z] >>> Received Request: GET /app/.git/config from ::1
[2025-04-26T05:44:53.018Z] >>> Received Request: GET /.env.dev.local from ::1
[2025-04-26T05:44:53.743Z] >>> Received Request: GET /build/.env from ::1
[2025-04-26T05:44:54.288Z] >>> Received Request: GET /admin/.git/config from ::1
[2025-04-26T05:44:55.768Z] >>> Received Request: GET /.env.sandbox from ::1
[2025-04-26T05:44:56.640Z] >>> Received Request: GET /.env.staging.local from ::1
[2025-04-26T05:44:56.761Z] >>> Received Request: GET /.env.uat from ::1
[2025-04-26T05:44:56.927Z] >>> Received Request: GET /.env.dist from ::1
[2025-04-26T05:44:58.524Z] >>> Received Request: GET /.env.test from ::1
[2025-04-26T05:45:00.433Z] >>> Received Request: GET /static../.git/config from ::1
[2025-04-26T05:45:00.636Z] >>> Received Request: GET /dev/.git/config from ::1
[2025-04-26T05:45:01.264Z] >>> Received Request: GET /data/.git/config from ::1
[2025-04-26T05:45:01.896Z] >>> Received Request: GET /.env from ::1
[2025-04-26T05:45:02.110Z] >>> Received Request: GET /.env.testing from ::1
[2025-04-26T05:45:02.514Z] >>> Received Request: GET /src/.git/config from ::1
[2025-04-26T05:45:02.976Z] >>> Received Request: GET /api/.git/config from ::1
[2025-04-26T05:45:03.685Z] >>> Received Request: GET /config.json from ::1
[2025-04-26T05:45:04.285Z] >>> Received Request: GET /.env.live from ::1
[2025-04-26T05:45:05.712Z] >>> Received Request: GET /.env.bak from ::1
[2025-04-26T05:45:06.639Z] >>> Received Request: GET /media../.git/config from ::1
[2025-04-26T05:45:07.152Z] >>> Received Request: GET /project/.git/config from ::1
[2025-04-26T05:45:08.472Z] >>> Received Request: GET /server/.git/config from ::1
[2025-04-26T05:45:09.675Z] >>> Received Request: GET /media/.git/config from ::1
[2025-04-26T05:45:09.976Z] >>> Received Request: GET /config/.env from ::1
[2025-04-26T05:45:10.652Z] >>> Received Request: GET /prod/.env from ::1
[2025-04-26T05:45:12.294Z] >>> Received Request: GET /files/.git/config from ::1
[2025-04-26T05:45:12.431Z] >>> Received Request: GET /.env.ci from ::1
[2025-04-26T05:45:14.914Z] >>> Received Request: GET /.env.development.local from ::1
[2025-04-26T05:45:15.007Z] >>> Received Request: GET /.env.preprod from ::1
[2025-04-26T05:45:15.612Z] >>> Received Request: GET /.env.prod from ::1
[2025-04-26T05:45:15.710Z] >>> Received Request: GET /.env_sample from ::1
[2025-04-26T05:45:15.848Z] >>> Received Request: GET /api/.env from ::1
[2025-04-26T05:45:17.141Z] >>> Received Request: GET /backup/.git/config from ::1
[2025-04-26T05:45:17.251Z] >>> Received Request: GET /core/.git/config from ::1
[2025-04-26T05:45:17.386Z] >>> Received Request: GET /config/.git/config from ::1
[2025-04-26T05:45:18.231Z] >>> Received Request: GET /www/.git/config from ::1
[2025-04-26T05:45:19.079Z] >>> Received Request: GET /.env.config from ::1
[2025-04-26T05:45:20.138Z] >>> Received Request: GET /.env.production from ::1
[2025-04-26T05:45:21.463Z] >>> Received Request: GET /.env.secret from ::1
[2025-04-26T05:45:21.557Z] >>> Received Request: GET /settings/.env from ::1
[2025-04-26T05:45:21.720Z] >>> Received Request: GET /cms/.git/config from ::1
[2025-04-26T05:45:22.803Z] >>> Received Request: GET /configuration/.env from ::1
[2025-04-26T05:45:23.958Z] >>> Received Request: GET /assets../.git/config from ::1
[2025-04-26T05:45:24.380Z] >>> Received Request: GET /docker-compose.prod.yml from ::1
[2025-04-26T05:45:24.538Z] >>> Received Request: GET /.env.production.local from ::1
[2025-04-26T05:45:25.111Z] >>> Received Request: GET /.env.stage from ::1
[2025-04-26T05:45:26.058Z] >>> Received Request: GET /.env.template from ::1
[2025-04-26T05:45:26.159Z] >>> Received Request: GET /.git/config from ::1
[2025-04-26T06:46:12.107Z] >>> Received Request: PROPFIND / from ::1
[2025-04-26T06:55:41.243Z] >>> Received Request: GET /.env from ::1
[2025-04-26T07:03:07.617Z] >>> Received Request: GET / from ::1
[2025-04-26T08:21:20.556Z] >>> Received Request: GET / from ::1
[2025-04-26T09:00:59.828Z] >>> Received Request: GET / from ::1
[2025-04-26T09:10:51.219Z] >>> Received Request: GET / from ::1
[2025-04-26T09:29:47.482Z] >>> Received Request: GET /.env from ::1
[2025-04-26T10:07:51.615Z] >>> Received Request: GET /remote/login from ::1
[2025-04-26T10:07:51.671Z] >>> Received Request: GET /login from ::1
[2025-04-26T10:26:04.321Z] >>> Received Request: PROPFIND / from ::1
[2025-04-26T10:32:36.220Z] >>> Received Request: GET / from ::1
[2025-04-26T10:32:37.379Z] >>> Received Request: GET /favicon.ico from ::1
[2025-04-26T10:32:37.582Z] >>> Received Request: GET /ads.txt from ::1
[2025-04-26T11:45:30.562Z] >>> Received Request: GET /.env from ::1
[2025-04-26T11:53:10.589Z] >>> Received Request: GET /cgi-bin/luci from ::1
[2025-04-26T11:53:11.033Z] >>> Received Request: GET /login from ::1
[2025-04-26T11:53:12.607Z] >>> Received Request: GET /cgi-bin/luci/admin from ::1
[2025-04-26T11:53:13.043Z] >>> Received Request: GET / from ::1
[2025-04-26T11:56:35.985Z] >>> Received Request: GET /5/success.html?id=130&firstname=%D0%90%D0%BB%D0%B5%D0%BA%D1%81%D0%B0%D0%BD%D0%B4%D1%80&lastname=%D0%9F%D1%83%D0%B3%D0%B8%D0%BD&phone=79302517660 from ::1
[2025-04-26T12:09:48.980Z] >>> Received Request: GET /favicon.ico from ::1
[2025-04-26T12:43:24.770Z] >>> Received Request: GET / from ::1
[2025-04-26T13:11:37.868Z] >>> Received Request: GET / from ::1
[2025-04-26T13:11:37.966Z] >>> Received Request: GET /project/.git/config from ::1
[2025-04-26T13:11:38.060Z] >>> Received Request: GET /docker-compose.prod.yml from ::1
[2025-04-26T13:11:38.154Z] >>> Received Request: GET /.env.default from ::1
[2025-04-26T13:11:38.248Z] >>> Received Request: GET /.env.dev from ::1
[2025-04-26T13:11:38.348Z] >>> Received Request: GET /.env.sandbox from ::1
[2025-04-26T13:11:38.445Z] >>> Received Request: GET /.env.secret from ::1
[2025-04-26T13:11:38.538Z] >>> Received Request: GET /.env.template from ::1
[2025-04-26T13:11:38.633Z] >>> Received Request: GET /cms/.git/config from ::1
[2025-04-26T13:11:38.728Z] >>> Received Request: GET /.env.config from ::1
[2025-04-26T13:11:38.825Z] >>> Received Request: GET /configuration/.env from ::1
[2025-04-26T13:11:38.919Z] >>> Received Request: GET /.env.backup from ::1
[2025-04-26T13:11:39.015Z] >>> Received Request: GET /.env.dist from ::1
[2025-04-26T13:11:39.112Z] >>> Received Request: GET /.env.save from ::1
[2025-04-26T13:11:39.208Z] >>> Received Request: GET /server/.git/config from ::1
[2025-04-26T13:11:39.308Z] >>> Received Request: GET /src/.git/config from ::1
[2025-04-26T13:11:39.401Z] >>> Received Request: GET /dev/.git/config from ::1
[2025-04-26T13:11:39.498Z] >>> Received Request: GET /app/.git/config from ::1
[2025-04-26T13:11:39.597Z] >>> Received Request: GET /.env from ::1
[2025-04-26T13:11:39.695Z] >>> Received Request: GET /.git/config from ::1
[2025-04-26T13:11:39.794Z] >>> Received Request: GET /backup/.git/config from ::1
[2025-04-26T13:11:39.888Z] >>> Received Request: GET /.env.dev.local from ::1
[2025-04-26T13:11:39.986Z] >>> Received Request: GET /config/.env from ::1
[2025-04-26T13:11:40.085Z] >>> Received Request: GET /api/.git/config from ::1
[2025-04-26T13:11:40.182Z] >>> Received Request: GET /.env.production from ::1
[2025-04-26T13:11:40.282Z] >>> Received Request: GET /files/.git/config from ::1
[2025-04-26T13:11:40.380Z] >>> Received Request: GET /media../.git/config from ::1
[2025-04-26T13:11:40.477Z] >>> Received Request: GET /.env.bak from ::1
[2025-04-26T13:11:40.592Z] >>> Received Request: GET /.env.production.local from ::1
[2025-04-26T13:11:40.686Z] >>> Received Request: GET /.env.uat from ::1
[2025-04-26T13:11:40.780Z] >>> Received Request: GET /assets../.git/config from ::1
[2025-04-26T13:11:40.881Z] >>> Received Request: GET /core/.git/config from ::1
[2025-04-26T13:11:40.975Z] >>> Received Request: GET /media/.git/config from ::1
[2025-04-26T13:11:41.069Z] >>> Received Request: GET /.env.testing from ::1
[2025-04-26T13:11:41.166Z] >>> Received Request: GET /config/.git/config from ::1
[2025-04-26T13:11:41.262Z] >>> Received Request: GET /www/.git/config from ::1
[2025-04-26T13:11:41.357Z] >>> Received Request: GET /.env.staging.local from ::1
[2025-04-26T13:11:41.450Z] >>> Received Request: GET /prod/.env from ::1
[2025-04-26T13:11:41.550Z] >>> Received Request: GET /.env.ci from ::1
[2025-04-26T13:11:41.653Z] >>> Received Request: GET /.env.local from ::1
[2025-04-26T13:11:41.752Z] >>> Received Request: GET /config.json from ::1
[2025-04-26T13:11:41.854Z] >>> Received Request: GET /api/.env from ::1
[2025-04-26T13:11:41.949Z] >>> Received Request: GET /.env.live from ::1
[2025-04-26T13:11:42.044Z] >>> Received Request: GET /.env.prod from ::1
[2025-04-26T13:11:42.139Z] >>> Received Request: GET /.env.stage from ::1
[2025-04-26T13:11:42.238Z] >>> Received Request: GET /build/.env from ::1
[2025-04-26T13:11:42.333Z] >>> Received Request: GET /.env.test from ::1
[2025-04-26T13:11:42.435Z] >>> Received Request: GET /public/.git/config from ::1
[2025-04-26T13:11:42.531Z] >>> Received Request: GET /admin/.git/config from ::1
[2025-04-26T13:11:42.625Z] >>> Received Request: GET /.aws/credentials from ::1
[2025-04-26T13:11:42.722Z] >>> Received Request: GET /.env_sample from ::1
[2025-04-26T13:11:42.821Z] >>> Received Request: GET /settings/.env from ::1
[2025-04-26T13:11:42.921Z] >>> Received Request: GET /data/.git/config from ::1
[2025-04-26T13:11:43.015Z] >>> Received Request: GET /.env.development.local from ::1
[2025-04-26T13:11:43.110Z] >>> Received Request: GET /.env.preprod from ::1
[2025-04-26T13:11:43.205Z] >>> Received Request: GET /static../.git/config from ::1
[2025-04-26T13:15:30.393Z] >>> Received Request: GET /pdown from ::1
[2025-04-26T13:18:30.055Z] >>> Received Request: GET / from ::1
[2025-04-26T13:21:02.008Z] >>> Received Request: GET /5/success.html?id=130&firstname=%D0%92%D0%BB%D0%B0%D0%B4%D0%B8%D0%BC%D0%B8%D1%80&lastname=%D0%A1%D1%82%D0%B0%D1%80%D0%BA%D0%BE%D0%B2&phone=79082534477 from ::1
[2025-04-26T13:32:36.234Z] >>> Received Request: GET / from ::1
[2025-04-26T13:32:46.051Z] >>> Received Request: GET /favicon.ico from ::1
[2025-04-26T13:43:09.283Z] >>> Received Request: GET / from ::1
[2025-04-26T14:09:32.817Z] >>> Received Request: PROPFIND / from ::1
[2025-04-26T14:14:26.601Z] >>> Received Request: GET / from ::1
[2025-04-26T14:14:27.769Z] >>> Received Request: GET /favicon.ico from ::1
[2025-04-26T14:26:43.437Z] >>> Received Request: GET /5/success.html?id=130&firstname=%D0%90%D1%80%D0%B8%D0%BF&lastname=%D0%9C%D0%B0%D0%B3%D0%BE%D0%BC%D0%B5%D0%B4%D0%BE%D0%B2&phone=79654858545 from ::1
[2025-04-26T14:59:47.144Z] >>> Received Request: GET /.env from ::1
[2025-04-26T15:28:24.349Z] >>> Received Request: GET /.env from ::1
[2025-04-26T16:49:33.634Z] >>> Received Request: GET /robots.txt from ::1
[2025-04-26T16:49:51.304Z] >>> Received Request: GET / from ::1
[2025-04-26T16:57:05.364Z] >>> Received Request: GET /.env from ::1
[2025-04-26T16:57:06.697Z] >>> Received Request: GET /.git/config from ::1
[2025-04-26T17:54:19.383Z] >>> Received Request: GET / from ::1
[2025-04-26T17:54:47.414Z] >>> Received Request: GET /favicon.ico from ::1
[2025-04-26T18:18:01.064Z] >>> Received Request: GET /.env from ::1
[2025-04-26T18:18:39.185Z] >>> Received Request: GET /robots.txt from ::1
[2025-04-26T18:18:39.587Z] >>> Received Request: GET /ads.txt from ::1
[2025-04-26T18:20:45.216Z] >>> Received Request: PROPFIND / from ::1
[2025-04-26T18:27:25.032Z] >>> Received Request: GET /.env from ::1
[2025-04-26T18:34:17.555Z] >>> Received Request: GET /.env from ::1
[2025-04-26T18:40:05.577Z] >>> Received Request: GET /ab2g from ::1
[2025-04-26T18:40:06.145Z] >>> Received Request: GET /ab2h from ::1
[2025-04-26T18:40:06.763Z] >>> Received Request: GET /alive.php from ::1
[2025-04-26T18:40:10.582Z] >>> Received Request: GET / from ::1
[2025-04-26T18:40:11.417Z] >>> Received Request: GET /t4 from ::1
[2025-04-26T18:40:12.183Z] >>> Received Request: GET /favicon.ico from ::1
[2025-04-26T18:40:12.665Z] >>> Received Request: GET / from ::1
[2025-04-26T18:40:13.244Z] >>> Received Request: GET /teorema505?t=1 from ::1
[2025-04-26T18:53:48.008Z] >>> Received Request: GET /robots.txt from ::1
[2025-04-26T18:53:48.174Z] >>> Received Request: GET / from ::1
[2025-04-26T18:56:27.087Z] >>> Received Request: GET / from ::1
[2025-04-26T19:36:01.284Z] >>> Received Request: POST /xmlrpc.php from ::1
[2025-04-26T19:58:11.140Z] >>> Received Request: GET /.git/config from ::1
[2025-04-26T20:50:48.747Z] >>> Received Request: GET /robots.txt from ::1
[2025-04-26T20:59:35.457Z] >>> Received Request: GET / from ::1
[2025-04-26T21:18:36.847Z] >>> Received Request: GET / from ::1
[2025-04-26T21:25:52.743Z] >>> Received Request: GET / from ::1
[2025-04-26T22:14:38.770Z] >>> Received Request: GET / from ::1
[2025-04-26T22:21:46.805Z] >>> Received Request: PROPFIND / from ::1
[2025-04-26T23:11:23.852Z] >>> Received Request: GET /wordpress/wp-admin/setup-config.php from ::1
[2025-04-26T23:12:11.673Z] >>> Received Request: GET /wp-admin/setup-config.php from ::1
[2025-04-26T23:45:48.016Z] >>> Received Request: GET /owa/auth/x.js from ::1
[2025-04-27T00:15:18.543Z] >>> Received Request: GET /.git/config from ::1
[2025-04-27T00:39:09.321Z] >>> Received Request: GET /.env from ::1
[2025-04-27T00:42:59.710Z] >>> Received Request: GET / from ::1
[2025-04-27T00:42:59.915Z] >>> Received Request: GET / from ::1
[2025-04-27T00:43:00.113Z] >>> Received Request: GET /favicon.ico from ::1
[2025-04-27T00:43:20.174Z] >>> Received Request: GET / from ::1
[2025-04-27T00:43:20.353Z] >>> Received Request: GET / from ::1
[2025-04-27T01:16:23.719Z] >>> Received Request: GET / from ::1
[2025-04-27T01:19:38.783Z] >>> Received Request: GET /.env from ::1
[2025-04-27T01:19:39.453Z] >>> Received Request: GET /.git/config from ::1
[2025-04-27T01:51:48.910Z] >>> Received Request: GET / from ::1
[2025-04-27T02:02:02.201Z] >>> Received Request: PROPFIND / from ::1
[2025-04-27T03:02:41.403Z] >>> Received Request: GET / from ::1
[2025-04-27T03:35:26.384Z] >>> Received Request: GET / from ::1
[2025-04-27T03:42:39.894Z] >>> Received Request: GET /favicon.ico from ::1
[2025-04-27T03:43:37.353Z] >>> Received Request: GET / from ::1
[2025-04-27T03:48:47.075Z] >>> Received Request: GET /geoserver/web/ from ::1
[2025-04-27T03:49:30.830Z] >>> Received Request: GET / from ::1
[2025-04-27T03:49:34.890Z] >>> Received Request: GET /favicon.ico from ::1
[2025-04-27T03:50:45.587Z] >>> Received Request: GET /.git/config from ::1
[2025-04-27T04:04:47.691Z] >>> Received Request: GET /.git/config from ::1
[2025-04-27T05:27:11.918Z] >>> Received Request: GET / from ::1
[2025-04-27T05:50:35.219Z] >>> Received Request: PROPFIND / from ::1
[2025-04-27T06:24:55.792Z] >>> Received Request: GET /.env from ::1
[2025-04-27T06:32:22.008Z] >>> Received Request: GET /wp-admin/setup-config.php from ::1
[2025-04-27T06:32:36.084Z] >>> Received Request: GET /wordpress/wp-admin/setup-config.php from ::1
[2025-04-27T06:33:23.378Z] >>> Received Request: POST /hello.world?%ADd+allow_url_include%3d1+%ADd+auto_prepend_file%3dphp://input from ::1
[2025-04-27T06:33:24.004Z] >>> Received Request: GET /vendor/phpunit/phpunit/src/Util/PHP/eval-stdin.php from ::1
[2025-04-27T06:33:24.493Z] >>> Received Request: GET /vendor/phpunit/phpunit/Util/PHP/eval-stdin.php from ::1
[2025-04-27T06:33:25.162Z] >>> Received Request: GET /vendor/phpunit/src/Util/PHP/eval-stdin.php from ::1
[2025-04-27T06:33:25.865Z] >>> Received Request: GET /vendor/phpunit/Util/PHP/eval-stdin.php from ::1
[2025-04-27T06:33:26.642Z] >>> Received Request: GET /vendor/phpunit/phpunit/LICENSE/eval-stdin.php from ::1
[2025-04-27T06:33:27.196Z] >>> Received Request: GET /vendor/vendor/phpunit/phpunit/src/Util/PHP/eval-stdin.php from ::1
[2025-04-27T06:33:27.819Z] >>> Received Request: GET /phpunit/phpunit/src/Util/PHP/eval-stdin.php from ::1
[2025-04-27T06:33:28.333Z] >>> Received Request: GET /phpunit/phpunit/Util/PHP/eval-stdin.php from ::1
[2025-04-27T06:33:28.875Z] >>> Received Request: GET /phpunit/src/Util/PHP/eval-stdin.php from ::1
[2025-04-27T06:33:29.442Z] >>> Received Request: GET /phpunit/Util/PHP/eval-stdin.php from ::1
[2025-04-27T06:33:29.918Z] >>> Received Request: GET /lib/phpunit/phpunit/src/Util/PHP/eval-stdin.php from ::1
[2025-04-27T06:33:30.406Z] >>> Received Request: GET /lib/phpunit/phpunit/Util/PHP/eval-stdin.php from ::1
[2025-04-27T06:33:30.813Z] >>> Received Request: GET /lib/phpunit/src/Util/PHP/eval-stdin.php from ::1
[2025-04-27T06:33:31.361Z] >>> Received Request: GET /lib/phpunit/Util/PHP/eval-stdin.php from ::1
[2025-04-27T06:33:31.870Z] >>> Received Request: GET /lib/vendor/phpunit/phpunit/src/Util/PHP/eval-stdin.php from ::1
[2025-04-27T06:33:32.371Z] >>> Received Request: GET /laravel/vendor/phpunit/phpunit/src/Util/PHP/eval-stdin.php from ::1
[2025-04-27T06:33:32.852Z] >>> Received Request: GET /www/vendor/phpunit/phpunit/src/Util/PHP/eval-stdin.php from ::1
[2025-04-27T06:33:33.322Z] >>> Received Request: GET /ws/vendor/phpunit/phpunit/src/Util/PHP/eval-stdin.php from ::1
[2025-04-27T06:33:33.756Z] >>> Received Request: GET /yii/vendor/phpunit/phpunit/src/Util/PHP/eval-stdin.php from ::1
[2025-04-27T06:33:34.179Z] >>> Received Request: GET /zend/vendor/phpunit/phpunit/src/Util/PHP/eval-stdin.php from ::1
[2025-04-27T06:33:34.572Z] >>> Received Request: GET /ws/ec/vendor/phpunit/phpunit/src/Util/PHP/eval-stdin.php from ::1
[2025-04-27T06:33:35.032Z] >>> Received Request: GET /V2/vendor/phpunit/phpunit/src/Util/PHP/eval-stdin.php from ::1
[2025-04-27T06:33:35.455Z] >>> Received Request: GET /tests/vendor/phpunit/phpunit/src/Util/PHP/eval-stdin.php from ::1
[2025-04-27T06:33:35.886Z] >>> Received Request: GET /test/vendor/phpunit/phpunit/src/Util/PHP/eval-stdin.php from ::1
[2025-04-27T06:33:36.358Z] >>> Received Request: GET /testing/vendor/phpunit/phpunit/src/Util/PHP/eval-stdin.php from ::1
[2025-04-27T06:33:36.789Z] >>> Received Request: GET /api/vendor/phpunit/phpunit/src/Util/PHP/eval-stdin.php from ::1
[2025-04-27T06:33:37.274Z] >>> Received Request: GET /demo/vendor/phpunit/phpunit/src/Util/PHP/eval-stdin.php from ::1
[2025-04-27T06:33:37.687Z] >>> Received Request: GET /cms/vendor/phpunit/phpunit/src/Util/PHP/eval-stdin.php from ::1
[2025-04-27T06:33:38.127Z] >>> Received Request: GET /crm/vendor/phpunit/phpunit/src/Util/PHP/eval-stdin.php from ::1
[2025-04-27T06:33:38.613Z] >>> Received Request: GET /admin/vendor/phpunit/phpunit/src/Util/PHP/eval-stdin.php from ::1
[2025-04-27T06:33:39.105Z] >>> Received Request: GET /backup/vendor/phpunit/phpunit/src/Util/PHP/eval-stdin.php from ::1
[2025-04-27T06:33:39.684Z] >>> Received Request: GET /blog/vendor/phpunit/phpunit/src/Util/PHP/eval-stdin.php from ::1
[2025-04-27T06:33:40.239Z] >>> Received Request: GET /workspace/drupal/vendor/phpunit/phpunit/src/Util/PHP/eval-stdin.php from ::1
[2025-04-27T06:33:40.748Z] >>> Received Request: GET /panel/vendor/phpunit/phpunit/src/Util/PHP/eval-stdin.php from ::1
[2025-04-27T06:33:41.252Z] >>> Received Request: GET /public/vendor/phpunit/phpunit/src/Util/PHP/eval-stdin.php from ::1
[2025-04-27T06:33:42.133Z] >>> Received Request: GET /apps/vendor/phpunit/phpunit/src/Util/PHP/eval-stdin.php from ::1
[2025-04-27T06:33:42.713Z] >>> Received Request: GET /app/vendor/phpunit/phpunit/src/Util/PHP/eval-stdin.php from ::1
[2025-04-27T06:33:43.324Z] >>> Received Request: GET /index.php?s=/index/\think\app/invokefunction&function=call_user_func_array&vars[0]=md5&vars[1][]=Hello from ::1
[2025-04-27T06:33:43.807Z] >>> Received Request: GET /public/index.php?s=/index/\think\app/invokefunction&function=call_user_func_array&vars[0]=md5&vars[1][]=Hello from ::1
[2025-04-27T06:33:44.471Z] >>> Received Request: GET /index.php?lang=../../../../../../../../usr/local/lib/php/pearcmd&+config-create+/&/<?echo(md5("hi"));?>+/tmp/index1.php from ::1
[2025-04-27T06:33:44.824Z] >>> Received Request: GET /index.php?lang=../../../../../../../../tmp/index1 from ::1
[2025-04-27T06:33:45.364Z] >>> Received Request: GET /containers/json from ::1
[2025-04-27T06:41:39.348Z] >>> Received Request: GET / from ::1
[2025-04-27T06:42:10.736Z] >>> Received Request: GET /favicon.ico from ::1
[2025-04-27T07:18:15.979Z] >>> Received Request: GET / from ::1
[2025-04-27T07:34:00.947Z] >>> Received Request: GET /.env from ::1
[2025-04-27T07:41:25.533Z] >>> Received Request: GET /actuator/health from ::1
[2025-04-27T07:55:34.427Z] >>> Received Request: GET /.env from ::1
[2025-04-27T08:25:59.216Z] >>> Received Request: GET /5/130/narodanimat-1/index.html from ::1
[2025-04-27T08:47:34.244Z] >>> Received Request: GET / from ::1
[2025-04-27T08:47:34.340Z] >>> Received Request: GET /static../.git/config from ::1
[2025-04-27T08:47:34.456Z] >>> Received Request: GET /config.json from ::1
[2025-04-27T08:47:34.565Z] >>> Received Request: GET /.env.testing from ::1
[2025-04-27T08:47:34.665Z] >>> Received Request: GET /.env.dev.local from ::1
[2025-04-27T08:47:34.771Z] >>> Received Request: GET /.env.sandbox from ::1
[2025-04-27T08:47:34.867Z] >>> Received Request: GET /configuration/.env from ::1
[2025-04-27T08:47:34.978Z] >>> Received Request: GET /.git/config from ::1
[2025-04-27T08:47:35.075Z] >>> Received Request: GET /files/.git/config from ::1
[2025-04-27T08:47:35.177Z] >>> Received Request: GET /.env.local from ::1
[2025-04-27T08:47:35.279Z] >>> Received Request: GET /.env.development.local from ::1
[2025-04-27T08:47:35.415Z] >>> Received Request: GET /.env.dist from ::1
[2025-04-27T08:47:35.519Z] >>> Received Request: GET /settings/.env from ::1
[2025-04-27T08:47:35.619Z] >>> Received Request: GET /core/.git/config from ::1
[2025-04-27T08:47:35.729Z] >>> Received Request: GET /.env.dev from ::1
[2025-04-27T08:47:35.823Z] >>> Received Request: GET /cms/.git/config from ::1
[2025-04-27T08:47:35.948Z] >>> Received Request: GET /config/.git/config from ::1
[2025-04-27T08:47:36.060Z] >>> Received Request: GET /.env.ci from ::1
[2025-04-27T08:47:36.173Z] >>> Received Request: GET /.env.secret from ::1
[2025-04-27T08:47:36.305Z] >>> Received Request: GET /.env.preprod from ::1
[2025-04-27T08:47:36.413Z] >>> Received Request: GET /.env.production.local from ::1
[2025-04-27T08:47:36.524Z] >>> Received Request: GET /media../.git/config from ::1
[2025-04-27T08:47:36.638Z] >>> Received Request: GET /dev/.git/config from ::1
[2025-04-27T08:47:36.751Z] >>> Received Request: GET /.aws/credentials from ::1
[2025-04-27T08:47:36.846Z] >>> Received Request: GET /build/.env from ::1
[2025-04-27T08:47:36.949Z] >>> Received Request: GET /config/.env from ::1
[2025-04-27T08:47:37.057Z] >>> Received Request: GET /.env.test from ::1
[2025-04-27T08:47:37.155Z] >>> Received Request: GET /assets../.git/config from ::1
[2025-04-27T08:47:37.253Z] >>> Received Request: GET /data/.git/config from ::1
[2025-04-27T08:47:37.352Z] >>> Received Request: GET /public/.git/config from ::1
[2025-04-27T08:47:37.458Z] >>> Received Request: GET /app/.git/config from ::1
[2025-04-27T08:47:37.559Z] >>> Received Request: GET /prod/.env from ::1
[2025-04-27T08:47:37.668Z] >>> Received Request: GET /.env.stage from ::1
[2025-04-27T08:47:37.793Z] >>> Received Request: GET /.env.live from ::1
[2025-04-27T08:47:37.905Z] >>> Received Request: GET /.env.production from ::1
[2025-04-27T08:47:38.036Z] >>> Received Request: GET /backup/.git/config from ::1
[2025-04-27T08:47:38.131Z] >>> Received Request: GET /.env.uat from ::1
[2025-04-27T08:47:38.248Z] >>> Received Request: GET /media/.git/config from ::1
[2025-04-27T08:47:38.357Z] >>> Received Request: GET /.env.bak from ::1
[2025-04-27T08:47:38.457Z] >>> Received Request: GET /.env.save from ::1
[2025-04-27T08:47:38.557Z] >>> Received Request: GET /api/.env from ::1
[2025-04-27T08:47:38.660Z] >>> Received Request: GET /server/.git/config from ::1
[2025-04-27T08:47:38.752Z] >>> Received Request: GET /admin/.git/config from ::1
[2025-04-27T08:47:38.849Z] >>> Received Request: GET /api/.git/config from ::1
[2025-04-27T08:47:38.943Z] >>> Received Request: GET /www/.git/config from ::1
[2025-04-27T08:47:39.044Z] >>> Received Request: GET /.env.backup from ::1
[2025-04-27T08:47:39.177Z] >>> Received Request: GET /.env from ::1
[2025-04-27T08:47:39.276Z] >>> Received Request: GET /.env.config from ::1
[2025-04-27T08:47:39.423Z] >>> Received Request: GET /.env.default from ::1
[2025-04-27T08:47:39.540Z] >>> Received Request: GET /.env.prod from ::1
[2025-04-27T08:47:39.635Z] >>> Received Request: GET /.env_sample from ::1
[2025-04-27T08:47:39.742Z] >>> Received Request: GET /.env.staging.local from ::1
[2025-04-27T08:47:39.872Z] >>> Received Request: GET /.env.template from ::1
[2025-04-27T08:47:39.981Z] >>> Received Request: GET /docker-compose.prod.yml from ::1
[2025-04-27T08:47:40.119Z] >>> Received Request: GET /src/.git/config from ::1
[2025-04-27T08:47:40.221Z] >>> Received Request: GET /project/.git/config from ::1
[2025-04-27T08:52:59.824Z] >>> Received Request: GET / from ::1
[2025-04-27T09:16:47.793Z] >>> Received Request: GET / from ::1
[2025-04-27T09:20:03.211Z] >>> Received Request: GET /5/success.html?id=130&firstname=%D0%90%D0%BB%D0%B5%D0%BA%D1%81%D0%B0%D0%BD%D0%B4%D1%80&lastname=%D0%9F%D1%83%D0%B3%D0%B8%D0%BD&phone=79302517660 from ::1
[2025-04-27T10:05:24.721Z] >>> Received Request: GET /.env from ::1
[2025-04-27T10:52:11.834Z] >>> Received Request: GET / from ::1
[2025-04-27T11:09:30.562Z] >>> Received Request: GET /.env from ::1
[2025-04-27T11:32:08.332Z] >>> Received Request: GET /5/success.html?id=130&firstname=%D0%92%D0%BB%D0%B0%D0%B4%D0%B8%D0%BC%D0%B8%D1%80&lastname=%D0%A1%D1%82%D0%B0%D1%80%D0%BA%D0%BE%D0%B2&phone=79082534477 from ::1
[2025-04-27T11:33:38.008Z] >>> Received Request: GET / from ::1
[2025-04-27T12:16:50.846Z] >>> Received Request: GET / from ::1
[2025-04-27T12:56:43.586Z] >>> Received Request: GET /.git/config from ::1
[2025-04-27T13:15:46.609Z] >>> Received Request: GET /pdown from ::1
[2025-04-27T13:30:21.637Z] >>> Received Request: GET /.git/index from ::1
[2025-04-27T14:25:41.741Z] >>> Received Request: GET / from ::1
[2025-04-27T15:29:32.688Z] >>> Received Request: GET /favicon.ico from ::1
[2025-04-27T16:28:53.956Z] >>> Received Request: GET / from ::1
[2025-04-27T16:35:13.079Z] >>> Received Request: GET /favicon.ico from ::1
[2025-04-27T16:46:14.813Z] >>> Received Request: GET /.env from ::1
[2025-04-27T16:46:15.642Z] >>> Received Request: GET /.git/config from ::1
[2025-04-27T17:17:51.599Z] >>> Received Request: GET /owa/auth/logon.aspx from ::1
[2025-04-27T17:37:19.355Z] >>> Received Request: GET /wp-admin/setup-config.php from ::1
[2025-04-27T17:37:24.074Z] >>> Received Request: GET /wordpress/wp-admin/setup-config.php from ::1
[2025-04-27T17:49:09.592Z] >>> Received Request: GET /robots.txt from ::1
[2025-04-27T17:49:09.732Z] >>> Received Request: GET /ads.txt from ::1
[2025-04-27T19:44:47.032Z] >>> Received Request: GET / from ::1
[2025-04-27T19:44:54.846Z] >>> Received Request: GET /robots.txt from ::1
[2025-04-27T19:44:55.192Z] >>> Received Request: GET /sitemap.xml from ::1
[2025-04-27T19:44:55.432Z] >>> Received Request: GET /.well-known/security.txt from ::1
[2025-04-27T19:44:56.768Z] >>> Received Request: GET /favicon.ico from ::1
[2025-04-27T19:49:02.029Z] >>> Received Request: GET / from ::1
[2025-04-27T20:21:05.276Z] >>> Received Request: GET / from ::1
[2025-04-27T20:21:06.416Z] >>> Received Request: GET /favicon.ico from ::1
[2025-04-27T20:59:35.468Z] >>> Received Request: GET / from ::1
[2025-04-27T21:23:38.480Z] >>> Received Request: GET / from ::1
[2025-04-27T21:28:05.042Z] >>> Received Request: GET / from ::1
[2025-04-27T21:35:23.273Z] >>> Received Request: GET /autodiscover/autodiscover.json?@zdi/Powershell from ::1
[2025-04-27T21:48:34.722Z] >>> Received Request: GET /wp-admin/setup-config.php from ::1
[2025-04-27T21:51:58.423Z] >>> Received Request: GET /wordpress/wp-admin/setup-config.php from ::1
[2025-04-27T22:15:22.086Z] >>> Received Request: GET /production/.git/config from ::1
[2025-04-27T22:15:22.429Z] >>> Received Request: GET /website/.git/config from ::1
[2025-04-27T22:15:22.739Z] >>> Received Request: GET /portal/.git/config from ::1
[2025-04-27T22:15:23.050Z] >>> Received Request: GET /dashboard/.git/config from ::1
[2025-04-27T22:15:23.387Z] >>> Received Request: GET /cms/.git/config from ::1
[2025-04-27T22:15:23.705Z] >>> Received Request: GET /wp-content/.git/config from ::1
[2025-04-27T22:15:24.016Z] >>> Received Request: GET /blog/.git/config from ::1
[2025-04-27T22:44:22.375Z] >>> Received Request: GET /.git/index from ::1
[2025-04-27T22:55:48.043Z] >>> Received Request: GET /.git/HEAD from ::1
[2025-04-27T23:44:02.384Z] >>> Received Request: GET /ab2g from ::1
[2025-04-27T23:44:02.542Z] >>> Received Request: GET /ab2h from ::1
[2025-04-27T23:44:02.735Z] >>> Received Request: GET /alive.php from ::1
[2025-04-27T23:44:04.127Z] >>> Received Request: GET / from ::1
[2025-04-27T23:44:04.470Z] >>> Received Request: GET /t4 from ::1
[2025-04-27T23:44:04.750Z] >>> Received Request: GET /favicon.ico from ::1
[2025-04-27T23:44:05.060Z] >>> Received Request: GET / from ::1
[2025-04-27T23:44:05.286Z] >>> Received Request: GET /teorema505?t=1 from ::1
[2025-04-27T23:46:45.869Z] >>> Received Request: GET / from ::1
[2025-04-27T23:48:04.380Z] >>> Received Request: GET /.git/config from ::1
[2025-04-28T00:18:56.198Z] >>> Received Request: GET / from ::1
[2025-04-28T01:07:40.005Z] >>> Received Request: GET / from ::1
[2025-04-28T01:16:19.205Z] >>> Received Request: GET / from ::1
[2025-04-28T01:16:19.438Z] >>> Received Request: GET /.env from ::1
[2025-04-28T01:16:19.629Z] >>> Received Request: POST / from ::1
[2025-04-28T01:16:19.818Z] >>> Received Request: GET /?%3Cplay%3Ewithme%3C/%3E from ::1
[2025-04-28T01:16:36.900Z] >>> Received Request: GET /_profiler/phpinfo from ::1
[2025-04-28T01:16:37.076Z] >>> Received Request: GET /debug/default/view?panel=config from ::1
[2025-04-28T01:16:37.262Z] >>> Received Request: GET /config.json from ::1
[2025-04-28T01:16:37.453Z] >>> Received Request: GET /.git/config from ::1
[2025-04-28T01:26:28.224Z] >>> Received Request: GET /.env from ::1
[2025-04-28T01:51:07.012Z] >>> Received Request: GET / from ::1
[2025-04-28T02:20:37.268Z] >>> Received Request: GET / from ::1
[2025-04-28T02:30:32.225Z] >>> Received Request: GET / from ::1
[2025-04-28T02:33:27.375Z] >>> Received Request: GET /.env from ::1
[2025-04-28T02:33:28.598Z] >>> Received Request: GET /.git/config from ::1
[2025-04-28T02:38:19.126Z] >>> Received Request: GET / from ::1
[2025-04-28T02:38:19.220Z] >>> Received Request: GET /.env_sample from ::1
[2025-04-28T02:38:19.312Z] >>> Received Request: GET /settings/.env from ::1
[2025-04-28T02:38:19.411Z] >>> Received Request: GET /.env from ::1
[2025-04-28T02:38:19.510Z] >>> Received Request: GET /.env.preprod from ::1
[2025-04-28T02:38:19.603Z] >>> Received Request: GET /project/.git/config from ::1
[2025-04-28T02:38:19.694Z] >>> Received Request: GET /.env.default from ::1
[2025-04-28T02:38:19.787Z] >>> Received Request: GET /app/.git/config from ::1
[2025-04-28T02:38:19.878Z] >>> Received Request: GET /admin/.git/config from ::1
[2025-04-28T02:38:19.975Z] >>> Received Request: GET /.env.staging.local from ::1
[2025-04-28T02:38:20.067Z] >>> Received Request: GET /.aws/credentials from ::1
[2025-04-28T02:38:20.160Z] >>> Received Request: GET /prod/.env from ::1
[2025-04-28T02:38:20.252Z] >>> Received Request: GET /backup/.git/config from ::1
[2025-04-28T02:38:20.343Z] >>> Received Request: GET /src/.git/config from ::1
[2025-04-28T02:38:20.434Z] >>> Received Request: GET /build/.env from ::1
[2025-04-28T02:38:20.527Z] >>> Received Request: GET /media../.git/config from ::1
[2025-04-28T02:38:20.625Z] >>> Received Request: GET /media/.git/config from ::1
[2025-04-28T02:38:20.718Z] >>> Received Request: GET /.env.prod from ::1
[2025-04-28T02:38:20.812Z] >>> Received Request: GET /server/.git/config from ::1
[2025-04-28T02:38:20.905Z] >>> Received Request: GET /configuration/.env from ::1
[2025-04-28T02:38:21.005Z] >>> Received Request: GET /core/.git/config from ::1
[2025-04-28T02:38:21.110Z] >>> Received Request: GET /.env.dev from ::1
[2025-04-28T02:38:21.203Z] >>> Received Request: GET /.env.sandbox from ::1
[2025-04-28T02:38:21.300Z] >>> Received Request: GET /.env.stage from ::1
[2025-04-28T02:38:21.393Z] >>> Received Request: GET /api/.env from ::1
[2025-04-28T02:38:21.490Z] >>> Received Request: GET /cms/.git/config from ::1
[2025-04-28T02:38:21.594Z] >>> Received Request: GET /.env.template from ::1
[2025-04-28T02:38:21.688Z] >>> Received Request: GET /.env.testing from ::1
[2025-04-28T02:38:21.794Z] >>> Received Request: GET /.env.config from ::1
[2025-04-28T02:38:21.896Z] >>> Received Request: GET /.env.bak from ::1
[2025-04-28T02:38:22.001Z] >>> Received Request: GET /.env.dev.local from ::1
[2025-04-28T02:38:22.105Z] >>> Received Request: GET /.env.local from ::1
[2025-04-28T02:38:22.200Z] >>> Received Request: GET /.env.production.local from ::1
[2025-04-28T02:38:22.297Z] >>> Received Request: GET /.env.save from ::1
[2025-04-28T02:38:22.390Z] >>> Received Request: GET /config/.env from ::1
[2025-04-28T02:38:22.485Z] >>> Received Request: GET /files/.git/config from ::1
[2025-04-28T02:38:22.578Z] >>> Received Request: GET /config/.git/config from ::1
[2025-04-28T02:38:22.671Z] >>> Received Request: GET /.env.development.local from ::1
[2025-04-28T02:38:22.763Z] >>> Received Request: GET /.env.uat from ::1
[2025-04-28T02:38:22.860Z] >>> Received Request: GET /.git/config from ::1
[2025-04-28T02:38:22.951Z] >>> Received Request: GET /api/.git/config from ::1
[2025-04-28T02:38:23.049Z] >>> Received Request: GET /dev/.git/config from ::1
[2025-04-28T02:38:23.144Z] >>> Received Request: GET /.env.ci from ::1
[2025-04-28T02:38:23.237Z] >>> Received Request: GET /.env.dist from ::1
[2025-04-28T02:38:23.334Z] >>> Received Request: GET /.env.live from ::1
[2025-04-28T02:38:23.428Z] >>> Received Request: GET /.env.test from ::1
[2025-04-28T02:38:23.521Z] >>> Received Request: GET /static../.git/config from ::1
[2025-04-28T02:38:23.614Z] >>> Received Request: GET /config.json from ::1
[2025-04-28T02:38:23.708Z] >>> Received Request: GET /.env.backup from ::1
[2025-04-28T02:38:23.800Z] >>> Received Request: GET /.env.production from ::1
[2025-04-28T02:38:23.896Z] >>> Received Request: GET /.env.secret from ::1
[2025-04-28T02:38:23.988Z] >>> Received Request: GET /assets../.git/config from ::1
[2025-04-28T02:38:24.084Z] >>> Received Request: GET /data/.git/config from ::1
[2025-04-28T02:38:24.178Z] >>> Received Request: GET /public/.git/config from ::1
[2025-04-28T02:38:24.272Z] >>> Received Request: GET /www/.git/config from ::1
[2025-04-28T02:38:24.365Z] >>> Received Request: GET /docker-compose.prod.yml from ::1
[2025-04-28T03:04:13.611Z] >>> Received Request: GET / from ::1
[2025-04-28T03:06:56.964Z] >>> Received Request: GET / from ::1
[2025-04-28T03:18:17.815Z] >>> Received Request: GET /favicon.ico from ::1
[2025-04-28T03:36:46.745Z] >>> Received Request: GET /wordpress/wp-admin/setup-config.php from ::1
[2025-04-28T03:38:26.538Z] >>> Received Request: GET /wp-admin/setup-config.php from ::1
[2025-04-28T03:59:30.802Z] >>> Received Request: GET / from ::1
[2025-04-28T04:20:49.925Z] >>> Received Request: GET / from ::1
[2025-04-28T04:20:58.991Z] >>> Received Request: GET /favicon.ico from ::1
[2025-04-28T04:48:22.387Z] >>> Received Request: GET / from ::1
[2025-04-28T06:10:25.025Z] >>> Received Request: GET /.git/config from ::1
[2025-04-28T06:25:17.419Z] >>> Received Request: GET /.env from ::1
[2025-04-28T06:40:10.345Z] >>> Received Request: GET / from ::1
[2025-04-28T06:45:56.383Z] >>> Received Request: GET /favicon.ico from ::1
[2025-04-28T06:47:02.361Z] >>> Received Request: GET / from ::1
[2025-04-28T06:50:57.167Z] >>> Received Request: GET /geoserver/web/ from ::1
[2025-04-28T06:52:39.949Z] >>> Received Request: GET /.git/config from ::1
[2025-04-28T07:09:13.242Z] >>> Received Request: GET / from ::1
[2025-04-28T07:27:26.097Z] >>> Received Request: GET / from ::1
[2025-04-28T07:30:48.745Z] >>> Received Request: GET / from ::1
[2025-04-28T07:35:53.363Z] >>> Received Request: GET / from ::1
[2025-04-28T07:40:54.365Z] >>> Received Request: GET / from ::1
[2025-04-28T07:40:54.782Z] >>> Received Request: GET /.DS_Store from ::1
[2025-04-28T07:40:55.201Z] >>> Received Request: GET /.env from ::1
[2025-04-28T07:40:55.747Z] >>> Received Request: POST /.env from ::1
[2025-04-28T07:40:56.170Z] >>> Received Request: GET /.env.save from ::1
[2025-04-28T07:40:56.757Z] >>> Received Request: POST /.env.save from ::1
[2025-04-28T07:40:57.200Z] >>> Received Request: GET /.env.old from ::1
[2025-04-28T07:40:57.740Z] >>> Received Request: POST /.env.old from ::1
[2025-04-28T07:40:58.123Z] >>> Received Request: GET /.env.prod from ::1
[2025-04-28T07:40:58.528Z] >>> Received Request: POST /.env.prod from ::1
[2025-04-28T07:40:58.906Z] >>> Received Request: GET /.env.production from ::1
[2025-04-28T07:40:59.437Z] >>> Received Request: POST /.env.production from ::1
[2025-04-28T07:40:59.829Z] >>> Received Request: GET /.env.development%20 from ::1
[2025-04-28T07:41:00.344Z] >>> Received Request: POST /.env.development%20 from ::1
[2025-04-28T07:41:00.750Z] >>> Received Request: GET /laravel/.env%20 from ::1
[2025-04-28T07:41:01.359Z] >>> Received Request: POST /laravel/.env%20 from ::1
[2025-04-28T07:41:01.679Z] >>> Received Request: GET /admin-app/.env%20 from ::1
[2025-04-28T07:41:01.948Z] >>> Received Request: POST /admin-app/.env%20 from ::1
[2025-04-28T07:41:02.296Z] >>> Received Request: GET /api/.env from ::1
[2025-04-28T07:41:02.610Z] >>> Received Request: POST /api/.env from ::1
[2025-04-28T07:41:03.034Z] >>> Received Request: GET /app/.env%20 from ::1
[2025-04-28T07:41:03.318Z] >>> Received Request: POST /app/.env%20 from ::1
[2025-04-28T07:41:03.829Z] >>> Received Request: GET /development/.env%20 from ::1
[2025-04-28T07:41:04.253Z] >>> Received Request: POST /development/.env%20 from ::1
[2025-04-28T07:41:04.664Z] >>> Received Request: GET /apps/.env%20 from ::1
[2025-04-28T07:41:05.173Z] >>> Received Request: POST /apps/.env%20 from ::1
[2025-04-28T07:41:05.526Z] >>> Received Request: GET /cp/.env from ::1
[2025-04-28T07:41:05.997Z] >>> Received Request: POST /cp/.env from ::1
[2025-04-28T07:41:06.480Z] >>> Received Request: GET /private/.env from ::1
[2025-04-28T07:41:06.944Z] >>> Received Request: POST /private/.env from ::1
[2025-04-28T07:41:07.379Z] >>> Received Request: GET /system/.env from ::1
[2025-04-28T07:41:08.265Z] >>> Received Request: POST /system/.env from ::1
[2025-04-28T07:41:08.639Z] >>> Received Request: GET /redmine/.env from ::1
[2025-04-28T07:41:08.945Z] >>> Received Request: POST /redmine/.env from ::1
[2025-04-28T07:41:09.404Z] >>> Received Request: GET /docker/.env from ::1
[2025-04-28T07:41:09.892Z] >>> Received Request: POST /docker/.env from ::1
[2025-04-28T07:41:10.571Z] >>> Received Request: GET /cms/.env from ::1
[2025-04-28T07:41:11.051Z] >>> Received Request: POST /cms/.env from ::1
[2025-04-28T07:41:11.529Z] >>> Received Request: GET /script/.env from ::1
[2025-04-28T07:41:11.926Z] >>> Received Request: POST /script/.env from ::1
[2025-04-28T07:41:12.474Z] >>> Received Request: GET /live_env%20 from ::1
[2025-04-28T07:41:12.965Z] >>> Received Request: POST /live_env%20 from ::1
[2025-04-28T07:41:13.757Z] >>> Received Request: GET /application/.env from ::1
[2025-04-28T07:41:14.257Z] >>> Received Request: POST /application/.env from ::1
[2025-04-28T07:41:15.101Z] >>> Received Request: GET /.env.project%20 from ::1
[2025-04-28T07:41:15.636Z] >>> Received Request: POST /.env.project%20 from ::1
[2025-04-28T07:41:15.987Z] >>> Received Request: GET /.env.dist from ::1
[2025-04-28T07:41:16.626Z] >>> Received Request: POST /.env.dist from ::1
[2025-04-28T07:41:16.977Z] >>> Received Request: GET /back/.env from ::1
[2025-04-28T07:41:17.474Z] >>> Received Request: POST /back/.env from ::1
[2025-04-28T07:41:17.918Z] >>> Received Request: GET /core/.env from ::1
[2025-04-28T07:44:44.889Z] >>> Received Request: GET / from ::1
[2025-04-28T07:47:18.428Z] >>> Received Request: GET /version from ::1
[2025-04-28T07:51:54.619Z] >>> Received Request: GET /docker/.env from ::1
[2025-04-28T07:51:55.174Z] >>> Received Request: POST /docker/.env from ::1
[2025-04-28T07:51:55.637Z] >>> Received Request: GET /fedex/.env from ::1
[2025-04-28T07:51:56.077Z] >>> Received Request: POST /fedex/.env from ::1
[2025-04-28T07:51:56.548Z] >>> Received Request: GET /__tests__/test-become/.env from ::1
[2025-04-28T07:51:56.936Z] >>> Received Request: POST /__tests__/test-become/.env from ::1
[2025-04-28T07:51:57.292Z] >>> Received Request: GET /local/.env from ::1
[2025-04-28T07:51:57.854Z] >>> Received Request: POST /local/.env from ::1
[2025-04-28T07:51:58.417Z] >>> Received Request: GET /rest/.env from ::1
[2025-04-28T07:51:58.842Z] >>> Received Request: POST /rest/.env from ::1
[2025-04-28T07:51:59.638Z] >>> Received Request: GET /shared/.env%20 from ::1
[2025-04-28T07:52:00.267Z] >>> Received Request: POST /shared/.env%20 from ::1
[2025-04-28T07:52:00.624Z] >>> Received Request: GET /sources/.env from ::1
[2025-04-28T07:52:01.201Z] >>> Received Request: POST /sources/.env from ::1
[2025-04-28T07:52:01.837Z] >>> Received Request: GET /enviroments/.env.production from ::1
[2025-04-28T07:52:02.353Z] >>> Received Request: POST /enviroments/.env.production from ::1
[2025-04-28T07:52:02.894Z] >>> Received Request: GET /enviroments/.env from ::1
[2025-04-28T07:52:03.438Z] >>> Received Request: POST /enviroments/.env from ::1
[2025-04-28T07:52:04.386Z] >>> Received Request: GET / from ::1
[2025-04-28T07:52:04.779Z] >>> Received Request: POST / from ::1
[2025-04-28T07:52:10.357Z] >>> Received Request: GET /frontend_dev.php/$ from ::1
[2025-04-28T07:52:10.796Z] >>> Received Request: GET /debug/default/view?panel=config/frontend_dev.php from ::1
[2025-04-28T07:52:15.000Z] >>> Received Request: GET /debug/default/view?panel=config from ::1
[2025-04-28T07:52:15.363Z] >>> Received Request: GET /debug/default/view.html from ::1
[2025-04-28T07:52:15.704Z] >>> Received Request: GET /debug/default/view from ::1
[2025-04-28T07:52:16.299Z] >>> Received Request: GET /frontend/web/debug/default/view from ::1
[2025-04-28T07:52:16.768Z] >>> Received Request: GET /web/debug/default/view from ::1
[2025-04-28T07:52:17.354Z] >>> Received Request: GET /sapi/debug/default/view from ::1
[2025-04-28T07:52:22.739Z] >>> Received Request: GET /config.json from ::1
[2025-04-28T07:52:23.177Z] >>> Received Request: GET /AwsConfig.json from ::1
[2025-04-28T07:52:24.176Z] >>> Received Request: GET /awsconfig.json from ::1
[2025-04-28T07:52:24.599Z] >>> Received Request: GET /aws.json from ::1
[2025-04-28T07:52:25.035Z] >>> Received Request: GET /conf.json from ::1
[2025-04-28T07:52:25.562Z] >>> Received Request: GET /env.json from ::1
[2025-04-28T07:52:26.021Z] >>> Received Request: GET /.vscode/sftp.json from ::1
[2025-04-28T07:52:26.398Z] >>> Received Request: GET /.json from ::1
[2025-04-28T07:52:26.882Z] >>> Received Request: GET /smtp.json from ::1
[2025-04-28T07:52:27.295Z] >>> Received Request: GET /db.json from ::1
[2025-04-28T07:52:27.765Z] >>> Received Request: GET /sendgrid.json from ::1
[2025-04-28T07:52:28.185Z] >>> Received Request: GET /ws-config.json from ::1
[2025-04-28T07:52:28.989Z] >>> Received Request: GET /_wpeprivate/config.json from ::1
[2025-04-28T07:52:29.398Z] >>> Received Request: GET /deployment-config.json from ::1
[2025-04-28T07:52:29.989Z] >>> Received Request: GET /sftp-config.json from ::1
[2025-04-28T08:02:52.152Z] >>> Received Request: GET /robomongo.json from ::1
[2025-04-28T08:02:52.617Z] >>> Received Request: GET /client_secrets.json from ::1
[2025-04-28T08:02:52.928Z] >>> Received Request: GET /user-config.json from ::1
[2025-04-28T08:02:53.468Z] >>> Received Request: GET /ssh-config.json from ::1
[2025-04-28T08:02:53.754Z] >>> Received Request: GET /database-config.json from ::1
[2025-04-28T08:02:54.466Z] >>> Received Request: GET /config/default.json from ::1
[2025-04-28T08:02:55.053Z] >>> Received Request: GET /config/config.json from ::1
[2025-04-28T08:02:55.352Z] >>> Received Request: GET /credentials/config.json from ::1
[2025-04-28T08:02:55.719Z] >>> Received Request: GET / from ::1
[2025-04-28T08:03:09.967Z] >>> Received Request: GET /assets/env.js from ::1
[2025-04-28T08:03:10.341Z] >>> Received Request: GET /config/config.js from ::1
[2025-04-28T08:03:10.941Z] >>> Received Request: GET /web/config.js from ::1
[2025-04-28T08:03:11.514Z] >>> Received Request: GET /src/config.js from ::1
[2025-04-28T08:03:12.056Z] >>> Received Request: GET /src/api/config.js from ::1
[2025-04-28T08:03:12.402Z] >>> Received Request: GET /web/api/config.js from ::1
[2025-04-28T08:03:12.810Z] >>> Received Request: GET /env.dev.js from ::1
[2025-04-28T08:03:13.179Z] >>> Received Request: GET /env.development.js from ::1
[2025-04-28T08:03:13.621Z] >>> Received Request: GET /env.js from ::1
[2025-04-28T08:03:14.591Z] >>> Received Request: GET /env.prod.js from ::1
[2025-04-28T08:03:15.202Z] >>> Received Request: GET /env.production.js from ::1
[2025-04-28T08:03:15.857Z] >>> Received Request: GET /env.test.js from ::1
[2025-04-28T08:03:16.360Z] >>> Received Request: GET /..;/env.dev.js from ::1
[2025-04-28T08:03:16.734Z] >>> Received Request: GET /..;/env.development.js from ::1
[2025-04-28T08:03:17.286Z] >>> Received Request: GET /..;/env.js from ::1
[2025-04-28T08:03:17.769Z] >>> Received Request: GET /..;/env.prod.js from ::1
[2025-04-28T08:03:18.389Z] >>> Received Request: GET /..;/env.production.js from ::1
[2025-04-28T08:03:18.749Z] >>> Received Request: GET /config.js from ::1
[2025-04-28T08:03:19.157Z] >>> Received Request: GET /api/config.js from ::1
[2025-04-28T08:03:19.680Z] >>> Received Request: GET /app/config.js from ::1
[2025-04-28T08:03:24.203Z] >>> Received Request: GET /.aws/credentials from ::1
[2025-04-28T08:13:51.020Z] >>> Received Request: GET /app_dev.php/_profiler/open?file=app/config/parameters.yml from ::1
[2025-04-28T08:13:51.517Z] >>> Received Request: GET /_profiler/open?file=app/config/parameters.yml from ::1
[2025-04-28T08:13:51.906Z] >>> Received Request: GET /app/config/parameters.yml from ::1
[2025-04-28T08:13:52.383Z] >>> Received Request: GET /config/parameters.yml from ::1
[2025-04-28T08:13:52.937Z] >>> Received Request: GET /parameters.yml from ::1
[2025-04-28T08:14:06.887Z] >>> Received Request: GET /_profiler/phpinfo from ::1
[2025-04-28T08:14:07.303Z] >>> Received Request: GET /app_dev.php/_profiler/phpinfo from ::1
[2025-04-28T08:14:07.711Z] >>> Received Request: GET /phpinfo.php from ::1
[2025-04-28T08:14:08.602Z] >>> Received Request: GET /info.php from ::1
[2025-04-28T08:14:09.217Z] >>> Received Request: GET /owncloud/apps/graphapi/vendor/microsoft/microsoft-graph/tests/GetPhpInfo.php from ::1
[2025-04-28T08:14:09.477Z] >>> Received Request: GET /?phpinfo=1 from ::1
[2025-04-28T08:14:09.806Z] >>> Received Request: GET /tool/view/phpinfo.view.php from ::1
[2025-04-28T08:14:10.218Z] >>> Received Request: GET /phpinfo from ::1
[2025-04-28T08:14:10.610Z] >>> Received Request: GET /symfony/public/_profiler/phpinfo from ::1
[2025-04-28T08:14:11.203Z] >>> Received Request: GET /html/phpinfo.php from ::1
[2025-04-28T08:14:11.736Z] >>> Received Request: GET /?phpinfo=-1 from ::1
[2025-04-28T08:14:12.090Z] >>> Received Request: GET /__info.php from ::1
[2025-04-28T08:14:12.696Z] >>> Received Request: GET /_info-backoffice.php from ::1
[2025-04-28T08:14:13.080Z] >>> Received Request: GET /_info.php from ::1
[2025-04-28T08:14:13.431Z] >>> Received Request: GET /_phpinf.php from ::1
[2025-04-28T08:14:13.758Z] >>> Received Request: GET /_phpinfo.php from ::1
[2025-04-28T08:14:14.575Z] >>> Received Request: GET /_poopinfo.php from ::1
[2025-04-28T08:14:14.869Z] >>> Received Request: GET /.__info.php from ::1
[2025-04-28T08:14:15.425Z] >>> Received Request: GET /.info.php from ::1
[2025-04-28T08:14:15.853Z] >>> Received Request: GET /0.0_phpinfo.php from ::1
[2025-04-28T08:14:16.312Z] >>> Received Request: GET /00_server_info.php from ::1
[2025-04-28T08:14:16.761Z] >>> Received Request: GET /02-info.php from ::1
[2025-04-28T08:14:17.311Z] >>> Received Request: GET /1_1_PhpInfo.php from ::1
[2025-04-28T08:14:17.809Z] >>> Received Request: GET /5info.php from ::1
[2025-04-28T08:14:18.374Z] >>> Received Request: GET / from ::1
[2025-04-28T08:14:23.719Z] >>> Received Request: GET /api/index.php/v1/config/application?public=true from ::1
[2025-04-28T08:32:53.041Z] >>> Received Request: GET /.git/HEAD from ::1
[2025-04-28T08:56:22.145Z] >>> Received Request: GET / from ::1
[2025-04-28T09:12:48.929Z] >>> Received Request: GET / from ::1
[2025-04-28T09:13:06.098Z] >>> Received Request: GET /favicon.ico from ::1
[2025-04-28T09:15:57.269Z] >>> Received Request: GET /.env from ::1
[2025-04-28T09:44:40.022Z] >>> Received Request: GET / from ::1
[2025-04-28T09:52:57.980Z] >>> Received Request: POST /hello.world?%ADd+allow_url_include%3d1+%ADd+auto_prepend_file%3dphp://input from ::1
[2025-04-28T09:53:01.458Z] >>> Received Request: GET /vendor/phpunit/phpunit/src/Util/PHP/eval-stdin.php from ::1
[2025-04-28T10:04:06.430Z] >>> Received Request: GET /.git/refs/ from ::1
[2025-04-28T10:24:34.575Z] >>> Received Request: GET / from ::1
[2025-04-28T11:07:43.616Z] >>> Received Request: GET /5/success.html?id=130&firstname=%D0%90%D0%BB%D0%B5%D0%BA%D1%81%D0%B0%D0%BD%D0%B4%D1%80&lastname=%D0%9F%D1%83%D0%B3%D0%B8%D0%BD&phone=79302517660 from ::1
[2025-04-28T11:07:50.840Z] >>> Received Request: GET / from ::1
[2025-04-28T11:07:50.863Z] >>> Received Request: GET /aaa9 from ::1
[2025-04-28T11:07:51.011Z] >>> Received Request: GET /aab9 from ::1
[2025-04-28T11:13:41.902Z] >>> Received Request: GET /_profiler/phpinfo from ::1
[2025-04-28T11:14:59.096Z] >>> Received Request: GET /aaa9 from ::1
[2025-04-28T11:14:59.258Z] >>> Received Request: GET /aab9 from ::1
[2025-04-28T12:12:54.133Z] >>> Received Request: GET /wordpress/wp-admin/setup-config.php from ::1
[2025-04-28T12:12:54.193Z] >>> Received Request: GET /wp-admin/setup-config.php from ::1
[2025-04-28T12:25:23.972Z] >>> Received Request: GET / from ::1
[2025-04-28T12:29:11.156Z] >>> Received Request: GET / from ::1
[2025-04-28T13:13:51.797Z] >>> Received Request: GET /pdown from ::1
[2025-04-28T13:21:14.461Z] >>> Received Request: GET / from ::1
[2025-04-28T13:44:34.020Z] >>> Received Request: GET / from ::1
[2025-04-28T13:48:50.319Z] >>> Received Request: GET / from ::1
[2025-04-28T14:25:22.788Z] >>> Received Request: GET / from ::1
[2025-04-28T14:28:12.121Z] >>> Received Request: GET /.env from ::1
[2025-04-28T14:48:34.419Z] >>> Received Request: GET /.env from ::1
[2025-04-28T14:48:35.689Z] >>> Received Request: GET /.git/config from ::1
[2025-04-28T14:49:31.394Z] >>> Received Request: GET / from ::1
[2025-04-28T14:49:36.140Z] >>> Received Request: GET /favicon.ico from ::1
[2025-04-28T14:57:25.563Z] >>> Received Request: GET /.env from ::1
[2025-04-28T15:31:35.731Z] >>> Received Request: GET / from ::1
[2025-04-28T15:34:21.450Z] >>> Received Request: GET / from ::1
[2025-04-28T16:11:33.602Z] >>> Received Request: POST /hello.world?%ADd+allow_url_include%3d1+%ADd+auto_prepend_file%3dphp://input from ::1
[2025-04-28T16:11:33.843Z] >>> Received Request: GET /vendor/phpunit/phpunit/src/Util/PHP/eval-stdin.php from ::1
[2025-04-28T16:11:34.038Z] >>> Received Request: GET /vendor/phpunit/phpunit/Util/PHP/eval-stdin.php from ::1
[2025-04-28T16:11:34.252Z] >>> Received Request: GET /vendor/phpunit/src/Util/PHP/eval-stdin.php from ::1
[2025-04-28T16:11:34.480Z] >>> Received Request: GET /vendor/phpunit/Util/PHP/eval-stdin.php from ::1
[2025-04-28T16:11:34.711Z] >>> Received Request: GET /vendor/phpunit/phpunit/LICENSE/eval-stdin.php from ::1
[2025-04-28T16:11:34.981Z] >>> Received Request: GET /vendor/vendor/phpunit/phpunit/src/Util/PHP/eval-stdin.php from ::1
[2025-04-28T16:11:35.256Z] >>> Received Request: GET /phpunit/phpunit/src/Util/PHP/eval-stdin.php from ::1
[2025-04-28T16:11:35.529Z] >>> Received Request: GET /phpunit/phpunit/Util/PHP/eval-stdin.php from ::1
[2025-04-28T16:11:35.757Z] >>> Received Request: GET /phpunit/src/Util/PHP/eval-stdin.php from ::1
[2025-04-28T16:11:36.024Z] >>> Received Request: GET /phpunit/Util/PHP/eval-stdin.php from ::1
[2025-04-28T16:11:36.304Z] >>> Received Request: GET /lib/phpunit/phpunit/src/Util/PHP/eval-stdin.php from ::1
[2025-04-28T16:11:36.584Z] >>> Received Request: GET /lib/phpunit/phpunit/Util/PHP/eval-stdin.php from ::1
[2025-04-28T16:11:36.863Z] >>> Received Request: GET /lib/phpunit/src/Util/PHP/eval-stdin.php from ::1
[2025-04-28T16:11:37.178Z] >>> Received Request: GET /lib/phpunit/Util/PHP/eval-stdin.php from ::1
[2025-04-28T16:11:37.465Z] >>> Received Request: GET /lib/vendor/phpunit/phpunit/src/Util/PHP/eval-stdin.php from ::1
[2025-04-28T16:11:37.782Z] >>> Received Request: GET /laravel/vendor/phpunit/phpunit/src/Util/PHP/eval-stdin.php from ::1
[2025-04-28T16:11:38.103Z] >>> Received Request: GET /www/vendor/phpunit/phpunit/src/Util/PHP/eval-stdin.php from ::1
[2025-04-28T16:11:38.386Z] >>> Received Request: GET /ws/vendor/phpunit/phpunit/src/Util/PHP/eval-stdin.php from ::1
[2025-04-28T16:11:38.677Z] >>> Received Request: GET /yii/vendor/phpunit/phpunit/src/Util/PHP/eval-stdin.php from ::1
[2025-04-28T16:11:39.021Z] >>> Received Request: GET /zend/vendor/phpunit/phpunit/src/Util/PHP/eval-stdin.php from ::1
[2025-04-28T16:11:39.422Z] >>> Received Request: GET /ws/ec/vendor/phpunit/phpunit/src/Util/PHP/eval-stdin.php from ::1
[2025-04-28T16:11:39.662Z] >>> Received Request: GET /V2/vendor/phpunit/phpunit/src/Util/PHP/eval-stdin.php from ::1
[2025-04-28T16:11:39.914Z] >>> Received Request: GET /tests/vendor/phpunit/phpunit/src/Util/PHP/eval-stdin.php from ::1
[2025-04-28T16:11:40.197Z] >>> Received Request: GET /test/vendor/phpunit/phpunit/src/Util/PHP/eval-stdin.php from ::1
[2025-04-28T16:11:40.396Z] >>> Received Request: GET /testing/vendor/phpunit/phpunit/src/Util/PHP/eval-stdin.php from ::1
[2025-04-28T16:11:40.650Z] >>> Received Request: GET /api/vendor/phpunit/phpunit/src/Util/PHP/eval-stdin.php from ::1
[2025-04-28T16:11:40.862Z] >>> Received Request: GET /demo/vendor/phpunit/phpunit/src/Util/PHP/eval-stdin.php from ::1
[2025-04-28T16:11:41.103Z] >>> Received Request: GET /cms/vendor/phpunit/phpunit/src/Util/PHP/eval-stdin.php from ::1
[2025-04-28T16:11:41.323Z] >>> Received Request: GET /crm/vendor/phpunit/phpunit/src/Util/PHP/eval-stdin.php from ::1
[2025-04-28T16:11:41.550Z] >>> Received Request: GET /admin/vendor/phpunit/phpunit/src/Util/PHP/eval-stdin.php from ::1
[2025-04-28T16:11:41.770Z] >>> Received Request: GET /backup/vendor/phpunit/phpunit/src/Util/PHP/eval-stdin.php from ::1
[2025-04-28T16:11:42.007Z] >>> Received Request: GET /blog/vendor/phpunit/phpunit/src/Util/PHP/eval-stdin.php from ::1
[2025-04-28T16:11:42.308Z] >>> Received Request: GET /workspace/drupal/vendor/phpunit/phpunit/src/Util/PHP/eval-stdin.php from ::1
[2025-04-28T16:11:42.605Z] >>> Received Request: GET /panel/vendor/phpunit/phpunit/src/Util/PHP/eval-stdin.php from ::1
[2025-04-28T16:11:42.926Z] >>> Received Request: GET /public/vendor/phpunit/phpunit/src/Util/PHP/eval-stdin.php from ::1
[2025-04-28T16:11:43.308Z] >>> Received Request: GET /apps/vendor/phpunit/phpunit/src/Util/PHP/eval-stdin.php from ::1
[2025-04-28T16:11:43.681Z] >>> Received Request: GET /app/vendor/phpunit/phpunit/src/Util/PHP/eval-stdin.php from ::1
[2025-04-28T16:11:44.032Z] >>> Received Request: GET /index.php?s=/index/\think\app/invokefunction&function=call_user_func_array&vars[0]=md5&vars[1][]=Hello from ::1
[2025-04-28T16:11:44.402Z] >>> Received Request: GET /public/index.php?s=/index/\think\app/invokefunction&function=call_user_func_array&vars[0]=md5&vars[1][]=Hello from ::1
[2025-04-28T16:11:44.743Z] >>> Received Request: GET /index.php?lang=../../../../../../../../usr/local/lib/php/pearcmd&+config-create+/&/<?echo(md5("hi"));?>+/tmp/index1.php from ::1
[2025-04-28T16:11:45.030Z] >>> Received Request: GET /index.php?lang=../../../../../../../../tmp/index1 from ::1
[2025-04-28T16:11:45.386Z] >>> Received Request: GET /containers/json from ::1
[2025-04-28T16:33:22.698Z] >>> Received Request: GET / from ::1
[2025-04-28T16:45:39.501Z] >>> Received Request: GET / from ::1
[2025-04-28T17:19:31.245Z] >>> Received Request: GET /robots.txt from ::1
[2025-04-28T17:19:31.647Z] >>> Received Request: GET /ads.txt from ::1
[2025-04-28T17:29:43.842Z] >>> Received Request: GET /_profiler/phpinfo from ::1
[2025-04-28T18:06:13.009Z] >>> Received Request: GET /r0Ft from ::1
[2025-04-28T18:55:02.803Z] >>> Received Request: GET /.git/refs/ from ::1
[2025-04-28T19:04:09.782Z] >>> Received Request: GET / from ::1
[2025-04-28T19:05:41.431Z] >>> Received Request: GET / from ::1
[2025-04-28T19:05:53.458Z] >>> Received Request: GET / from ::1
[2025-04-28T19:06:10.124Z] >>> Received Request: GET / from ::1
[2025-04-28T19:14:20.109Z] >>> Received Request: GET /.env from ::1
[2025-04-28T19:21:04.187Z] >>> Received Request: GET / from ::1
[2025-04-28T19:21:14.336Z] >>> Received Request: GET /favicon.ico from ::1
[2025-04-28T20:59:35.465Z] >>> Received Request: GET / from ::1
[2025-04-28T21:03:35.405Z] >>> Received Request: GET / from ::1
[2025-04-28T21:16:08.169Z] >>> Received Request: GET /wordpress/wp-admin/setup-config.php from ::1
[2025-04-28T21:18:31.379Z] >>> Received Request: GET /wp-admin/setup-config.php from ::1
[2025-04-28T21:33:51.023Z] >>> Received Request: GET / from ::1
[2025-04-28T21:33:51.241Z] >>> Received Request: GET / from ::1
[2025-04-28T21:33:51.458Z] >>> Received Request: GET /favicon.ico from ::1
[2025-04-28T21:34:11.544Z] >>> Received Request: GET / from ::1
[2025-04-28T21:34:11.717Z] >>> Received Request: GET / from ::1
[2025-04-28T21:42:17.286Z] >>> Received Request: POST /api/auth/login from ::1
[2025-04-28T21:42:25.291Z] >>> Received Request: POST /api/auth/login from ::1
[2025-04-28T21:42:30.116Z] >>> Received Request: GET /api/workouts?year=2025&month=4 from ::1
[2025-04-28T21:44:46.060Z] >>> Received Request: GET /api/statistics/summary from ::1
[2025-04-28T21:55:49.864Z] >>> Received Request: GET /api/workouts/latestPlanned from ::1
Server running on port 3000
MongoDB Connected Successfully!
Email transporter is ready to send messages
[2025-05-08T19:30:15.513Z] >>> Received Request: POST /api/auth/login from ::1
[2025-05-08T19:30:23.278Z] >>> Received Request: GET /api/statistics/summary from ::1
[2025-05-08T19:30:25.968Z] >>> Received Request: GET /api/profile/me from ::1
[2025-05-08T19:30:28.588Z] >>> Received Request: GET /api/workouts?year=2025&month=5 from ::1
[GET /workouts] Filtering by date prefix: ^2025-05-
[2025-05-08T19:30:51.357Z] >>> Received Request: PUT /api/workouts/6818dd00cbe105bb34c959a2/exercises/6818dd00cbe105bb34c959a3 from ::1
[2025-05-08T19:31:08.610Z] >>> Received Request: PUT /api/workouts/6818dd00cbe105bb34c959a2/exercises/6818dd00cbe105bb34c959a3 from ::1
[2025-05-08T19:31:22.584Z] >>> Received Request: PUT /api/workouts/6818dd00cbe105bb34c959a2/exercises/6818dd00cbe105bb34c959a4 from ::1
[2025-05-08T19:31:44.205Z] >>> Received Request: PUT /api/workouts/6818dd00cbe105bb34c959a2/exercises/6818dd00cbe105bb34c959a5 from ::1
[2025-05-08T19:31:59.162Z] >>> Received Request: PUT /api/workouts/6818dd00cbe105bb34c959a2/exercises/6818dd00cbe105bb34c959a6 from ::1
[2025-05-08T19:32:11.142Z] >>> Received Request: PUT /api/workouts/6818dd00cbe105bb34c959a2/exercises/6818dd00cbe105bb34c959a3 from ::1
[2025-05-08T19:32:21.054Z] >>> Received Request: PUT /api/workouts/6818dd00cbe105bb34c959a2/exercises/6818dd00cbe105bb34c959a4 from ::1
[2025-05-08T19:32:34.707Z] >>> Received Request: PUT /api/workouts/6818dd00cbe105bb34c959a2/exercises/6818dd00cbe105bb34c959a5 from ::1
[2025-05-08T19:32:42.139Z] >>> Received Request: PUT /api/workouts/6818dd00cbe105bb34c959a2/exercises/6818dd00cbe105bb34c959a6 from ::1
[2025-05-08T19:32:52.875Z] >>> Received Request: GET /api/statistics/summary from ::1
[2025-05-08T19:32:54.205Z] >>> Received Request: GET /api/workouts?year=2025&month=5 from ::1
[GET /workouts] Filtering by date prefix: ^2025-05-
[2025-05-08T19:32:55.823Z] >>> Received Request: GET /api/statistics/summary from ::1
[2025-05-08T19:32:57.135Z] >>> Received Request: GET /api/workouts?year=2025&month=5 from ::1
[GET /workouts] Filtering by date prefix: ^2025-05-
[2025-05-08T19:33:29.002Z] >>> Received Request: GET /api/statistics/summary from ::1
[2025-05-08T19:33:34.777Z] >>> Received Request: GET /api/statistics/summary from ::1
[2025-05-08T19:33:37.974Z] >>> Received Request: GET /api/statistics/detailed from ::1
[2025-05-08T19:34:01.219Z] >>> Received Request: GET /api/statistics/summary from ::1
[2025-05-08T19:34:03.034Z] >>> Received Request: GET /api/workouts?year=2025&month=5 from ::1
[GET /workouts] Filtering by date prefix: ^2025-05-
[2025-05-08T19:34:28.546Z] >>> Received Request: GET /api/statistics/summary from ::1
[2025-05-08T19:34:51.895Z] >>> Received Request: POST /api/auth/register from ::1
[2025-05-08T20:07:56.580Z] >>> Received Request: GET /wp-content/themes/hello_dolly_v2.php from ::1
[2025-05-08T20:08:11.572Z] >>> Received Request: GET /wp-content/themes/hello_dolly_v2.php from ::1
[2025-05-08T20:08:24.577Z] >>> Received Request: GET /wp-content/plugins/HelloDollyV2/hello_dolly_v2.php from ::1
[2025-05-08T20:08:38.139Z] >>> Received Request: GET /wp-content/plugins/HelloDollyV2/hello_dolly_v2.php from ::1
[2025-05-08T20:27:01.266Z] >>> Received Request: POST /api/auth/register from ::1
[2025-05-08T20:27:01.579Z] >>> Received Request: GET /api/profile/me from ::1
[2025-05-08T20:27:04.531Z] >>> Received Request: GET /api/statistics/summary from ::1
[2025-05-08T20:36:10.057Z] >>> Received Request: GET /api/workouts/latestPlanned from ::1
[2025-05-08T20:36:21.312Z] >>> Received Request: GET /api/workouts?year=2025&month=5 from ::1
[GET /workouts] Filtering by date prefix: ^2025-05-
[2025-05-08T20:36:22.512Z] >>> Received Request: GET /api/workouts?year=2025&month=5 from ::1
[GET /workouts] Filtering by date prefix: ^2025-05-
[2025-05-08T20:36:50.987Z] >>> Received Request: GET /api/statistics/summary from ::1
[2025-05-08T21:09:05.327Z] >>> Received Request: POST /api/auth/register from ::1
[2025-05-08T21:13:41.225Z] >>> Received Request: GET /.env from ::1
[2025-05-08T21:20:50.875Z] >>> Received Request: POST /api/auth/register from ::1
Server running on port 3000
MongoDB Connected Successfully!
Email transporter is ready to send messages
[2025-05-08T23:01:43.674Z] >>> Received Request: POST /api/auth/login from ::1
[Login Attempt] Failed login attempt 5/5 for user@mail.com
[Login Attempt] Locking account for user@mail.com until 2025-05-09T23:01:43.796Z
Email sent successfully to user@mail.com: <a81d6f7e-5597-fa06-a33e-d16420fadb41@gmail.com>
[Login Attempt] Lockout alert email sent to user@mail.com
[2025-05-08T23:01:46.301Z] >>> Received Request: POST /api/auth/login from ::1
[Login Attempt] Account locked for user@mail.com. Remaining: 1440 min.
[2025-05-08T23:01:48.626Z] >>> Received Request: POST /api/auth/login from ::1
[Login Attempt] Account locked for user@mail.com. Remaining: 1440 min.
[2025-05-08T23:05:10.560Z] >>> Received Request: GET /.env from ::1
[2025-05-08T23:05:10.869Z] >>> Received Request: GET /.git/config from ::1
Server running on port 3000
MongoDB Connected Successfully!
Email transporter is ready to send messages
[2025-05-10T18:53:14.053Z] >>> Received Request: POST /api/auth/login from ::1
[2025-05-10T18:53:23.020Z] >>> Received Request: POST /api/auth/login from ::1
[2025-05-10T18:53:24.753Z] >>> Received Request: GET /api/statistics/summary from ::1
[2025-05-10T18:54:05.073Z] >>> Received Request: GET /api/machines/byTag/1D0D76D7061080 from ::1
[2025-05-10T18:54:10.776Z] >>> Received Request: GET /api/workouts?year=2025&month=5 from ::1
[GET /workouts] Filtering by date prefix: ^2025-05-
[2025-05-10T18:54:12.416Z] >>> Received Request: GET /api/workouts/latestPlanned from ::1
[2025-05-10T18:54:13.462Z] >>> Received Request: GET /api/statistics/summary from ::1
[2025-05-10T19:12:39.354Z] >>> Received Request: GET /api/machines/byTag/1D0D76D7061080 from ::1
[2025-05-10T19:14:40.471Z] >>> Received Request: GET /api/machines/byTag/1D0D76D7061080 from ::1
[2025-05-10T19:20:39.611Z] >>> Received Request: POST /api/workouts/startExercise from ::1
[Start Exercise] Incremented scanCount for machine 67f9823f122a61c1e5d48d28
[2025-05-10T19:23:49.035Z] >>> Received Request: PUT /api/workouts/681fa7071b3bd3b4c42c494f/endExercise/0 from ::1
[2025-05-10T19:35:44.850Z] >>> Received Request: GET /api/machines/byTag/1D8774D7061080 from ::1
[2025-05-10T19:35:56.680Z] >>> Received Request: GET /api/machines/byTag/1D0B76D7061080 from ::1
[2025-05-10T19:36:07.653Z] >>> Received Request: GET /api/machines/byTag/1D8774D7061080 from ::1
[2025-05-10T19:48:08.546Z] >>> Received Request: GET /api/machines/byTag/1D0D76D7061080 from ::1
[2025-05-10T19:48:21.433Z] >>> Received Request: GET /.git/index from ::1
[2025-05-10T19:55:04.933Z] >>> Received Request: GET /api/machines/byTag/1D0D76D7061080 from ::1
[2025-05-10T19:55:22.389Z] >>> Received Request: POST /api/auth/login from ::1
[2025-05-10T19:56:04.427Z] >>> Received Request: GET /api/machines/byTag/1D0D76D7061080 from ::1
[2025-05-10T19:56:13.176Z] >>> Received Request: POST /api/workouts/startExercise from ::1
[Start Exercise] Incremented scanCount for machine 67f9823f122a61c1e5d48d28
[2025-05-10T19:56:31.785Z] >>> Received Request: PUT /api/workouts/681faf5d1b3bd3b4c42c4950/endExercise/0 from ::1
[2025-05-10T19:56:34.161Z] >>> Received Request: GET /api/statistics/summary from ::1
[2025-05-10T19:59:22.003Z] >>> Received Request: GET /api/machines/byTag/MACHINE_CC_01 from ::1
[2025-05-10T20:00:08.768Z] >>> Received Request: GET /api/workouts/latestPlanned from ::1
[2025-05-10T20:00:10.031Z] >>> Received Request: GET /api/workouts?year=2025&month=5 from ::1
[GET /workouts] Filtering by date prefix: ^2025-05-
[2025-05-10T20:00:28.135Z] >>> Received Request: GET /api/machines/byTag/MACHINE_CC_01 from ::1
[2025-05-10T20:03:54.692Z] >>> Received Request: GET /api/machines/byTag/test from ::1
[2025-05-10T20:04:16.595Z] >>> Received Request: GET /api/machines/byTag/test from ::1
[2025-05-10T20:07:02.171Z] >>> Received Request: GET /api/machines/byTag/test from ::1
[2025-05-10T20:11:09.878Z] >>> Received Request: GET /.git/index from ::1
[2025-05-10T20:13:52.766Z] >>> Received Request: GET /api/profile/me from ::1
[2025-05-10T20:15:51.275Z] >>> Received Request: GET /api/workouts?year=2025&month=5 from ::1
[GET /workouts] Filtering by date prefix: ^2025-05-
[2025-05-10T20:16:00.425Z] >>> Received Request: GET /version from ::1
[2025-05-10T20:16:02.173Z] >>> Received Request: GET /api/profile/me from ::1
[2025-05-10T20:41:18.532Z] >>> Received Request: GET /api/workouts?year=2025&month=5 from ::1
[GET /workouts] Filtering by date prefix: ^2025-05-
[2025-05-10T20:43:22.244Z] >>> Received Request: GET / from ::1
[2025-05-10T20:43:31.911Z] >>> Received Request: GET /favicon.ico from ::1
[2025-05-10T20:57:13.569Z] >>> Received Request: GET /api/workouts/latestPlanned from ::1
[2025-05-10T20:57:23.682Z] >>> Received Request: POST /api/auth/login from ::1
[2025-05-10T20:57:26.059Z] >>> Received Request: GET /api/workouts?year=2025&month=5 from ::1
[GET /workouts] Filtering by date prefix: ^2025-05-
[2025-05-10T20:57:27.568Z] >>> Received Request: GET /api/workouts/latestPlanned from ::1
[2025-05-10T20:57:28.646Z] >>> Received Request: POST /api/workouts/generate from ::1
[2025-05-10T20:57:31.444Z] >>> Received Request: GET /api/workouts?year=2025&month=5 from ::1
[GET /workouts] Filtering by date prefix: ^2025-05-
[2025-05-10T20:57:37.883Z] >>> Received Request: GET /api/workouts/latestPlanned from ::1
[2025-05-10T20:57:45.455Z] >>> Received Request: POST /api/workouts/generate from ::1
[2025-05-10T20:57:47.600Z] >>> Received Request: POST /api/workouts/generateAI from ::1
[Generate AI V3] Found 10 recent completed workouts for history.
[Generate AI] Sending prompt to Gemini...
[Generate AI] Received raw text response from Gemini: ```json
[
  {
    "exerciseName": "Triceps Extension Machine",
    "exerciseType": "Strength",
    "trainedMuscle": "Triceps",
    "repetitions": 10,
    "weight": 10,
    "weightUnit": "kg"
  },
  {
    "exerciseName": "Shoulder Press Machine",
    "exerciseType": "Strength",
    "trainedMuscle": "Shoulders",
    "repetitions": 12,
    "weight": 15,
    "weightUnit": "kg"
  },
  {
    "exerciseName": "Seated Hamstring Curl Machine",
    "exerciseType": "Strength",
    "trainedMuscle": "Legs",
    "repetitions": 10,
    "weight": 20,
    "weightUnit": "kg"
  },
  {
    "exerciseName": "Ab Crunch Machine",
    "exerciseType": "Strength",
    "trainedMuscle": "Abs",
    "repetitions": 15,
    "weight": null,
    "weightUnit": null
  }
]
```

[Generate AI] Extracted JSON block using regex (length 736):
[Generate AI] Attempting JSON.parse on extracted string between >>> <<<:
>>>[
  {
    "exerciseName": "Triceps Extension Machine",
    "exerciseType": "Strength",
    "trainedMuscle": "Triceps",
    "repetitions": 10,
    "weight": 10,
    "weightUnit": "kg"
  },
  {
    "exerciseName": "Shoulder Press Machine",
    "exerciseType": "Strength",
    "trainedMuscle": "Shoulders",
    "repetitions": 12,
    "weight": 15,
    "weightUnit": "kg"
  },
  {
    "exerciseName": "Seated Hamstring Curl Machine",
    "exerciseType": "Strength",
    "trainedMuscle": "Legs",
    "repetitions": 10,
    "weight": 20,
    "weightUnit": "kg"
  },
  {
    "exerciseName": "Ab Crunch Machine",
    "exerciseType": "Strength",
    "trainedMuscle": "Abs",
    "repetitions": 15,
    "weight": null,
    "weightUnit": null
  }
]<<<
[Generate AI] Parsed 4 exercises successfully.
[Generate AI] Saved AI planned workout 681fbdcd0e7f0ac74c6c2247 with 4 exercises.
[2025-05-10T20:58:42.475Z] >>> Received Request: GET /api/workouts?year=2025&month=5 from ::1
[GET /workouts] Filtering by date prefix: ^2025-05-
[2025-05-10T20:58:55.497Z] >>> Received Request: GET /api/workouts/latestPlanned from ::1
[2025-05-10T20:59:27.117Z] >>> Received Request: PUT /api/profile/me from ::1
[2025-05-10T20:59:27.267Z] >>> Received Request: GET /api/profile/me from ::1
[2025-05-10T20:59:30.897Z] >>> Received Request: POST /api/workouts/generateAI from ::1
[Generate AI V3] Found 10 recent completed workouts for history.
[Generate AI] Sending prompt to Gemini...
[Generate AI] Received raw text response from Gemini: ```json
[
  {
    "exerciseName": "Lat Pulldown Machine",
    "exerciseType": "Strength",
    "trainedMuscle": "Back",
    "repetitions": 10,
    "weight": 20,
    "weightUnit": "kg"
  },
  {
    "exerciseName": "Seated Cable Row Machine",
    "exerciseType": "Strength",
    "trainedMuscle": "Back",
    "repetitions": 12,
    "weight": 15,
    "weightUnit": "kg"
  },
  {
    "exerciseName": "Triceps Extension Machine",
    "exerciseType": "Strength",
    "trainedMuscle": "Triceps",
    "repetitions": 10,
    "weight": 10,
    "weightUnit": "kg"
  },
  {
    "exerciseName": "Dumbbell Area (Select Exercise)",
    "exerciseType": "Strength",
    "trainedMuscle": "Various",
    "repetitions": 12,
    "weight": 5,
    "weightUnit": "kg"
  },
  {
    "exerciseName": "Treadmill #1",
    "exerciseType": "Cardio",
    "trainedMuscle": "Cardio",
    "repetitions": null,
    "weight": null,
    "weightUnit": null
  }
]
```

[Generate AI] Extracted JSON block using regex (length 913):
[Generate AI] Attempting JSON.parse on extracted string between >>> <<<:
>>>[
  {
    "exerciseName": "Lat Pulldown Machine",
    "exerciseType": "Strength",
    "trainedMuscle": "Back",
    "repetitions": 10,
    "weight": 20,
    "weightUnit": "kg"
  },
  {
    "exerciseName": "Seated Cable Row Machine",
    "exerciseType": "Strength",
    "trainedMuscle": "Back",
    "repetitions": 12,
    "weight": 15,
    "weightUnit": "kg"
  },
  {
    "exerciseName": "Triceps Extension Machine",
    "exerciseType": "Strength",
    "trainedMuscle": "Triceps",
    "repetitions": 10,
    "weight": 10,
    "weightUnit": "kg"
  },
  {
    "exerciseName": "Dumbbell Area (Select Exercise)",
    "exerciseType": "Strength",
    "trainedMuscle": "Various",
    "repetitions": 12,
    "weight": 5,
    "weightUnit": "kg"
  },
  {
    "exerciseName": "Treadmill #1",
    "exerciseType": "Cardio",
    "trainedMuscle": "Cardio",
    "repetitions": null,
    "weight": null,
    "weightUnit": null
  }
]<<<
[Generate AI] Parsed 5 exercises successfully.
[Generate AI] Saved AI planned workout 681fbe350e7f0ac74c6c225a with 5 exercises.
[2025-05-10T21:00:58.327Z] >>> Received Request: PUT /api/profile/me from ::1
[2025-05-10T21:00:58.738Z] >>> Received Request: GET /api/profile/me from ::1
[2025-05-10T21:01:06.621Z] >>> Received Request: POST /api/workouts/generateAI from ::1
[Generate AI V3] Found 10 recent completed workouts for history.
[Generate AI] Sending prompt to Gemini...
[Generate AI] Received raw text response from Gemini: ```json
[
  {
    "exerciseName": "Lat Pulldown Machine",
    "exerciseType": "Strength",
    "trainedMuscle": "Back",
    "repetitions": 10,
    "weight": 20,
    "weightUnit": "kg"
  },
  {
    "exerciseName": "Seated Cable Row Machine",
    "exerciseType": "Strength",
    "trainedMuscle": "Back",
    "repetitions": 12,
    "weight": 15,
    "weightUnit": "kg"
  },
  {
    "exerciseName": "Dumbbell Area (Select Exercise)",
    "exerciseType": "Strength",
    "trainedMuscle": "Back",
    "repetitions": 8,
    "weight": 8,
    "weightUnit": "kg"
  },
  {
    "exerciseName": "Triceps Extension Machine",
    "exerciseType": "Strength",
    "trainedMuscle": "Triceps",
    "repetitions": 10,
    "weight": 10,
    "weightUnit": "kg"
  },
  {
    "exerciseName": "Bicep Curl Machine",
    "exerciseType": "Strength",
    "trainedMuscle": "Biceps",
    "repetitions": 12,
    "weight": 10,
    "weightUnit": "kg"
  }
]
```

[Generate AI] Extracted JSON block using regex (length 913):
[Generate AI] Attempting JSON.parse on extracted string between >>> <<<:
>>>[
  {
    "exerciseName": "Lat Pulldown Machine",
    "exerciseType": "Strength",
    "trainedMuscle": "Back",
    "repetitions": 10,
    "weight": 20,
    "weightUnit": "kg"
  },
  {
    "exerciseName": "Seated Cable Row Machine",
    "exerciseType": "Strength",
    "trainedMuscle": "Back",
    "repetitions": 12,
    "weight": 15,
    "weightUnit": "kg"
  },
  {
    "exerciseName": "Dumbbell Area (Select Exercise)",
    "exerciseType": "Strength",
    "trainedMuscle": "Back",
    "repetitions": 8,
    "weight": 8,
    "weightUnit": "kg"
  },
  {
    "exerciseName": "Triceps Extension Machine",
    "exerciseType": "Strength",
    "trainedMuscle": "Triceps",
    "repetitions": 10,
    "weight": 10,
    "weightUnit": "kg"
  },
  {
    "exerciseName": "Bicep Curl Machine",
    "exerciseType": "Strength",
    "trainedMuscle": "Biceps",
    "repetitions": 12,
    "weight": 10,
    "weightUnit": "kg"
  }
]<<<
[Generate AI] Parsed 5 exercises successfully.
[Generate AI] Saved AI planned workout 681fbe950e7f0ac74c6c2268 with 5 exercises.
[2025-05-10T21:01:52.851Z] >>> Received Request: POST /api/workouts/generate from ::1
[2025-05-10T21:02:19.300Z] >>> Received Request: PUT /api/profile/me from ::1
[2025-05-10T21:02:19.449Z] >>> Received Request: GET /api/profile/me from ::1
[2025-05-10T21:02:22.645Z] >>> Received Request: POST /api/workouts/generate from ::1
[2025-05-10T21:03:42.122Z] >>> Received Request: PUT /api/profile/me from ::1
[2025-05-10T21:03:42.271Z] >>> Received Request: GET /api/profile/me from ::1
[2025-05-10T21:03:44.767Z] >>> Received Request: POST /api/workouts/generate from ::1
[2025-05-10T21:03:50.714Z] >>> Received Request: POST /api/workouts/generate from ::1
[2025-05-10T21:06:14.575Z] >>> Received Request: GET /api/workouts?year=2025&month=5 from ::1
[GET /workouts] Filtering by date prefix: ^2025-05-
[2025-05-10T21:06:33.351Z] >>> Received Request: GET /api/workouts/latestPlanned from ::1
[2025-05-10T21:06:34.703Z] >>> Received Request: POST /api/workouts/generate from ::1
[2025-05-10T21:06:36.215Z] >>> Received Request: GET /api/workouts?year=2025&month=5 from ::1
[GET /workouts] Filtering by date prefix: ^2025-05-
[2025-05-10T21:06:41.159Z] >>> Received Request: GET /api/workouts/latestPlanned from ::1
[2025-05-10T21:06:51.686Z] >>> Received Request: GET /api/workouts?year=2025&month=5 from ::1
[GET /workouts] Filtering by date prefix: ^2025-05-
[2025-05-10T21:10:29.631Z] >>> Received Request: GET /api/workouts/latestPlanned from ::1
[2025-05-10T21:10:37.560Z] >>> Received Request: PUT /api/workouts/681fbfda0e7f0ac74c6c22b1/complete from ::1
[2025-05-10T21:10:41.368Z] >>> Received Request: GET /api/workouts?year=2025&month=5 from ::1
[GET /workouts] Filtering by date prefix: ^2025-05-
[2025-05-10T21:10:55.733Z] >>> Received Request: GET /api/machines/byTag/1D0D76D7061080 from ::1
[2025-05-10T21:10:56.933Z] >>> Received Request: POST /api/workouts/startExercise from ::1
[Start Exercise] Incremented scanCount for machine 67f9823f122a61c1e5d48d28
[2025-05-10T21:11:05.778Z] >>> Received Request: PUT /api/workouts/681fbe950e7f0ac74c6c2268/endExercise/5 from ::1
[2025-05-10T21:11:11.426Z] >>> Received Request: GET /api/workouts?year=2025&month=5 from ::1
[GET /workouts] Filtering by date prefix: ^2025-05-
[2025-05-10T21:11:26.015Z] >>> Received Request: GET /api/workouts?year=2025&month=5 from ::1
[GET /workouts] Filtering by date prefix: ^2025-05-
[2025-05-10T21:11:57.881Z] >>> Received Request: GET /api/workouts/latestPlanned from ::1
[2025-05-10T21:11:58.091Z] >>> Received Request: GET /.git/config from ::1
[2025-05-10T21:11:58.924Z] >>> Received Request: GET /api/workouts?year=2025&month=5 from ::1
[GET /workouts] Filtering by date prefix: ^2025-05-
[2025-05-10T21:11:59.454Z] >>> Received Request: GET /.aws/credentials from ::1
[2025-05-10T21:12:05.103Z] >>> Received Request: GET /api/workouts?year=2025&month=5 from ::1
[GET /workouts] Filtering by date prefix: ^2025-05-
[2025-05-10T21:12:47.468Z] >>> Received Request: GET /api/statistics/summary from ::1
[2025-05-10T21:12:50.484Z] >>> Received Request: GET /api/statistics/detailed from ::1
[2025-05-10T21:13:48.030Z] >>> Received Request: GET /api/statistics/summary from ::1
[2025-05-10T21:13:48.600Z] >>> Received Request: GET /api/workouts/latestPlanned from ::1
[2025-05-10T21:13:52.516Z] >>> Received Request: GET /api/workouts?year=2025&month=5 from ::1
[GET /workouts] Filtering by date prefix: ^2025-05-
[2025-05-10T21:15:02.189Z] >>> Received Request: DELETE /api/workouts/681faf5d1b3bd3b4c42c4950/exercises/681faf5d0e7f0ac74c6c220b from ::1
[2025-05-10T21:15:04.218Z] >>> Received Request: GET /api/workouts?year=2025&month=5 from ::1
[GET /workouts] Filtering by date prefix: ^2025-05-
[2025-05-10T21:15:06.314Z] >>> Received Request: GET /api/workouts?year=2025&month=5 from ::1
[GET /workouts] Filtering by date prefix: ^2025-05-
[2025-05-10T21:15:54.072Z] >>> Received Request: GET /api/workouts?year=2025&month=4 from ::1
[GET /workouts] Filtering by date prefix: ^2025-04-
[2025-05-10T21:16:22.069Z] >>> Received Request: GET /api/statistics/summary from ::1
[2025-05-10T21:16:29.864Z] >>> Received Request: GET /api/workouts/latestPlanned from ::1
[2025-05-10T21:16:44.211Z] >>> Received Request: PUT /api/profile/me from ::1
[2025-05-10T21:16:44.848Z] >>> Received Request: GET /api/profile/me from ::1
[2025-05-10T21:16:53.039Z] >>> Received Request: POST /api/workouts/generate from ::1
[2025-05-10T21:17:20.687Z] >>> Received Request: GET /api/workouts?year=2025&month=4 from ::1
[GET /workouts] Filtering by date prefix: ^2025-04-
[2025-05-10T21:17:24.092Z] >>> Received Request: GET /api/workouts?year=2025&month=5 from ::1
[GET /workouts] Filtering by date prefix: ^2025-05-
[2025-05-10T21:17:34.312Z] >>> Received Request: GET /api/workouts/latestPlanned from ::1
[2025-05-10T21:17:43.430Z] >>> Received Request: PUT /api/workouts/681fc2450e7f0ac74c6c2305/complete from ::1
[2025-05-10T21:17:44.973Z] >>> Received Request: GET /api/workouts?year=2025&month=5 from ::1
[GET /workouts] Filtering by date prefix: ^2025-05-
[2025-05-10T21:17:49.545Z] >>> Received Request: GET /api/workouts?year=2025&month=5 from ::1
[GET /workouts] Filtering by date prefix: ^2025-05-
[2025-05-10T21:17:50.984Z] >>> Received Request: GET /api/workouts?year=2025&month=5 from ::1
[GET /workouts] Filtering by date prefix: ^2025-05-
[2025-05-10T21:17:52.453Z] >>> Received Request: GET /api/workouts?year=2025&month=5 from ::1
[GET /workouts] Filtering by date prefix: ^2025-05-
[2025-05-10T21:18:00.738Z] >>> Received Request: GET /api/workouts?year=2025&month=5 from ::1
[GET /workouts] Filtering by date prefix: ^2025-05-
[2025-05-10T21:18:06.482Z] >>> Received Request: GET /api/workouts/latestPlanned from ::1
[2025-05-10T21:18:19.092Z] >>> Received Request: GET /api/workouts?year=2025&month=5 from ::1
[GET /workouts] Filtering by date prefix: ^2025-05-
[2025-05-10T21:18:24.046Z] >>> Received Request: GET /api/workouts/latestPlanned from ::1
[2025-05-10T21:18:33.998Z] >>> Received Request: PUT /api/workouts/681fbf360e7f0ac74c6c229e from ::1
[2025-05-10T21:18:36.835Z] >>> Received Request: POST /api/workouts/generate from ::1
[2025-05-10T21:18:38.590Z] >>> Received Request: PUT /api/workouts/681fc2ac0e7f0ac74c6c2332 from ::1
[2025-05-10T21:18:42.232Z] >>> Received Request: GET /api/workouts?status=planned&isCoachAssigned=true from ::1
[2025-05-10T21:18:44.184Z] >>> Received Request: GET /api/workouts/latestPlanned from ::1
[2025-05-10T21:18:45.248Z] >>> Received Request: GET /api/workouts?year=2025&month=5 from ::1
[GET /workouts] Filtering by date prefix: ^2025-05-
[2025-05-10T21:18:52.379Z] >>> Received Request: GET /api/workouts/latestPlanned from ::1
[2025-05-10T21:19:00.370Z] >>> Received Request: GET /api/workouts?year=2025&month=5 from ::1
[GET /workouts] Filtering by date prefix: ^2025-05-
[2025-05-10T21:19:00.907Z] >>> Received Request: GET /api/workouts/latestPlanned from ::1
[2025-05-10T21:19:13.268Z] >>> Received Request: GET /api/workouts?year=2025&month=5 from ::1
[GET /workouts] Filtering by date prefix: ^2025-05-
[2025-05-10T21:19:25.764Z] >>> Received Request: GET /api/workouts/latestPlanned from ::1
[2025-05-10T21:23:48.445Z] >>> Received Request: GET /api/workouts?year=2025&month=5 from ::1
[GET /workouts] Filtering by date prefix: ^2025-05-
[2025-05-10T21:24:26.134Z] >>> Received Request: PUT /api/workouts/6818dd00cbe105bb34c959a2/exercises/6818dd00cbe105bb34c959a6 from ::1
[2025-05-10T21:24:34.824Z] >>> Received Request: GET /api/workouts?year=2025&month=5 from ::1
[GET /workouts] Filtering by date prefix: ^2025-05-
[2025-05-10T21:33:36.427Z] >>> Received Request: GET /wp-admin/setup-config.php from ::1
[2025-05-10T21:33:45.946Z] >>> Received Request: GET /wordpress/wp-admin/setup-config.php from ::1
[2025-05-10T21:42:27.028Z] >>> Received Request: GET / from ::1
[2025-05-10T21:42:27.176Z] >>> Received Request: GET / from ::1
[2025-05-10T21:42:27.353Z] >>> Received Request: GET /favicon.ico from ::1
[2025-05-10T21:42:47.226Z] >>> Received Request: GET / from ::1
[2025-05-10T21:42:47.478Z] >>> Received Request: GET / from ::1
[2025-05-10T21:43:26.981Z] >>> Received Request: GET /api/workouts?year=2025&month=4 from ::1
[GET /workouts] Filtering by date prefix: ^2025-04-
[2025-05-10T21:59:44.337Z] >>> Received Request: GET /.env from ::1
[2025-05-10T22:01:54.982Z] >>> Received Request: GET /api/workouts?year=2025&month=7 from ::1
[2025-05-10T22:02:01.980Z] >>> Received Request: POST /api/auth/login from ::1
[2025-05-10T22:02:03.713Z] >>> Received Request: GET /api/workouts?year=2025&month=5 from ::1
[GET /workouts] Filtering by date prefix: ^2025-05-
[2025-05-10T22:02:05.155Z] >>> Received Request: GET /api/workouts?year=2025&month=4 from ::1
[GET /workouts] Filtering by date prefix: ^2025-04-
[2025-05-10T22:11:07.563Z] >>> Received Request: GET /api/workouts/latestPlanned from ::1
[2025-05-10T23:13:53.539Z] >>> Received Request: POST /api/auth/login from ::1
[2025-05-10T23:13:55.357Z] >>> Received Request: GET /api/workouts?year=2025&month=5 from ::1
[GET /workouts] Filtering by date prefix: ^2025-05-
[2025-05-10T23:13:57.570Z] >>> Received Request: GET /api/workouts/latestPlanned from ::1
[2025-05-10T23:13:59.391Z] >>> Received Request: POST /api/workouts/generate from ::1
[2025-05-10T23:14:06.975Z] >>> Received Request: PUT /api/profile/me from ::1
[2025-05-10T23:14:07.105Z] >>> Received Request: GET /api/profile/me from ::1
[2025-05-10T23:14:08.270Z] >>> Received Request: POST /api/workouts/generate from ::1
[2025-05-10T23:14:10.964Z] >>> Received Request: POST /api/workouts/generate from ::1
[2025-05-10T23:14:24.085Z] >>> Received Request: GET /api/workouts?status=planned&isCoachAssigned=true from ::1
[2025-05-10T23:14:25.079Z] >>> Received Request: GET /api/workouts/latestPlanned from ::1
[2025-05-10T23:14:25.662Z] >>> Received Request: GET /api/statistics/summary from ::1
[2025-05-10T23:14:29.896Z] >>> Received Request: GET /api/machines?gymId=67feb73cbd42339292c3910b from ::1
[GET /api/machines] Querying with filter: { gymId: new ObjectId('67feb73cbd42339292c3910b') }
[GET /api/machines] Found 17 machines.
[2025-05-10T23:14:53.277Z] >>> Received Request: POST /api/workouts/assignPlan from ::1
[2025-05-10T23:15:02.215Z] >>> Received Request: POST /api/workouts/assignPlan from ::1
[2025-05-10T23:19:00.812Z] >>> Received Request: POST /api/workouts/assignPlan from ::1
[2025-05-10T23:19:18.880Z] >>> Received Request: POST /api/workouts/assignPlan from ::1
[2025-05-10T23:23:36.139Z] >>> Received Request: GET /.env from ::1
[2025-05-10T23:23:37.209Z] >>> Received Request: GET /.git/config from ::1
[2025-05-11T00:13:28.028Z] >>> Received Request: POST /api/workouts/assignPlan from ::1
[2025-05-11T00:13:32.639Z] >>> Received Request: POST /api/workouts/assignPlan from ::1
[2025-05-11T00:13:35.864Z] >>> Received Request: GET /api/statistics/summary from ::1
[2025-05-11T00:13:37.751Z] >>> Received Request: GET /api/profile/me from ::1
[2025-05-11T00:13:39.858Z] >>> Received Request: GET /api/workouts?year=2025&month=5 from ::1
[GET /workouts] Filtering by date prefix: ^2025-05-
[2025-05-11T00:13:40.858Z] >>> Received Request: GET /api/statistics/summary from ::1
[2025-05-11T00:13:43.548Z] >>> Received Request: GET /api/workouts/latestPlanned from ::1
[2025-05-11T00:13:44.967Z] >>> Received Request: GET /api/statistics/summary from ::1
[2025-05-11T00:13:49.963Z] >>> Received Request: GET /api/machines?gymId=67feb73cbd42339292c3910b from ::1
[GET /api/machines] Querying with filter: { gymId: new ObjectId('67feb73cbd42339292c3910b') }
[GET /api/machines] Found 17 machines.
[2025-05-11T00:14:00.642Z] >>> Received Request: POST /api/workouts/assignPlan from ::1
[2025-05-11T00:14:08.088Z] >>> Received Request: POST /api/auth/login from ::1
[2025-05-11T00:14:09.709Z] >>> Received Request: GET /api/statistics/summary from ::1
[2025-05-11T00:14:12.216Z] >>> Received Request: GET /api/profile/me from ::1
[2025-05-11T00:14:13.472Z] >>> Received Request: GET /api/profile/me from ::1
[2025-05-11T00:14:13.625Z] >>> Received Request: GET /api/gyms from ::1
[2025-05-11T00:14:15.965Z] >>> Received Request: GET /api/statistics/summary from ::1
[2025-05-11T00:14:18.457Z] >>> Received Request: GET /api/gyms from ::1
[2025-05-11T00:14:21.267Z] >>> Received Request: GET /api/machines?gymId=67feb73cbd42339292c3910b from ::1
[GET /api/machines] Querying with filter: { gymId: new ObjectId('67feb73cbd42339292c3910b') }
[GET /api/machines] Found 17 machines.
[2025-05-11T00:14:34.391Z] >>> Received Request: POST /api/workouts/assignPlan from ::1
[2025-05-11T00:14:42.932Z] >>> Received Request: POST /api/workouts/assignPlan from ::1
[2025-05-11T00:15:52.097Z] >>> Received Request: GET /api/machines?gymId=67feb73cbd42339292c3910b from ::1
[GET /api/machines] Querying with filter: { gymId: new ObjectId('67feb73cbd42339292c3910b') }
[GET /api/machines] Found 17 machines.
[2025-05-11T00:16:06.709Z] >>> Received Request: POST /api/workouts/assignPlan from ::1
[2025-05-11T00:17:56.998Z] >>> Received Request: POST /api/workouts/assignPlan from ::1
[2025-05-11T00:20:33.552Z] >>> Received Request: GET /api/statistics/summary from ::1
[2025-05-11T00:20:48.412Z] >>> Received Request: GET /api/machines?gymId=67feb73cbd42339292c3910b from ::1
[GET /api/machines] Querying with filter: { gymId: new ObjectId('67feb73cbd42339292c3910b') }
[2025-05-11T00:20:48.433Z] >>> Received Request: GET /api/gyms from ::1
[GET /api/machines] Found 17 machines.
[2025-05-11T00:20:52.231Z] >>> Received Request: GET /api/machines?gymId=67feb73cbd42339292c3910b from ::1
[GET /api/machines] Querying with filter: { gymId: new ObjectId('67feb73cbd42339292c3910b') }
[GET /api/machines] Found 17 machines.
[2025-05-11T00:21:04.639Z] >>> Received Request: POST /api/workouts/assignPlan from ::1
Server running on port 3000
MongoDB Connected Successfully!
Email transporter is ready to send messages
[2025-05-11T00:26:07.797Z] >>> Received Request: POST /api/workouts/assignPlan from ::1
[2025-05-11T00:26:24.687Z] >>> Received Request: POST /api/workouts/assignPlan from ::1
Trainer 67f841267b7b21420ba2dd76 assigned workout 681feeb06861c9564fffaeb1 to user 67f83df67b7b21420ba2dd71 for date 2025-05-12
[2025-05-11T00:26:31.346Z] >>> Received Request: GET /api/statistics/summary from ::1
[2025-05-11T00:26:41.201Z] >>> Received Request: POST /api/auth/login from ::1
[2025-05-11T00:26:43.103Z] >>> Received Request: GET /api/workouts/latestPlanned from ::1
[2025-05-11T00:26:43.883Z] >>> Received Request: GET /api/workouts?status=planned&isCoachAssigned=true from ::1
[2025-05-11T00:27:48.168Z] >>> Received Request: GET /api/workouts/latestPlanned from ::1
[2025-05-11T00:29:33.278Z] >>> Received Request: POST /api/workouts/generate from ::1
[2025-05-11T00:34:02.847Z] >>> Received Request: PUT /api/profile/me from ::1
[2025-05-11T00:34:02.956Z] >>> Received Request: GET /api/profile/me from ::1
[2025-05-11T00:34:09.988Z] >>> Received Request: POST /api/workouts/generate from ::1
[2025-05-11T00:35:50.050Z] >>> Received Request: GET / from ::1
[2025-05-11T00:44:26.160Z] >>> Received Request: GET /favicon.ico from ::1
Server running on port 3000
MongoDB Connected Successfully!
Email transporter is ready to send messages
[2025-05-16T19:40:55.151Z] >>> Received Request: POST /api/auth/login from ::1
[2025-05-16T19:51:12.128Z] >>> Received Request: GET / from ::1
[2025-05-16T19:51:14.507Z] >>> Received Request: GET /.env.backup from ::1
[2025-05-16T19:51:15.434Z] >>> Received Request: GET /.env.bak from ::1
[2025-05-16T19:51:17.051Z] >>> Received Request: GET /data/.git/config from ::1
[2025-05-16T19:51:18.338Z] >>> Received Request: GET /server/.git/config from ::1
[2025-05-16T19:51:20.334Z] >>> Received Request: GET /dev/.git/config from ::1
[2025-05-16T19:51:20.965Z] >>> Received Request: GET /.aws/credentials from ::1
[2025-05-16T19:51:22.520Z] >>> Received Request: GET /.env.live from ::1
[2025-05-16T19:51:24.404Z] >>> Received Request: GET /.env_sample from ::1
[2025-05-16T19:51:25.297Z] >>> Received Request: GET /.env.save from ::1
[2025-05-16T19:51:25.986Z] >>> Received Request: GET /files/.git/config from ::1
[2025-05-16T19:51:26.616Z] >>> Received Request: GET /build/.env from ::1
[2025-05-16T19:51:28.252Z] >>> Received Request: GET /admin/.git/config from ::1
[2025-05-16T19:51:29.003Z] >>> Received Request: GET /.env.production from ::1
[2025-05-16T19:51:30.860Z] >>> Received Request: GET /.env.testing from ::1
[2025-05-16T19:51:33.477Z] >>> Received Request: GET /settings/.env from ::1
[2025-05-16T19:51:34.045Z] >>> Received Request: GET /.env.development.local from ::1
[2025-05-16T19:51:34.823Z] >>> Received Request: GET /.env.dev.local from ::1
[2025-05-16T19:51:35.900Z] >>> Received Request: GET /.env.preprod from ::1
[2025-05-16T19:51:37.230Z] >>> Received Request: GET /.env.uat from ::1
[2025-05-16T19:51:38.408Z] >>> Received Request: GET /backup/.git/config from ::1
[2025-05-16T19:51:38.631Z] >>> Received Request: GET /media../.git/config from ::1
[2025-05-16T19:51:39.111Z] >>> Received Request: GET /.env.ci from ::1
[2025-05-16T19:51:39.748Z] >>> Received Request: GET /.env.local from ::1
[2025-05-16T19:51:40.838Z] >>> Received Request: GET /.env.prod from ::1
[2025-05-16T19:51:41.316Z] >>> Received Request: GET /configuration/.env from ::1
[2025-05-16T19:51:43.182Z] >>> Received Request: GET /assets../.git/config from ::1
[2025-05-16T19:51:44.273Z] >>> Received Request: GET /.env from ::1
[2025-05-16T19:51:44.426Z] >>> Received Request: GET /.env.staging.local from ::1
[2025-05-16T19:51:44.600Z] >>> Received Request: GET /app/.git/config from ::1
[2025-05-16T19:51:45.136Z] >>> Received Request: GET /public/.git/config from ::1
[2025-05-16T19:51:46.305Z] >>> Received Request: GET /src/.git/config from ::1
[2025-05-16T19:51:47.246Z] >>> Received Request: GET /.env.sandbox from ::1
[2025-05-16T19:51:48.656Z] >>> Received Request: GET /.env.dist from ::1
[2025-05-16T19:51:49.454Z] >>> Received Request: GET /.env.secret from ::1
[2025-05-16T19:51:51.234Z] >>> Received Request: GET /.env.template from ::1
[2025-05-16T19:51:52.291Z] >>> Received Request: GET /cms/.git/config from ::1
[2025-05-16T19:51:53.905Z] >>> Received Request: GET /.env.config from ::1
[2025-05-16T19:51:54.612Z] >>> Received Request: GET /api/.git/config from ::1
[2025-05-16T19:51:55.354Z] >>> Received Request: GET /.env.dev from ::1
[2025-05-16T19:51:55.718Z] >>> Received Request: GET /config/.env from ::1
[2025-05-16T19:51:56.526Z] >>> Received Request: GET /core/.git/config from ::1
[2025-05-16T19:51:57.586Z] >>> Received Request: GET /project/.git/config from ::1
[2025-05-16T19:51:58.799Z] >>> Received Request: GET /static../.git/config from ::1
[2025-05-16T19:52:00.384Z] >>> Received Request: GET /docker-compose.prod.yml from ::1
[2025-05-16T19:52:02.197Z] >>> Received Request: GET /config/.git/config from ::1
[2025-05-16T19:52:02.445Z] >>> Received Request: GET /www/.git/config from ::1
[2025-05-16T19:52:03.184Z] >>> Received Request: GET /.env.test from ::1
[2025-05-16T19:52:04.084Z] >>> Received Request: GET /.env.production.local from ::1
[2025-05-16T19:52:06.309Z] >>> Received Request: GET /.env.default from ::1
[2025-05-16T19:52:08.236Z] >>> Received Request: GET /api/.env from ::1
[2025-05-16T19:52:09.236Z] >>> Received Request: GET /prod/.env from ::1
[2025-05-16T19:52:10.651Z] >>> Received Request: GET /media/.git/config from ::1
[2025-05-16T19:52:11.210Z] >>> Received Request: GET /.env.stage from ::1
[2025-05-16T19:52:11.867Z] >>> Received Request: GET /.git/config from ::1
[2025-05-16T19:52:12.844Z] >>> Received Request: GET /config.json from ::1
[2025-05-16T20:06:59.850Z] >>> Received Request: GET / from ::1
[2025-05-16T20:10:22.957Z] >>> Received Request: GET /api/statistics/summary from ::1
[2025-05-16T20:10:24.291Z] >>> Received Request: GET /api/profile/me from ::1
[2025-05-16T20:10:24.462Z] >>> Received Request: GET /api/gyms from ::1
[2025-05-16T20:10:27.009Z] >>> Received Request: PUT /api/profile/me from ::1
[2025-05-16T20:10:27.162Z] >>> Received Request: GET /api/statistics/summary from ::1
[2025-05-16T20:10:28.580Z] >>> Received Request: GET /api/workouts/latestPlanned from ::1
[2025-05-16T20:10:31.939Z] >>> Received Request: GET /api/statistics/summary from ::1
[2025-05-16T20:10:33.563Z] >>> Received Request: GET /api/profile/me from ::1
[2025-05-16T20:10:33.812Z] >>> Received Request: GET /api/gyms from ::1
[2025-05-16T20:10:41.740Z] >>> Received Request: GET /api/statistics/summary from ::1
[2025-05-16T20:11:00.128Z] >>> Received Request: POST /api/auth/register from ::1
[2025-05-16T20:11:00.493Z] >>> Received Request: GET /api/profile/me from ::1
[2025-05-16T20:11:01.542Z] >>> Received Request: GET /api/workouts/latestPlanned from ::1
[2025-05-16T20:11:04.214Z] >>> Received Request: POST /api/workouts/generate from ::1
[2025-05-16T20:13:29.316Z] >>> Received Request: GET /api/statistics/summary from ::1
[2025-05-16T20:13:37.742Z] >>> Received Request: POST /api/auth/login from ::1
[2025-05-16T20:13:39.387Z] >>> Received Request: GET /api/workouts/latestPlanned from ::1
[2025-05-16T20:23:14.959Z] >>> Received Request: GET /api/statistics/summary from ::1
[2025-05-16T20:25:32.676Z] >>> Received Request: POST /api/auth/google from ::1
User logged in via Google: ramunsparnis@gmail.com
[2025-05-16T20:25:34.281Z] >>> Received Request: GET /api/statistics/summary from ::1
[2025-05-16T20:25:38.020Z] >>> Received Request: GET /api/profile/me from ::1
[2025-05-16T20:33:07.129Z] >>> Received Request: POST /api/auth/login from ::1
[2025-05-16T20:33:08.671Z] >>> Received Request: GET /api/statistics/summary from ::1
[2025-05-16T20:33:14.642Z] >>> Received Request: GET /api/gyms from ::1
[2025-05-16T20:33:14.776Z] >>> Received Request: GET /api/profile/me from ::1
[2025-05-16T20:33:19.442Z] >>> Received Request: GET /api/statistics/summary from ::1
[2025-05-16T20:33:20.636Z] >>> Received Request: GET /api/profile/me from ::1
[2025-05-16T20:37:31.444Z] >>> Received Request: GET /api/profile/me from ::1
[2025-05-16T20:37:31.454Z] >>> Received Request: GET /api/gyms from ::1
[2025-05-16T20:37:49.751Z] >>> Received Request: GET /api/statistics/summary from ::1
[2025-05-16T21:02:09.139Z] >>> Received Request: GET /robots.txt from ::1
[2025-05-16T21:02:09.623Z] >>> Received Request: GET / from ::1
[2025-05-16T21:02:10.623Z] >>> Received Request: GET / from ::1
[2025-05-16T21:02:33.817Z] >>> Received Request: GET / from ::1
[2025-05-16T21:02:33.980Z] >>> Received Request: GET / from ::1
[2025-05-16T21:02:37.584Z] >>> Received Request: GET /favicon.ico from ::1
[2025-05-16T21:04:04.193Z] >>> Received Request: GET /favicon.ico from ::1
[2025-05-16T21:06:43.981Z] >>> Received Request: GET / from ::1
[2025-05-16T21:14:42.526Z] >>> Received Request: POST /api/auth/google from ::1
User logged in via Google: ramunsparnis@gmail.com
[2025-05-16T21:14:44.219Z] >>> Received Request: GET /api/statistics/summary from ::1
[2025-05-16T21:14:48.433Z] >>> Received Request: GET /api/profile/me from ::1
[2025-05-16T21:48:21.911Z] >>> Received Request: GET /wp-admin/setup-config.php from ::1
[2025-05-16T21:50:17.687Z] >>> Received Request: GET /wordpress/wp-admin/setup-config.php from ::1
[2025-05-16T21:53:12.448Z] >>> Received Request: GET / from ::1
[2025-05-16T21:59:22.150Z] >>> Received Request: POST /api/auth/login from ::1
[2025-05-16T21:59:23.582Z] >>> Received Request: GET /api/statistics/summary from ::1
[2025-05-16T21:59:58.031Z] >>> Received Request: GET /api/workouts/latestPlanned from ::1
[2025-05-16T22:00:14.269Z] >>> Received Request: GET /api/statistics/summary from ::1
[2025-05-16T22:12:28.886Z] >>> Received Request: GET /api/profile/me from ::1
[2025-05-16T22:39:14.886Z] >>> Received Request: GET /api/gyms from ::1
[2025-05-16T22:56:19.902Z] >>> Received Request: GET /api/machines?gymId=67feb73cbd42339292c3910b from ::1
[GET /api/machines] Querying with filter: { gymId: new ObjectId('67feb73cbd42339292c3910b') }
[GET /api/machines] Found 17 machines.
[2025-05-16T22:56:19.951Z] >>> Received Request: GET /api/gyms from ::1
[2025-05-16T22:58:06.543Z] >>> Received Request: GET /api/machines?gymId=67feb73cbd42339292c3910b from ::1
[GET /api/machines] Querying with filter: { gymId: new ObjectId('67feb73cbd42339292c3910b') }
[GET /api/machines] Found 17 machines.
[2025-05-16T22:58:06.558Z] >>> Received Request: GET /api/gyms from ::1
[2025-05-16T23:00:38.278Z] >>> Received Request: GET / from ::1
[2025-05-16T23:00:38.280Z] >>> Received Request: HEAD / from ::1
[2025-05-16T23:00:38.282Z] >>> Received Request: GET /login.php from ::1
[2025-05-16T23:00:38.284Z] >>> Received Request: GET /webui from ::1
[2025-05-16T23:00:38.424Z] >>> Received Request: GET /dniapi/userInfos from ::1
[2025-05-16T23:00:38.427Z] >>> Received Request: GET / from ::1
[2025-05-16T23:00:38.485Z] >>> Received Request: GET / from ::1
[2025-05-16T23:00:38.551Z] >>> Received Request: GET /owa/ from ::1
[2025-05-16T23:00:38.556Z] >>> Received Request: GET /api/v2/about from ::1
[2025-05-16T23:00:38.680Z] >>> Received Request: GET /owa/ from ::1
[2025-05-16T23:00:38.682Z] >>> Received Request: GET /webui from ::1
[2025-05-16T23:00:38.806Z] >>> Received Request: GET /user from ::1
[2025-05-16T23:00:38.932Z] >>> Received Request: GET /human.aspx?arg12=infotech from ::1
[2025-05-16T23:00:39.057Z] >>> Received Request: GET /dana-cached/hc/HostCheckerInstaller.osx from ::1
[2025-05-16T23:00:39.185Z] >>> Received Request: GET /dana-na/nc/nc_gina_ver.txt from ::1
[2025-05-16T23:00:39.308Z] >>> Received Request: GET /+CSCOE+/logon.html from ::1
[2025-05-16T23:00:39.431Z] >>> Received Request: GET /CFIDE/componentutils/ from ::1
[2025-05-16T23:00:39.555Z] >>> Received Request: GET /geoserver/index.html from ::1
[2025-05-16T23:00:39.678Z] >>> Received Request: GET /geoserver/ from ::1
[2025-05-16T23:00:39.802Z] >>> Received Request: GET /geoserver/web/wicket/bookmarkable/org.geoserver.web.AboutGeoServerPage from ::1
[2025-05-16T23:00:39.926Z] >>> Received Request: GET /Account/Login from ::1
[2025-05-16T23:00:40.050Z] >>> Received Request: GET /cgi-bin/info.cgi from ::1
[2025-05-16T23:00:40.174Z] >>> Received Request: GET /xml/info.xml from ::1
[2025-05-16T23:00:40.297Z] >>> Received Request: GET /magento_version from ::1
[2025-05-16T23:00:40.423Z] >>> Received Request: GET /api/v1/check-version from ::1
[2025-05-16T23:00:40.548Z] >>> Received Request: GET /fog/management/index.php?node=client&sub=logininfo from ::1
[2025-05-16T23:00:40.673Z] >>> Received Request: GET /helpdesk/WebObjects/Helpdesk.woa from ::1
[2025-05-16T23:00:40.799Z] >>> Received Request: GET /cluster/list.query from ::1
[2025-05-16T23:00:40.923Z] >>> Received Request: GET /apps/zxtm/login.cgi from ::1
[2025-05-16T23:00:41.049Z] >>> Received Request: GET /api/server/version from ::1
[2025-05-16T23:00:41.174Z] >>> Received Request: GET /administrator/manifests/files/joomla.xml from ::1
[2025-05-16T23:00:41.299Z] >>> Received Request: GET /language/en-GB/en-GB.xml from ::1
[2025-05-16T23:00:41.421Z] >>> Received Request: GET /versa/login from ::1
[2025-05-16T23:00:41.545Z] >>> Received Request: GET /login.html from ::1
[2025-05-16T23:00:41.668Z] >>> Received Request: GET /p/login/ from ::1
[2025-05-16T23:00:41.790Z] >>> Received Request: GET /api/version from ::1
[2025-05-16T23:00:41.914Z] >>> Received Request: GET /portal/ from ::1
[2025-05-16T23:00:42.038Z] >>> Received Request: GET /status from ::1
[2025-05-16T23:00:42.162Z] >>> Received Request: GET /info.asp from ::1
[2025-05-16T23:00:42.288Z] >>> Received Request: GET /cgi-bin/param.cgi?get_device_conf from ::1
[2025-05-16T23:00:42.413Z] >>> Received Request: GET /lms/db from ::1
[2025-05-16T23:00:42.537Z] >>> Received Request: GET /ext-js/app/common/zld_product_spec.js from ::1
[2025-05-16T23:00:42.661Z] >>> Received Request: GET /login/login.html from ::1
[2025-05-16T23:00:42.784Z] >>> Received Request: GET /allversions from ::1
[2025-05-16T23:00:42.907Z] >>> Received Request: GET /versions from ::1
[2025-05-16T23:00:43.033Z] >>> Received Request: GET /r-seenet/index.php from ::1
[2025-05-16T23:00:43.155Z] >>> Received Request: GET /api/vip/i18n/api/v2/translation/products/vRNIUI/versions/1 from ::1
[2025-05-16T23:00:43.280Z] >>> Received Request: GET /tos/index.php?user/login from ::1
[2025-05-16T23:00:43.405Z] >>> Received Request: GET /c/login from ::1
[2025-05-16T23:00:43.529Z] >>> Received Request: GET /WebApp/js/UI_String.js from ::1
[2025-05-16T23:00:43.654Z] >>> Received Request: GET /login.aspx from ::1
[2025-05-16T23:00:43.780Z] >>> Received Request: GET /officescan/console/html/localization.js from ::1
[2025-05-16T23:00:43.906Z] >>> Received Request: GET /officescan/console/cgi/cgiChkMasterPwd.exe from ::1
[2025-05-16T23:00:44.029Z] >>> Received Request: GET /IPCamDesc.xml from ::1
[2025-05-16T23:00:44.155Z] >>> Received Request: GET /kylin/ from ::1
[2025-05-16T23:00:44.278Z] >>> Received Request: GET /api/v1.0/environment from ::1
[2025-05-16T23:00:44.403Z] >>> Received Request: GET /cslu/v1/core/conf from ::1
[2025-05-16T23:00:44.528Z] >>> Received Request: GET /config from ::1
[2025-05-16T23:00:44.653Z] >>> Received Request: GET /CHANGELOG.txt from ::1
[2025-05-16T23:00:44.777Z] >>> Received Request: GET /admin/reports/status from ::1
[2025-05-16T23:00:44.902Z] >>> Received Request: GET /admin/reports/updates from ::1
[2025-05-16T23:00:45.024Z] >>> Received Request: GET /javascript/validation/OEM.js from ::1
[2025-05-16T23:00:45.147Z] >>> Received Request: GET /pom.xml from ::1
[2025-05-16T23:00:45.271Z] >>> Received Request: GET /build.gradle from ::1
[2025-05-16T23:00:45.399Z] >>> Received Request: GET /webportal.cgi from ::1
[2025-05-16T23:00:45.526Z] >>> Received Request: GET /workplace/home.action from ::1
[2025-05-16T23:00:45.649Z] >>> Received Request: GET /css/eonweb.css from ::1
[2025-05-16T23:00:45.774Z] >>> Received Request: GET /pandora_console/ from ::1
[2025-05-16T23:00:45.900Z] >>> Received Request: GET /centreon/api/latest/platform/versions from ::1
[2025-05-16T23:00:46.023Z] >>> Received Request: GET /cgi-bin/authLogin.cgi from ::1
[2025-05-16T23:00:46.146Z] >>> Received Request: GET /css/elfinder.min.css from ::1
[2025-05-16T23:00:46.268Z] >>> Received Request: GET /api/v3/meta from ::1
[2025-05-16T23:00:46.393Z] >>> Received Request: GET /geoserver/web/ from ::1
[2025-05-16T23:00:46.518Z] >>> Received Request: GET /am_bin/amlogin from ::1
[2025-05-16T23:00:46.641Z] >>> Received Request: GET /system/version/current from ::1
[2025-05-16T23:00:46.763Z] >>> Received Request: GET /api/v1/version from ::1
[2025-05-16T23:00:46.888Z] >>> Received Request: GET /i18n/component/JS from ::1
[2025-05-16T23:00:47.013Z] >>> Received Request: GET /hx/api/about from ::1
[2025-05-16T23:00:47.135Z] >>> Received Request: GET /app/ui/login.jsp from ::1
[2025-05-16T23:08:48.692Z] >>> Received Request: GET / from ::1
[2025-05-16T23:09:27.388Z] >>> Received Request: GET /.env from ::1
[2025-05-16T23:09:28.318Z] >>> Received Request: GET /.git/config from ::1
[2025-05-16T23:12:23.577Z] >>> Received Request: GET /.env from ::1
[2025-05-16T23:14:32.691Z] >>> Received Request: GET /api/machines?gymId=67feb73cbd42339292c3910b from ::1
[2025-05-16T23:14:42.961Z] >>> Received Request: POST /api/auth/login from ::1
[2025-05-16T23:14:44.557Z] >>> Received Request: GET /api/statistics/summary from ::1
[2025-05-16T23:14:53.432Z] >>> Received Request: GET /api/profile/me from ::1
[2025-05-16T23:15:00.991Z] >>> Received Request: GET /api/gyms from ::1
[2025-05-16T23:33:55.874Z] >>> Received Request: GET /.env from ::1
[2025-05-16T23:39:02.991Z] >>> Received Request: GET / from ::1
[2025-05-16T23:47:41.366Z] >>> Received Request: GET /api/machines?gymId=67feb73cbd42339292c3910b from ::1
[GET /api/machines] Querying with filter: { gymId: new ObjectId('67feb73cbd42339292c3910b') }
[GET /api/machines] Found 17 machines.
[2025-05-16T23:50:07.702Z] >>> Received Request: GET /api/machines?gymId=67feb73cbd42339292c3910b from ::1
[GET /api/machines] Querying with filter: { gymId: new ObjectId('67feb73cbd42339292c3910b') }
[GET /api/machines] Found 17 machines.
[2025-05-16T23:52:55.170Z] >>> Received Request: POST /api/workouts/assignPlan from ::1
Trainer 67f841267b7b21420ba2dd76 assigned workout 6827cfd714048f0b4e1a2228 to user 67f83df67b7b21420ba2dd71 for date 2025-05-19
[2025-05-16T23:54:40.969Z] >>> Received Request: POST /api/workouts/assignPlan from ::1
[2025-05-17T00:04:00.515Z] >>> Received Request: GET / from ::1
[2025-05-17T00:10:11.710Z] >>> Received Request: GET /.git/refs/ from ::1
[2025-05-17T00:18:18.134Z] >>> Received Request: GET /api/machines?gymId=67feb73cbd42339292c3910b from ::1
[2025-05-17T00:18:24.953Z] >>> Received Request: POST /api/auth/login from ::1
[2025-05-17T00:18:26.546Z] >>> Received Request: GET /api/statistics/summary from ::1
[2025-05-17T00:18:31.125Z] >>> Received Request: GET / from ::1
[2025-05-17T00:18:51.198Z] >>> Received Request: GET /api/profile/me from ::1
[2025-05-17T00:18:52.652Z] >>> Received Request: GET /api/profile/me from ::1
[2025-05-17T00:18:52.861Z] >>> Received Request: GET /api/gyms from ::1
[2025-05-17T00:18:54.121Z] >>> Received Request: GET /api/statistics/summary from ::1
[2025-05-17T00:18:56.336Z] >>> Received Request: GET /api/machines?gymId=67feb73cbd42339292c3910b from ::1
[GET /api/machines] Querying with filter: { gymId: new ObjectId('67feb73cbd42339292c3910b') }
[GET /api/machines] Found 17 machines.
[2025-05-17T00:33:56.470Z] >>> Received Request: GET / from ::1
[2025-05-17T00:42:55.309Z] >>> Received Request: GET /.env from ::1
[2025-05-17T00:44:20.655Z] >>> Received Request: GET / from ::1
[2025-05-17T02:28:12.499Z] >>> Received Request: POST /hello.world?%ADd+allow_url_include%3d1+%ADd+auto_prepend_file%3dphp://input from ::1
[2025-05-17T02:28:12.819Z] >>> Received Request: GET /vendor/phpunit/phpunit/src/Util/PHP/eval-stdin.php from ::1
[2025-05-17T02:28:13.141Z] >>> Received Request: GET /vendor/phpunit/phpunit/Util/PHP/eval-stdin.php from ::1
[2025-05-17T02:28:13.452Z] >>> Received Request: GET /vendor/phpunit/src/Util/PHP/eval-stdin.php from ::1
[2025-05-17T02:28:13.767Z] >>> Received Request: GET /vendor/phpunit/Util/PHP/eval-stdin.php from ::1
[2025-05-17T02:28:14.089Z] >>> Received Request: GET /vendor/phpunit/phpunit/LICENSE/eval-stdin.php from ::1
[2025-05-17T02:28:14.385Z] >>> Received Request: GET /vendor/vendor/phpunit/phpunit/src/Util/PHP/eval-stdin.php from ::1
[2025-05-17T02:28:14.690Z] >>> Received Request: GET /phpunit/phpunit/src/Util/PHP/eval-stdin.php from ::1
[2025-05-17T02:28:14.996Z] >>> Received Request: GET /phpunit/phpunit/Util/PHP/eval-stdin.php from ::1
[2025-05-17T02:28:15.309Z] >>> Received Request: GET /phpunit/src/Util/PHP/eval-stdin.php from ::1
[2025-05-17T02:28:15.625Z] >>> Received Request: GET /phpunit/Util/PHP/eval-stdin.php from ::1
[2025-05-17T02:28:15.940Z] >>> Received Request: GET /lib/phpunit/phpunit/src/Util/PHP/eval-stdin.php from ::1
[2025-05-17T02:28:16.236Z] >>> Received Request: GET /lib/phpunit/phpunit/Util/PHP/eval-stdin.php from ::1
[2025-05-17T02:28:16.548Z] >>> Received Request: GET /lib/phpunit/src/Util/PHP/eval-stdin.php from ::1
[2025-05-17T02:28:16.856Z] >>> Received Request: GET /lib/phpunit/Util/PHP/eval-stdin.php from ::1
[2025-05-17T02:28:17.164Z] >>> Received Request: GET /lib/vendor/phpunit/phpunit/src/Util/PHP/eval-stdin.php from ::1
[2025-05-17T02:28:17.462Z] >>> Received Request: GET /laravel/vendor/phpunit/phpunit/src/Util/PHP/eval-stdin.php from ::1
[2025-05-17T02:28:17.764Z] >>> Received Request: GET /www/vendor/phpunit/phpunit/src/Util/PHP/eval-stdin.php from ::1
[2025-05-17T02:28:18.607Z] >>> Received Request: GET /ws/vendor/phpunit/phpunit/src/Util/PHP/eval-stdin.php from ::1
[2025-05-17T02:28:18.923Z] >>> Received Request: GET /yii/vendor/phpunit/phpunit/src/Util/PHP/eval-stdin.php from ::1
[2025-05-17T02:28:19.263Z] >>> Received Request: GET /zend/vendor/phpunit/phpunit/src/Util/PHP/eval-stdin.php from ::1
[2025-05-17T02:28:19.564Z] >>> Received Request: GET /ws/ec/vendor/phpunit/phpunit/src/Util/PHP/eval-stdin.php from ::1
[2025-05-17T02:28:19.876Z] >>> Received Request: GET /V2/vendor/phpunit/phpunit/src/Util/PHP/eval-stdin.php from ::1
[2025-05-17T02:28:20.229Z] >>> Received Request: GET /tests/vendor/phpunit/phpunit/src/Util/PHP/eval-stdin.php from ::1
[2025-05-17T02:28:20.533Z] >>> Received Request: GET /test/vendor/phpunit/phpunit/src/Util/PHP/eval-stdin.php from ::1
[2025-05-17T02:28:20.913Z] >>> Received Request: GET /testing/vendor/phpunit/phpunit/src/Util/PHP/eval-stdin.php from ::1
[2025-05-17T02:28:21.360Z] >>> Received Request: GET /api/vendor/phpunit/phpunit/src/Util/PHP/eval-stdin.php from ::1
[2025-05-17T02:28:21.722Z] >>> Received Request: GET /demo/vendor/phpunit/phpunit/src/Util/PHP/eval-stdin.php from ::1
[2025-05-17T02:28:22.582Z] >>> Received Request: GET /cms/vendor/phpunit/phpunit/src/Util/PHP/eval-stdin.php from ::1
[2025-05-17T02:28:22.897Z] >>> Received Request: GET /crm/vendor/phpunit/phpunit/src/Util/PHP/eval-stdin.php from ::1
[2025-05-17T02:28:23.198Z] >>> Received Request: GET /admin/vendor/phpunit/phpunit/src/Util/PHP/eval-stdin.php from ::1
[2025-05-17T02:28:23.588Z] >>> Received Request: GET /backup/vendor/phpunit/phpunit/src/Util/PHP/eval-stdin.php from ::1
[2025-05-17T02:28:23.905Z] >>> Received Request: GET /blog/vendor/phpunit/phpunit/src/Util/PHP/eval-stdin.php from ::1
[2025-05-17T02:28:24.244Z] >>> Received Request: GET /workspace/drupal/vendor/phpunit/phpunit/src/Util/PHP/eval-stdin.php from ::1
[2025-05-17T02:28:24.560Z] >>> Received Request: GET /panel/vendor/phpunit/phpunit/src/Util/PHP/eval-stdin.php from ::1
[2025-05-17T02:28:24.863Z] >>> Received Request: GET /public/vendor/phpunit/phpunit/src/Util/PHP/eval-stdin.php from ::1
[2025-05-17T02:28:25.181Z] >>> Received Request: GET /apps/vendor/phpunit/phpunit/src/Util/PHP/eval-stdin.php from ::1
[2025-05-17T02:28:25.490Z] >>> Received Request: GET /app/vendor/phpunit/phpunit/src/Util/PHP/eval-stdin.php from ::1
[2025-05-17T02:28:25.819Z] >>> Received Request: GET /index.php?s=/index/\think\app/invokefunction&function=call_user_func_array&vars[0]=md5&vars[1][]=Hello from ::1
[2025-05-17T02:28:26.120Z] >>> Received Request: GET /public/index.php?s=/index/\think\app/invokefunction&function=call_user_func_array&vars[0]=md5&vars[1][]=Hello from ::1
[2025-05-17T02:28:26.421Z] >>> Received Request: GET /index.php?lang=../../../../../../../../usr/local/lib/php/pearcmd&+config-create+/&/<?echo(md5("hi"));?>+/tmp/index1.php from ::1
[2025-05-17T02:28:27.236Z] >>> Received Request: GET /index.php?lang=../../../../../../../../tmp/index1 from ::1
[2025-05-17T02:28:27.594Z] >>> Received Request: GET /containers/json from ::1
[2025-05-17T03:24:01.684Z] >>> Received Request: GET / from ::1
[2025-05-17T03:31:55.678Z] >>> Received Request: GET / from ::1
[2025-05-17T03:38:44.322Z] >>> Received Request: GET /.env from ::1
[2025-05-17T03:49:46.065Z] >>> Received Request: GET /wp-admin/setup-config.php from ::1
[2025-05-17T03:50:15.408Z] >>> Received Request: GET /wordpress/wp-admin/setup-config.php from ::1
[2025-05-17T04:01:09.608Z] >>> Received Request: GET / from ::1
[2025-05-17T04:11:09.215Z] >>> Received Request: GET /favicon.ico from ::1
[2025-05-17T04:12:49.385Z] >>> Received Request: GET / from ::1
[2025-05-17T04:24:50.221Z] >>> Received Request: GET /geoserver/web/ from ::1
[2025-05-17T04:30:05.305Z] >>> Received Request: GET /.git/config from ::1
[2025-05-17T04:43:02.005Z] >>> Received Request: GET / from ::1
[2025-05-17T04:53:35.351Z] >>> Received Request: GET / from ::1
[2025-05-17T04:57:56.192Z] >>> Received Request: GET /robots.txt from ::1
[2025-05-17T05:03:27.287Z] >>> Received Request: GET / from ::1
[2025-05-17T06:27:33.215Z] >>> Received Request: GET /.git/refs/heads/ from ::1
[2025-05-17T06:54:03.675Z] >>> Received Request: GET / from ::1
[2025-05-17T07:52:40.466Z] >>> Received Request: GET / from ::1
[2025-05-17T07:57:44.701Z] >>> Received Request: GET /wp-admin/setup-config.php from ::1
[2025-05-17T07:58:45.265Z] >>> Received Request: GET /wordpress/wp-admin/setup-config.php from ::1
[2025-05-17T08:20:19.270Z] >>> Received Request: GET /.env from ::1
[2025-05-17T08:20:20.200Z] >>> Received Request: GET /.git/config from ::1
[2025-05-17T08:27:23.984Z] >>> Received Request: GET /robots.txt from ::1
[2025-05-17T08:27:24.347Z] >>> Received Request: GET /ads.txt from ::1
[2025-05-17T08:35:09.200Z] >>> Received Request: GET / from ::1
[2025-05-17T08:57:07.805Z] >>> Received Request: GET / from ::1
[2025-05-17T10:03:01.727Z] >>> Received Request: GET /.env.save from ::1
[2025-05-17T10:05:41.940Z] >>> Received Request: GET / from ::1
[2025-05-17T10:13:03.589Z] >>> Received Request: GET / from ::1
[2025-05-17T10:18:30.110Z] >>> Received Request: GET / from ::1
[2025-05-17T10:24:43.772Z] >>> Received Request: GET / from ::1
[2025-05-17T11:00:51.143Z] >>> Received Request: GET /developmentserver/metadatauploader from ::1
[2025-05-17T11:03:46.133Z] >>> Received Request: GET / from ::1
[2025-05-17T11:05:09.689Z] >>> Received Request: GET / from ::1
[2025-05-17T11:40:42.565Z] >>> Received Request: GET /ecp/Current/exporttool/microsoft.exchange.ediscovery.exporttool.application from ::1
[2025-05-17T12:06:18.209Z] >>> Received Request: GET / from ::1
[2025-05-17T12:06:43.558Z] >>> Received Request: GET /favicon.ico from ::1
[2025-05-17T12:44:48.655Z] >>> Received Request: GET /.git/refs/tags/ from ::1
[2025-05-17T13:18:42.117Z] >>> Received Request: GET / from ::1
[2025-05-17T14:11:12.762Z] >>> Received Request: GET /api/statistics/summary from ::1
[2025-05-17T14:11:20.720Z] >>> Received Request: POST /api/auth/login from ::1
[2025-05-17T14:11:23.410Z] >>> Received Request: GET /api/statistics/summary from ::1
[2025-05-17T14:11:32.011Z] >>> Received Request: GET /api/profile/me from ::1
[2025-05-17T14:11:44.549Z] >>> Received Request: POST /api/gyms from ::1
[2025-05-17T14:11:47.820Z] >>> Received Request: POST /api/gyms from ::1
[2025-05-17T14:11:52.738Z] >>> Received Request: POST /api/gyms from ::1
[2025-05-17T14:12:03.751Z] >>> Received Request: POST /api/gyms from ::1
[2025-05-17T14:12:13.024Z] >>> Received Request: POST /api/gyms from ::1
[2025-05-17T14:12:15.823Z] >>> Received Request: GET /api/statistics/summary from ::1
[2025-05-17T14:12:36.144Z] >>> Received Request: POST /api/gyms from ::1
Server running on port 3000
MongoDB Connected Successfully!
Email transporter is ready to send messages
[2025-05-17T14:18:44.830Z] >>> Received Request: POST /api/gyms from ::1
[2025-05-17T14:21:16.963Z] >>> Received Request: GET /.git/config from ::1
[2025-05-17T14:21:17.878Z] >>> Received Request: GET /admin/.git/config from ::1
[2025-05-17T14:21:18.753Z] >>> Received Request: GET /api/.git/config from ::1
[2025-05-17T14:21:19.696Z] >>> Received Request: GET /login/.git/config from ::1
[2025-05-17T14:21:20.551Z] >>> Received Request: GET /static../.git/config from ::1
[2025-05-17T14:21:22.451Z] >>> Received Request: GET /config/.git/config from ::1
[2025-05-17T14:21:23.569Z] >>> Received Request: GET /data/.git/config from ::1
Server running on port 3000
MongoDB Connected Successfully!
Email transporter is ready to send messages
Server running on port 3000
MongoDB Connected Successfully!
Email transporter is ready to send messages
[2025-05-17T14:38:57.077Z] >>> Received Request: POST /api/gyms from ::1
[2025-05-17T14:39:36.604Z] >>> Received Request: POST /api/gyms from ::1
[2025-05-17T14:49:44.426Z] >>> Received Request: POST /api/gyms from ::1
[2025-05-17T14:54:25.305Z] >>> Received Request: GET /api/gyms from ::1
[2025-05-17T14:54:55.008Z] >>> Received Request: POST /api/machines/register from ::1
[2025-05-17T14:54:59.790Z] >>> Received Request: POST /api/machines/register from ::1
[2025-05-17T14:55:07.148Z] >>> Received Request: GET /api/statistics/summary from ::1
Server running on port 3000
MongoDB Connected Successfully!
Email transporter is ready to send messages
[2025-05-17T14:56:13.151Z] >>> Received Request: GET /api/gyms from ::1
[2025-05-17T14:56:38.618Z] >>> Received Request: POST /api/machines/register from ::1
[2025-05-17T15:09:25.382Z] >>> Received Request: POST /api/machines/register from ::1
[2025-05-17T15:37:58.439Z] >>> Received Request: GET /.env from ::1
[2025-05-17T16:01:21.186Z] >>> Received Request: GET /api/gyms from ::1
[2025-05-17T16:01:24.314Z] >>> Received Request: GET /api/machines?gymId=67feb73cbd42339292c3910b from ::1
[2025-05-17T16:01:30.442Z] >>> Received Request: POST /api/auth/login from ::1
[2025-05-17T16:01:32.613Z] >>> Received Request: GET /api/statistics/summary from ::1
[2025-05-17T16:12:12.539Z] >>> Received Request: GET /api/profile/me from ::1
[2025-05-17T16:13:04.641Z] >>> Received Request: GET /api/machines?gymId=67feb73cbd42339292c3910b from ::1
[GET /api/machines] Querying with filter: { gymId: new ObjectId('67feb73cbd42339292c3910b') }
[2025-05-17T16:13:04.666Z] >>> Received Request: GET /api/gyms from ::1
[GET /api/machines] Found 17 machines.
[2025-05-17T16:18:31.543Z] >>> Received Request: POST / from ::1
[2025-05-17T16:25:17.683Z] >>> Received Request: GET /.env_1 from ::1
[2025-05-17T16:32:23.922Z] >>> Received Request: GET /wordpress/wp-admin/setup-config.php from ::1
[2025-05-17T16:34:28.696Z] >>> Received Request: GET /wp-admin/setup-config.php from ::1
[2025-05-17T17:27:48.695Z] >>> Received Request: GET /owa/auth/logon.aspx from ::1
[2025-05-17T17:37:27.512Z] >>> Received Request: GET /api/machines?gymId=67feb73cbd42339292c3910b from ::1
[2025-05-17T17:37:42.446Z] >>> Received Request: POST /api/auth/login from ::1
[2025-05-17T17:37:44.434Z] >>> Received Request: GET /api/statistics/summary from ::1
[2025-05-17T17:37:47.277Z] >>> Received Request: GET /api/profile/me from ::1
[2025-05-17T17:37:51.617Z] >>> Received Request: GET /api/machines?gymId=67feb73cbd42339292c3910b from ::1
[GET /api/machines] Querying with filter: { gymId: new ObjectId('67feb73cbd42339292c3910b') }
[GET /api/machines] Found 17 machines.
[2025-05-17T18:10:14.362Z] >>> Received Request: GET / from ::1
[2025-05-17T18:10:14.776Z] >>> Received Request: GET / from ::1
[2025-05-17T19:02:21.968Z] >>> Received Request: GET /.git/refs/remotes/ from ::1
[2025-05-17T19:10:16.994Z] >>> Received Request: GET / from ::1
[2025-05-17T19:13:02.802Z] >>> Received Request: GET /api/statistics/summary from ::1
[2025-05-17T19:13:18.520Z] >>> Received Request: POST /api/auth/login from ::1
[2025-05-17T19:13:54.499Z] >>> Received Request: GET /api/statistics/summary from ::1
[2025-05-17T19:13:55.180Z] >>> Received Request: GET /api/profile/me from ::1
[2025-05-17T19:14:03.380Z] >>> Received Request: GET /api/statistics/summary from ::1
[2025-05-17T19:19:49.435Z] >>> Received Request: GET /api/statistics/summary from ::1
[2025-05-17T19:19:50.960Z] >>> Received Request: GET /api/workouts?year=2025&month=5 from ::1
[GET /workouts] Filtering by date prefix: ^2025-05-
[2025-05-17T19:19:58.455Z] >>> Received Request: GET /api/workouts/latestPlanned from ::1
[2025-05-17T19:28:29.650Z] >>> Received Request: GET / from ::1
[2025-05-17T20:29:22.275Z] >>> Received Request: GET / from ::1
[2025-05-17T20:32:38.407Z] >>> Received Request: GET /.git/config from ::1
[2025-05-17T20:32:40.397Z] >>> Received Request: GET /admin/.git/config from ::1
[2025-05-17T20:32:41.600Z] >>> Received Request: GET /api/.git/config from ::1
[2025-05-17T20:32:42.799Z] >>> Received Request: GET /login/.git/config from ::1
[2025-05-17T20:32:44.178Z] >>> Received Request: GET /static../.git/config from ::1
[2025-05-17T20:32:45.480Z] >>> Received Request: GET /config/.git/config from ::1
[2025-05-17T20:32:47.590Z] >>> Received Request: GET /data/.git/config from ::1
[2025-05-17T20:46:10.139Z] >>> Received Request: GET /api/workouts from ::1
[2025-05-17T21:05:27.281Z] >>> Received Request: GET /api/workouts?token=asdf from ::1
[2025-05-17T21:15:34.987Z] >>> Received Request: GET / from ::1
[2025-05-17T21:27:35.877Z] >>> Received Request: GET /favicon.ico from ::1
[2025-05-17T21:47:32.123Z] >>> Received Request: GET / from ::1
[2025-05-17T21:57:35.739Z] >>> Received Request: GET /.git/config from ::1
[2025-05-17T22:06:20.494Z] >>> Received Request: GET / from ::1
[2025-05-17T22:06:23.089Z] >>> Received Request: GET /.env.preprod from ::1
[2025-05-17T22:06:24.022Z] >>> Received Request: GET /api/.env from ::1
[2025-05-17T22:06:24.365Z] >>> Received Request: GET /prod/.env from ::1
[2025-05-17T22:06:25.983Z] >>> Received Request: GET /.aws/credentials from ::1
[2025-05-17T22:06:26.982Z] >>> Received Request: GET /.env_sample from ::1
[2025-05-17T22:06:27.121Z] >>> Received Request: GET /.env.sandbox from ::1
[2025-05-17T22:06:27.226Z] >>> Received Request: GET /project/.git/config from ::1
[2025-05-17T22:06:28.016Z] >>> Received Request: GET /.env.test from ::1
[2025-05-17T22:06:28.604Z] >>> Received Request: GET /data/.git/config from ::1
[2025-05-17T22:06:29.340Z] >>> Received Request: GET /admin/.git/config from ::1
[2025-05-17T22:06:29.471Z] >>> Received Request: GET /.env.ci from ::1
[2025-05-17T22:06:30.622Z] >>> Received Request: GET /.env.dev.local from ::1
[2025-05-17T22:06:32.924Z] >>> Received Request: GET /.env.uat from ::1
[2025-05-17T22:06:35.738Z] >>> Received Request: GET /.env.dist from ::1
[2025-05-17T22:06:37.241Z] >>> Received Request: GET /configuration/.env from ::1
[2025-05-17T22:06:37.600Z] >>> Received Request: GET /core/.git/config from ::1
[2025-05-17T22:06:39.700Z] >>> Received Request: GET /media/.git/config from ::1
[2025-05-17T22:06:40.823Z] >>> Received Request: GET /.env.staging.local from ::1
[2025-05-17T22:06:41.681Z] >>> Received Request: GET /.env.testing from ::1
[2025-05-17T22:06:42.668Z] >>> Received Request: GET /.git/config from ::1
[2025-05-17T22:06:43.194Z] >>> Received Request: GET /cms/.git/config from ::1
[2025-05-17T22:06:43.767Z] >>> Received Request: GET /files/.git/config from ::1
[2025-05-17T22:06:44.151Z] >>> Received Request: GET /src/.git/config from ::1
[2025-05-17T22:06:47.036Z] >>> Received Request: GET /config.json from ::1
[2025-05-17T22:06:49.529Z] >>> Received Request: GET /docker-compose.prod.yml from ::1
[2025-05-17T22:06:49.669Z] >>> Received Request: GET /.env.local from ::1
[2025-05-17T22:06:49.822Z] >>> Received Request: GET /.env.secret from ::1
[2025-05-17T22:06:50.127Z] >>> Received Request: GET /.env.live from ::1
[2025-05-17T22:06:51.589Z] >>> Received Request: GET /build/.env from ::1
[2025-05-17T22:06:54.452Z] >>> Received Request: GET /assets../.git/config from ::1
[2025-05-17T22:06:57.611Z] >>> Received Request: GET /server/.git/config from ::1
[2025-05-17T22:06:59.588Z] >>> Received Request: GET /www/.git/config from ::1
[2025-05-17T22:07:00.025Z] >>> Received Request: GET /.env.stage from ::1
[2025-05-17T22:07:01.420Z] >>> Received Request: GET /app/.git/config from ::1
[2025-05-17T22:07:02.077Z] >>> Received Request: GET /backup/.git/config from ::1
[2025-05-17T22:07:03.855Z] >>> Received Request: GET /dev/.git/config from ::1
[2025-05-17T22:07:06.171Z] >>> Received Request: GET /.env.config from ::1
[2025-05-17T22:07:06.289Z] >>> Received Request: GET /.env.production from ::1
[2025-05-17T22:07:06.387Z] >>> Received Request: GET /public/.git/config from ::1
[2025-05-17T22:07:06.486Z] >>> Received Request: GET /api/.git/config from ::1
[2025-05-17T22:07:08.938Z] >>> Received Request: GET /.env from ::1
[2025-05-17T22:07:11.009Z] >>> Received Request: GET /.env.production.local from ::1
[2025-05-17T22:07:12.692Z] >>> Received Request: GET /.env.template from ::1
[2025-05-17T22:07:13.936Z] >>> Received Request: GET /.env.save from ::1
[2025-05-17T22:07:15.348Z] >>> Received Request: GET /config/.env from ::1
[2025-05-17T22:07:15.927Z] >>> Received Request: GET /.env.backup from ::1
[2025-05-17T22:07:17.085Z] >>> Received Request: GET /.env.default from ::1
[2025-05-17T22:07:18.788Z] >>> Received Request: GET /.env.development.local from ::1
[2025-05-17T22:07:19.873Z] >>> Received Request: GET /settings/.env from ::1
[2025-05-17T22:07:20.303Z] >>> Received Request: GET /media../.git/config from ::1
[2025-05-17T22:07:23.563Z] >>> Received Request: GET /config/.git/config from ::1
[2025-05-17T22:07:25.126Z] >>> Received Request: GET /.env.bak from ::1
[2025-05-17T22:07:27.144Z] >>> Received Request: GET /.env.dev from ::1
[2025-05-17T22:07:29.352Z] >>> Received Request: GET /.env.prod from ::1
[2025-05-17T22:07:32.977Z] >>> Received Request: GET /static../.git/config from ::1
[2025-05-17T22:44:44.336Z] >>> Received Request: GET /.env_sample from ::1
[2025-05-17T23:04:47.521Z] >>> Received Request: GET /ab2g from ::1
[2025-05-17T23:04:48.029Z] >>> Received Request: GET /ab2h from ::1
[2025-05-17T23:04:48.761Z] >>> Received Request: GET /alive.php from ::1
[2025-05-17T23:04:52.513Z] >>> Received Request: GET / from ::1
[2025-05-17T23:04:53.035Z] >>> Received Request: GET /teorema505?t=1 from ::1
[2025-05-17T23:06:42.818Z] >>> Received Request: GET /.env from ::1
[2025-05-17T23:06:43.785Z] >>> Received Request: GET /.git/config from ::1
[2025-05-17T23:08:40.358Z] >>> Received Request: GET / from ::1
[2025-05-17T23:34:36.581Z] >>> Received Request: GET /api/machines/byTag?tagId=1 from ::1
[2025-05-17T23:35:28.098Z] >>> Received Request: POST /api/machines/byTag/?tagId=1 from ::1
[2025-05-17T23:35:33.927Z] >>> Received Request: GET /api/machines/byTag/?tagId=1 from ::1
[2025-05-17T23:35:55.779Z] >>> Received Request: GET /api/machines/byTag/ from ::1
[2025-05-17T23:36:04.008Z] >>> Received Request: GET /api/machines/byTag from ::1
[2025-05-17T23:36:38.989Z] >>> Received Request: GET /api/machines/byTag/?tagid=1 from ::1
[2025-05-17T23:37:09.261Z] >>> Received Request: GET /api/machines/byTag/:?tagid=1 from ::1
[2025-05-17T23:38:18.213Z] >>> Received Request: GET /api/gyms?tagid=1 from ::1
[2025-05-17T23:46:10.407Z] >>> Received Request: GET /api/auth/login?tagid=1 from ::1
[2025-05-17T23:46:18.576Z] >>> Received Request: POST /api/auth/login?tagid=1 from ::1
[2025-05-17T23:47:03.617Z] >>> Received Request: POST /api/auth/login?email=mail&password=pass from ::1
[2025-05-17T23:47:48.499Z] >>> Received Request: POST /api/auth/login?emai=Linwood.Brekke%40hotmail.com&password=pass from ::1
[2025-05-17T23:48:03.311Z] >>> Received Request: POST /api/auth/login?emai=Presley82%40yahoo.com&password=%40RZXR6oyevnchF6h from ::1
[2025-05-17T23:49:34.098Z] >>> Received Request: POST /api/auth/login?email=Dominique67%40hotmail.com&password=%40rIEyKgQzoYRrelP from ::1
[2025-05-17T23:50:03.491Z] >>> Received Request: POST /api/auth/login?email=Dakota_Brown%40hotmail.com&password=SFqtdHpDxbRvXVE from ::1
[2025-05-17T23:50:14.806Z] >>> Received Request: POST /api/auth/login/?email=Jonathan.Shanahan89%40yahoo.com&password=NF92DiZFqu6xsA9 from ::1
[2025-05-17T23:51:04.922Z] >>> Received Request: POST /api/auth/login/ from ::1
[2025-05-17T23:51:18.659Z] >>> Received Request: POST /api/auth/login from ::1
[2025-05-17T23:53:16.268Z] >>> Received Request: POST /api/auth/login from ::1
[2025-05-17T23:55:40.614Z] >>> Received Request: GET /.aws/credentials from ::1
[2025-05-18T00:00:11.029Z] >>> Received Request: GET / from ::1
[2025-05-18T00:12:11.365Z] >>> Received Request: GET /favicon.ico from ::1
[2025-05-18T00:16:38.978Z] >>> Received Request: POST /api/auth/login from ::1
[2025-05-18T00:27:31.385Z] >>> Received Request: POST /api/auth/login from ::1
[2025-05-18T00:30:01.526Z] >>> Received Request: POST /api/auth/login from ::1
[2025-05-18T00:30:25.658Z] >>> Received Request: POST /api/auth/login from ::1
[2025-05-18T00:30:45.678Z] >>> Received Request: POST /api/auth/login from ::1
[2025-05-18T01:06:05.700Z] >>> Received Request: GET / from ::1
[2025-05-18T01:09:05.723Z] >>> Received Request: GET / from ::1
[2025-05-18T01:15:27.058Z] >>> Received Request: GET / from ::1
[2025-05-18T01:29:42.245Z] >>> Received Request: GET / from ::1
[2025-05-18T02:34:58.722Z] >>> Received Request: GET / from ::1
[2025-05-18T02:35:08.642Z] >>> Received Request: GET /favicon.ico from ::1
[2025-05-18T02:40:55.800Z] >>> Received Request: GET / from ::1
[2025-05-18T02:40:55.981Z] >>> Received Request: GET / from ::1
[2025-05-18T02:40:56.553Z] >>> Received Request: GET / from ::1
[2025-05-18T02:47:49.085Z] >>> Received Request: GET / from ::1
[2025-05-18T02:58:37.647Z] >>> Received Request: GET /favicon.ico from ::1
[2025-05-18T03:01:06.657Z] >>> Received Request: GET / from ::1
[2025-05-18T03:01:56.217Z] >>> Received Request: GET /env from ::1
[2025-05-18T03:01:57.052Z] >>> Received Request: GET /actuator/env from ::1
[2025-05-18T03:01:57.820Z] >>> Received Request: GET /actuator;/env; from ::1
[2025-05-18T03:01:58.526Z] >>> Received Request: GET /api;/actuator;/env; from ::1
[2025-05-18T03:01:59.046Z] >>> Received Request: GET /api/env from ::1
[2025-05-18T03:01:59.631Z] >>> Received Request: GET /api/actuator/env from ::1
[2025-05-18T03:02:00.191Z] >>> Received Request: GET /api;/env; from ::1
[2025-05-18T03:02:00.925Z] >>> Received Request: GET /api;/internal;/actuator;/env; from ::1
[2025-05-18T03:02:01.456Z] >>> Received Request: GET /gateway;/env; from ::1
[2025-05-18T03:02:02.064Z] >>> Received Request: GET /gateway;/actuator;/env; from ::1
[2025-05-18T03:02:02.582Z] >>> Received Request: GET /manage;/actuator;/env; from ::1
[2025-05-18T03:02:03.180Z] >>> Received Request: GET /manage;/env; from ::1
[2025-05-18T03:02:03.732Z] >>> Received Request: GET /management;/actuator;/env; from ::1
[2025-05-18T03:02:04.435Z] >>> Received Request: GET /management;/env; from ::1
[2025-05-18T03:02:05.205Z] >>> Received Request: GET /management/env from ::1
[2025-05-18T03:02:05.765Z] >>> Received Request: GET /170;/actuator;/env; from ::1
[2025-05-18T03:02:06.488Z] >>> Received Request: GET /170;/env; from ::1
[2025-05-18T03:02:07.239Z] >>> Received Request: GET /95.216;/actuator;/env; from ::1
[2025-05-18T03:02:07.942Z] >>> Received Request: GET /95.216;/env; from ::1
[2025-05-18T03:02:08.745Z] >>> Received Request: GET /actuator;/env; from ::1
[2025-05-18T03:02:09.506Z] >>> Received Request: GET /env; from ::1
[2025-05-18T03:02:10.241Z] >>> Received Request: GET /api;/actuator;/env; from ::1
[2025-05-18T03:02:11.019Z] >>> Received Request: GET /api;/env; from ::1
[2025-05-18T03:02:11.546Z] >>> Received Request: GET /api/actuator/env from ::1
[2025-05-18T03:02:12.160Z] >>> Received Request: GET /api/env from ::1
[2025-05-18T03:02:12.761Z] >>> Received Request: GET /api/internal/actuator/env from ::1
[2025-05-18T03:02:13.453Z] >>> Received Request: GET /gateway/env from ::1
[2025-05-18T03:02:14.172Z] >>> Received Request: GET /gateway/actuator/env from ::1
[2025-05-18T03:02:14.738Z] >>> Received Request: GET /manage/actuator/env from ::1
[2025-05-18T03:02:15.675Z] >>> Received Request: GET /manage/env from ::1
[2025-05-18T03:02:16.365Z] >>> Received Request: GET /management/actuator/env from ::1
[2025-05-18T03:02:17.115Z] >>> Received Request: GET /management/env from ::1
[2025-05-18T03:02:17.702Z] >>> Received Request: GET /actuator/env from ::1
[2025-05-18T03:02:18.262Z] >>> Received Request: GET /env from ::1
[2025-05-18T03:02:18.954Z] >>> Received Request: GET /api/actuator/en76 from ::1
[2025-05-18T03:02:19.691Z] >>> Received Request: GET /api/en76 from ::1
[2025-05-18T03:11:24.010Z] >>> Received Request: GET /geoserver/web/ from ::1
[2025-05-18T03:13:58.918Z] >>> Received Request: GET /.git/config from ::1
[2025-05-18T03:29:39.567Z] >>> Received Request: GET / from ::1
[2025-05-18T04:14:27.035Z] >>> Received Request: POST /api/auth/google from ::1
User logged in via Google: ramunsparnis@gmail.com
[2025-05-18T04:14:35.816Z] >>> Received Request: GET /api/machines/byTag/1D0B76D7061080 from ::1
[2025-05-18T04:14:37.787Z] >>> Received Request: POST /api/workouts/startExercise from ::1
[Start Exercise] Incremented scanCount for machine 6828a3a64a263c427eb92568
[2025-05-18T04:14:40.918Z] >>> Received Request: PUT /api/workouts/68295eade741b104d60bd3cd/endExercise/0 from ::1
[2025-05-18T04:17:39.279Z] >>> Received Request: GET /api/workouts?year=2025&month=5 from ::1
[GET /workouts] Filtering by date prefix: ^2025-05-
[2025-05-18T04:18:39.163Z] >>> Received Request: GET /env from ::1
[2025-05-18T04:18:39.953Z] >>> Received Request: GET /actuator/env from ::1
[2025-05-18T04:18:40.719Z] >>> Received Request: GET /actuator;/env; from ::1
[2025-05-18T04:18:41.467Z] >>> Received Request: GET /api;/actuator;/env; from ::1
[2025-05-18T04:18:42.100Z] >>> Received Request: GET /api/env from ::1
[2025-05-18T04:18:42.653Z] >>> Received Request: GET /api/actuator/env from ::1
[2025-05-18T04:18:43.253Z] >>> Received Request: GET /api;/env; from ::1
[2025-05-18T04:18:44.079Z] >>> Received Request: GET /api;/internal;/actuator;/env; from ::1
[2025-05-18T04:18:44.916Z] >>> Received Request: GET /gateway;/env; from ::1
[2025-05-18T04:18:45.485Z] >>> Received Request: GET /gateway;/actuator;/env; from ::1
[2025-05-18T04:18:46.218Z] >>> Received Request: GET /manage;/actuator;/env; from ::1
[2025-05-18T04:18:47.157Z] >>> Received Request: GET /manage;/env; from ::1
[2025-05-18T04:18:47.729Z] >>> Received Request: GET /management;/actuator;/env; from ::1
[2025-05-18T04:18:48.519Z] >>> Received Request: GET /management;/env; from ::1
[2025-05-18T04:18:50.399Z] >>> Received Request: GET /management/env from ::1
[2025-05-18T04:18:51.191Z] >>> Received Request: GET /sportstracker;/actuator;/env; from ::1
[2025-05-18T04:18:51.897Z] >>> Received Request: GET /sportstracker;/env; from ::1
[2025-05-18T04:18:52.667Z] >>> Received Request: GET /;/actuator;/env; from ::1
[2025-05-18T04:18:53.408Z] >>> Received Request: GET /;/env; from ::1
[2025-05-18T04:18:54.389Z] >>> Received Request: GET /actuator;/env; from ::1
[2025-05-18T04:18:54.975Z] >>> Received Request: GET /env; from ::1
[2025-05-18T04:18:55.708Z] >>> Received Request: GET /api;/actuator;/env; from ::1
[2025-05-18T04:18:56.306Z] >>> Received Request: GET /api;/env; from ::1
[2025-05-18T04:18:57.154Z] >>> Received Request: GET /api/actuator/env from ::1
[2025-05-18T04:18:57.968Z] >>> Received Request: GET /api/env from ::1
[2025-05-18T04:18:58.737Z] >>> Received Request: GET /api/internal/actuator/env from ::1
[2025-05-18T04:18:59.502Z] >>> Received Request: GET /gateway/env from ::1
[2025-05-18T04:19:00.147Z] >>> Received Request: GET /gateway/actuator/env from ::1
[2025-05-18T04:19:00.915Z] >>> Received Request: GET /manage/actuator/env from ::1
[2025-05-18T04:19:01.849Z] >>> Received Request: GET /manage/env from ::1
[2025-05-18T04:19:02.602Z] >>> Received Request: GET /management/actuator/env from ::1
[2025-05-18T04:19:04.438Z] >>> Received Request: GET /management/env from ::1
[2025-05-18T04:19:05.293Z] >>> Received Request: GET /actuator/env from ::1
[2025-05-18T04:19:05.874Z] >>> Received Request: GET /env from ::1
[2025-05-18T04:19:06.435Z] >>> Received Request: GET /api/actuator/en76 from ::1
[2025-05-18T04:19:07.338Z] >>> Received Request: GET /api/en76 from ::1
[2025-05-18T04:23:20.051Z] >>> Received Request: GET /api/workouts/latestPlanned from ::1
[2025-05-18T04:25:41.111Z] >>> Received Request: GET /api/workouts?status=planned&isCoachAssigned=true from ::1
[2025-05-18T04:25:42.688Z] >>> Received Request: GET /api/statistics/summary from ::1
[2025-05-18T04:25:54.075Z] >>> Received Request: POST /api/auth/login from ::1
[2025-05-18T04:25:55.477Z] >>> Received Request: GET /api/workouts/latestPlanned from ::1
[2025-05-18T04:25:56.116Z] >>> Received Request: GET /api/workouts?status=planned&isCoachAssigned=true from ::1
[2025-05-18T04:26:02.709Z] >>> Received Request: GET /api/workouts/latestPlanned from ::1
[2025-05-18T04:34:07.148Z] >>> Received Request: GET /api/workouts?status=planned&isCoachAssigned=true from ::1
[2025-05-18T04:36:13.135Z] >>> Received Request: GET /api/workouts/latestPlanned from ::1
[2025-05-18T04:36:17.039Z] >>> Received Request: GET /api/statistics/summary from ::1
[2025-05-18T04:38:47.323Z] >>> Received Request: POST /api/auth/login from ::1
[2025-05-18T04:40:24.241Z] >>> Received Request: GET /api/statistics/summary from ::1
[2025-05-18T04:42:56.033Z] >>> Received Request: GET /api/statistics/summary from ::1
[2025-05-18T04:45:45.923Z] >>> Received Request: GET /api/profile/me from ::1
[2025-05-18T04:45:46.901Z] >>> Received Request: GET /api/gyms from ::1
[2025-05-18T04:48:43.923Z] >>> Received Request: PUT /api/profile/me from ::1
[2025-05-18T04:48:44.063Z] >>> Received Request: GET /api/statistics/summary from ::1
[2025-05-18T04:51:18.083Z] >>> Received Request: GET /api/profile/me from ::1
[2025-05-18T04:52:05.256Z] >>> Received Request: GET /api/gyms from ::1
[2025-05-18T05:05:12.340Z] >>> Received Request: GET /api/machines?gymId=67feb73cbd42339292c3910b from ::1
[GET /api/machines] Querying with filter: { gymId: new ObjectId('67feb73cbd42339292c3910b') }
[GET /api/machines] Found 17 machines.
[2025-05-18T05:13:20.464Z] >>> Received Request: GET /api/statistics/summary from ::1
[2025-05-18T05:13:23.010Z] >>> Received Request: GET /api/statistics/detailed from ::1
[2025-05-18T05:13:25.284Z] >>> Received Request: GET /api/statistics/summary from ::1
[2025-05-18T05:13:32.958Z] >>> Received Request: GET /api/workouts?year=2025&month=5 from ::1
[GET /workouts] Filtering by date prefix: ^2025-05-
[2025-05-18T05:13:34.531Z] >>> Received Request: GET /api/workouts?year=2025&month=5 from ::1
[GET /workouts] Filtering by date prefix: ^2025-05-
[2025-05-18T05:13:35.922Z] >>> Received Request: GET /api/workouts/latestPlanned from ::1
[2025-05-18T05:22:58.092Z] >>> Received Request: GET /api/statistics/summary from ::1
[2025-05-18T05:24:17.284Z] >>> Received Request: GET /api/workouts/latestPlanned from ::1
[2025-05-18T05:24:20.789Z] >>> Received Request: GET /api/statistics/summary from ::1
[2025-05-18T05:36:11.951Z] >>> Received Request: GET / from ::1
[2025-05-18T05:36:21.023Z] >>> Received Request: GET /favicon.ico from ::1
[2025-05-18T05:38:14.921Z] >>> Received Request: GET /owa/auth/x.js from ::1
[2025-05-18T05:53:10.646Z] >>> Received Request: GET /wp-admin/setup-config.php from ::1
[2025-05-18T05:56:35.970Z] >>> Received Request: GET /wordpress/wp-admin/setup-config.php from ::1
[2025-05-18T06:51:51.564Z] >>> Received Request: GET / from ::1
[2025-05-18T06:52:12.511Z] >>> Received Request: GET / from ::1
[2025-05-18T06:52:25.573Z] >>> Received Request: GET /manage/account/login from ::1
[2025-05-18T06:52:37.656Z] >>> Received Request: GET /manage/account/login from ::1
[2025-05-18T06:52:49.724Z] >>> Received Request: GET /admin/index.html from ::1
[2025-05-18T06:53:02.176Z] >>> Received Request: GET /admin/index.html from ::1
[2025-05-18T06:53:30.437Z] >>> Received Request: GET /index.html from ::1
[2025-05-18T06:53:41.680Z] >>> Received Request: GET /+CSCOE+/logon.html from ::1
[2025-05-18T06:53:56.705Z] >>> Received Request: GET /+CSCOE+/logon.html from ::1
[2025-05-18T06:54:22.202Z] >>> Received Request: GET /cgi-bin/login.cgi from ::1
[2025-05-18T06:54:47.499Z] >>> Received Request: GET /login.htm from ::1
[2025-05-18T06:54:56.969Z] >>> Received Request: GET /login.html from ::1
[2025-05-18T06:55:10.958Z] >>> Received Request: GET /login.html from ::1
[2025-05-18T06:55:19.772Z] >>> Received Request: GET /login.jsp from ::1
[2025-05-18T06:55:33.756Z] >>> Received Request: GET /login.jsp from ::1
[2025-05-18T06:55:41.063Z] >>> Received Request: GET /login from ::1
[2025-05-18T06:55:57.996Z] >>> Received Request: GET /login from ::1
[2025-05-18T06:56:28.847Z] >>> Received Request: GET /doc/index.html from ::1
[2025-05-18T06:56:37.590Z] >>> Received Request: GET /remote/login from ::1
[2025-05-18T06:56:50.564Z] >>> Received Request: GET /remote/login from ::1
[2025-05-18T06:57:18.288Z] >>> Received Request: GET /admin/login.asp from ::1
[2025-05-18T06:57:38.044Z] >>> Received Request: GET /web/ from ::1
[2025-05-18T06:58:01.872Z] >>> Received Request: GET /webpages/login.html from ::1
[2025-05-18T07:53:03.210Z] >>> Received Request: GET /owa/auth/errorFE.aspx?httpCode=500 from ::1
[2025-05-18T07:53:03.516Z] >>> Received Request: GET /ecp/Current/exporttool/microsoft.exchange.ediscovery.exporttool.application from ::1
[2025-05-18T07:53:03.819Z] >>> Received Request: GET /owa/auth/logon.aspx from ::1
[2025-05-18T07:53:10.961Z] >>> Received Request: GET / from ::1
[2025-05-18T07:53:13.651Z] >>> Received Request: GET / from ::1
[2025-05-18T07:53:19.568Z] >>> Received Request: GET /dana-na/nc/nc_gina_ver.txt from ::1
[2025-05-18T07:53:19.894Z] >>> Received Request: GET /dana-cached/hc/HostCheckerInstaller.osx from ::1
[2025-05-18T07:53:21.648Z] >>> Received Request: POST /wsman from ::1
[2025-05-18T07:53:25.708Z] >>> Received Request: GET /RDWeb from ::1
[2025-05-18T07:53:26.037Z] >>> Received Request: GET / from ::1
[2025-05-18T07:53:26.362Z] >>> Received Request: GET /Remote from ::1
[2025-05-18T07:53:26.689Z] >>> Received Request: GET /RDWeb/Pages/en-US/login.aspx from ::1
[2025-05-18T07:53:51.410Z] >>> Received Request: GET / from ::1
[2025-05-18T07:53:51.747Z] >>> Received Request: GET /auth.html from ::1
[2025-05-18T07:53:52.080Z] >>> Received Request: GET /auth1.html from ::1
[2025-05-18T07:53:52.414Z] >>> Received Request: GET /sslvpnLogin.html from ::1
[2025-05-18T07:53:52.752Z] >>> Received Request: GET /api/sonicos/auth from ::1
[2025-05-18T07:53:53.087Z] >>> Received Request: GET /api/sonicos/tfa from ::1
[2025-05-18T07:54:10.621Z] >>> Received Request: GET /version from ::1
[2025-05-18T07:54:10.742Z] >>> Received Request: GET /api/v1/pods from ::1
[2025-05-18T07:57:38.088Z] >>> Received Request: GET /robots.txt from ::1
[2025-05-18T07:57:38.431Z] >>> Received Request: GET /ads.txt from ::1
[2025-05-18T08:21:01.404Z] >>> Received Request: GET /.env from ::1
[2025-05-18T08:21:02.308Z] >>> Received Request: GET /.git/config from ::1
[2025-05-18T08:28:44.492Z] >>> Received Request: GET /developmentserver/metadatauploader from ::1
[2025-05-18T08:38:14.115Z] >>> Received Request: GET /_profiler/phpinfo from ::1
[2025-05-18T08:38:27.939Z] >>> Received Request: GET /.env from ::1
[2025-05-18T09:55:51.664Z] >>> Received Request: GET /.git/config from ::1
[2025-05-18T10:12:31.304Z] >>> Received Request: GET / from ::1
[2025-05-18T11:14:42.745Z] >>> Received Request: GET /wordpress/wp-admin/setup-config.php from ::1
[2025-05-18T11:15:52.362Z] >>> Received Request: GET /wp-admin/setup-config.php from ::1
[2025-05-18T11:32:14.216Z] >>> Received Request: GET / from ::1
[2025-05-18T12:03:49.727Z] >>> Received Request: GET / from ::1
[2025-05-18T12:03:49.880Z] >>> Received Request: GET / from ::1
[2025-05-18T12:03:50.132Z] >>> Received Request: GET /favicon.ico from ::1
[2025-05-18T12:04:10.144Z] >>> Received Request: GET / from ::1
[2025-05-18T12:04:10.497Z] >>> Received Request: GET / from ::1
[2025-05-18T12:31:21.033Z] >>> Received Request: GET / from ::1
[2025-05-18T12:31:25.470Z] >>> Received Request: GET /favicon.ico from ::1
[2025-05-18T13:08:56.505Z] >>> Received Request: GET / from ::1
[2025-05-18T13:08:56.881Z] >>> Received Request: GET /favicon.ico from ::1
[2025-05-18T13:08:57.255Z] >>> Received Request: GET /favicon.png from ::1
[2025-05-18T13:08:57.631Z] >>> Received Request: GET /apple-touch-icon.png from ::1
[2025-05-18T13:08:58.006Z] >>> Received Request: GET /apple-touch-icon-precomposed.png from ::1
[2025-05-18T13:08:58.380Z] >>> Received Request: GET /assets/favicon.ico from ::1
[2025-05-18T13:08:58.753Z] >>> Received Request: GET /images/favicon.ico from ::1
[2025-05-18T13:08:59.128Z] >>> Received Request: GET /img/favicon.ico from ::1
[2025-05-18T13:08:59.506Z] >>> Received Request: GET /static/favicon.ico from ::1
[2025-05-18T13:41:57.153Z] >>> Received Request: GET / from ::1
[2025-05-18T13:42:01.898Z] >>> Received Request: GET /favicon.ico from ::1
[2025-05-18T14:05:13.901Z] >>> Received Request: GET / from ::1
[2025-05-18T14:22:53.081Z] >>> Received Request: GET /ab2g from ::1
[2025-05-18T14:22:53.244Z] >>> Received Request: GET /ab2h from ::1
[2025-05-18T14:22:53.424Z] >>> Received Request: GET /alive.php from ::1
[2025-05-18T14:22:54.847Z] >>> Received Request: GET / from ::1
[2025-05-18T14:22:55.010Z] >>> Received Request: GET /teorema505?t=1 from ::1
[2025-05-18T14:50:24.302Z] >>> Received Request: GET / from ::1
[2025-05-18T15:18:50.120Z] >>> Received Request: GET /.git/index from ::1
[2025-05-18T15:26:26.975Z] >>> Received Request: GET /.git/config from ::1
[2025-05-18T15:43:30.558Z] >>> Received Request: GET / from ::1
[2025-05-18T15:43:35.118Z] >>> Received Request: GET /api/.env from ::1
[2025-05-18T15:43:37.083Z] >>> Received Request: GET /.env.uat from ::1
[2025-05-18T15:43:38.483Z] >>> Received Request: GET /files/.git/config from ::1
[2025-05-18T15:43:39.135Z] >>> Received Request: GET /dev/.git/config from ::1
[2025-05-18T15:43:40.561Z] >>> Received Request: GET /.aws/credentials from ::1
[2025-05-18T15:43:41.662Z] >>> Received Request: GET /.env.save from ::1
[2025-05-18T15:43:41.815Z] >>> Received Request: GET /.env.preprod from ::1
[2025-05-18T15:43:42.010Z] >>> Received Request: GET /cms/.git/config from ::1
[2025-05-18T15:43:44.462Z] >>> Received Request: GET /build/.env from ::1
[2025-05-18T15:43:44.801Z] >>> Received Request: GET /server/.git/config from ::1
[2025-05-18T15:43:44.919Z] >>> Received Request: GET /.env from ::1
[2025-05-18T15:43:45.132Z] >>> Received Request: GET /.env.live from ::1
[2025-05-18T15:43:47.111Z] >>> Received Request: GET /api/.git/config from ::1
[2025-05-18T15:43:51.006Z] >>> Received Request: GET /prod/.env from ::1
[2025-05-18T15:43:52.668Z] >>> Received Request: GET /.env.secret from ::1
[2025-05-18T15:43:53.005Z] >>> Received Request: GET /config/.env from ::1
[2025-05-18T15:43:53.272Z] >>> Received Request: GET /.env.local from ::1
[2025-05-18T15:43:56.057Z] >>> Received Request: GET /.env.prod from ::1
[2025-05-18T15:43:57.623Z] >>> Received Request: GET /.git/config from ::1
[2025-05-18T15:43:58.670Z] >>> Received Request: GET /.env.ci from ::1
[2025-05-18T15:43:58.786Z] >>> Received Request: GET /.env.development.local from ::1
[2025-05-18T15:44:02.906Z] >>> Received Request: GET /.env.staging.local from ::1
[2025-05-18T15:44:03.769Z] >>> Received Request: GET /config.json from ::1
[2025-05-18T15:44:04.630Z] >>> Received Request: GET /docker-compose.prod.yml from ::1
[2025-05-18T15:44:04.740Z] >>> Received Request: GET /app/.git/config from ::1
[2025-05-18T15:44:04.866Z] >>> Received Request: GET /backup/.git/config from ::1
[2025-05-18T15:44:07.099Z] >>> Received Request: GET /core/.git/config from ::1
[2025-05-18T15:44:08.368Z] >>> Received Request: GET /static../.git/config from ::1
[2025-05-18T15:44:09.233Z] >>> Received Request: GET /.env.config from ::1
[2025-05-18T15:44:10.998Z] >>> Received Request: GET /.env.template from ::1
[2025-05-18T15:44:13.961Z] >>> Received Request: GET /public/.git/config from ::1
[2025-05-18T15:44:17.120Z] >>> Received Request: GET /.env.stage from ::1
[2025-05-18T15:44:17.555Z] >>> Received Request: GET /settings/.env from ::1
[2025-05-18T15:44:17.723Z] >>> Received Request: GET /.env.default from ::1
[2025-05-18T15:44:19.903Z] >>> Received Request: GET /.env.dist from ::1
[2025-05-18T15:44:21.012Z] >>> Received Request: GET /.env.production.local from ::1
[2025-05-18T15:44:21.856Z] >>> Received Request: GET /configuration/.env from ::1
[2025-05-18T15:44:22.511Z] >>> Received Request: GET /assets../.git/config from ::1
[2025-05-18T15:44:23.604Z] >>> Received Request: GET /.env.backup from ::1
[2025-05-18T15:44:23.846Z] >>> Received Request: GET /.env.bak from ::1
[2025-05-18T15:44:25.609Z] >>> Received Request: GET /media../.git/config from ::1
[2025-05-18T15:44:26.378Z] >>> Received Request: GET /src/.git/config from ::1
[2025-05-18T15:44:27.938Z] >>> Received Request: GET /admin/.git/config from ::1
[2025-05-18T15:44:28.668Z] >>> Received Request: GET /.env.testing from ::1
[2025-05-18T15:44:28.961Z] >>> Received Request: GET /media/.git/config from ::1
[2025-05-18T15:44:29.220Z] >>> Received Request: GET /.env.dev.local from ::1
[2025-05-18T15:44:29.344Z] >>> Received Request: GET /.env_sample from ::1
[2025-05-18T15:44:30.089Z] >>> Received Request: GET /.env.test from ::1
[2025-05-18T15:44:30.215Z] >>> Received Request: GET /data/.git/config from ::1
[2025-05-18T15:44:30.331Z] >>> Received Request: GET /project/.git/config from ::1
[2025-05-18T15:44:31.758Z] >>> Received Request: GET /www/.git/config from ::1
[2025-05-18T15:44:35.083Z] >>> Received Request: GET /.env.dev from ::1
[2025-05-18T15:44:35.577Z] >>> Received Request: GET /config/.git/config from ::1
[2025-05-18T15:44:36.199Z] >>> Received Request: GET /.env.production from ::1
[2025-05-18T15:44:37.120Z] >>> Received Request: GET /.env.sandbox from ::1
[2025-05-18T15:46:07.627Z] >>> Received Request: GET /.env from ::1
[2025-05-18T17:11:06.464Z] >>> Received Request: GET /.env from ::1
[2025-05-18T17:18:52.283Z] >>> Received Request: GET /wp-admin/setup-config.php from ::1
[2025-05-18T17:19:06.384Z] >>> Received Request: GET /wordpress/wp-admin/setup-config.php from ::1
[2025-05-18T18:44:42.801Z] >>> Received Request: GET / from ::1
[2025-05-18T18:49:43.528Z] >>> Received Request: GET / from ::1
[2025-05-18T18:50:23.955Z] >>> Received Request: GET /favicon.ico from ::1
[2025-05-18T19:09:16.122Z] >>> Received Request: GET /.env from ::1
[2025-05-18T19:28:29.559Z] >>> Received Request: GET / from ::1
[2025-05-18T20:31:38.707Z] >>> Received Request: GET / from ::1
[2025-05-18T20:31:44.336Z] >>> Received Request: GET /Public/home/js/check.js from ::1
[2025-05-18T20:31:47.071Z] >>> Received Request: GET /static/admin/javascript/hetong.js from ::1
[2025-05-18T20:55:21.200Z] >>> Received Request: GET /.env from ::1
[2025-05-18T20:55:21.939Z] >>> Received Request: POST / from ::1
[2025-05-18T21:21:54.470Z] >>> Received Request: GET / from ::1
[2025-05-18T21:21:54.721Z] >>> Received Request: GET / from ::1
[2025-05-18T22:20:05.188Z] >>> Received Request: GET /wp-admin/setup-config.php from ::1
[2025-05-18T22:20:14.145Z] >>> Received Request: GET /wordpress/wp-admin/setup-config.php from ::1
[2025-05-18T22:26:12.735Z] >>> Received Request: GET /.env from ::1
[2025-05-18T22:27:14.097Z] >>> Received Request: GET / from ::1
[2025-05-18T23:07:50.295Z] >>> Received Request: GET /.git/index from ::1
[2025-05-19T00:35:33.037Z] >>> Received Request: GET / from ::1
[2025-05-19T01:26:01.437Z] >>> Received Request: POST /hello.world?%ADd+allow_url_include%3d1+%ADd+auto_prepend_file%3dphp://input from ::1
[2025-05-19T01:26:01.596Z] >>> Received Request: GET /vendor/phpunit/phpunit/src/Util/PHP/eval-stdin.php from ::1
[2025-05-19T01:26:01.788Z] >>> Received Request: GET /vendor/phpunit/phpunit/Util/PHP/eval-stdin.php from ::1
[2025-05-19T01:26:01.963Z] >>> Received Request: GET /vendor/phpunit/src/Util/PHP/eval-stdin.php from ::1
[2025-05-19T01:26:02.121Z] >>> Received Request: GET /vendor/phpunit/Util/PHP/eval-stdin.php from ::1
[2025-05-19T01:26:02.325Z] >>> Received Request: GET /vendor/phpunit/phpunit/LICENSE/eval-stdin.php from ::1
[2025-05-19T01:26:02.504Z] >>> Received Request: GET /vendor/vendor/phpunit/phpunit/src/Util/PHP/eval-stdin.php from ::1
[2025-05-19T01:26:02.652Z] >>> Received Request: GET /phpunit/phpunit/src/Util/PHP/eval-stdin.php from ::1
[2025-05-19T01:26:02.850Z] >>> Received Request: GET /phpunit/phpunit/Util/PHP/eval-stdin.php from ::1
[2025-05-19T01:26:02.995Z] >>> Received Request: GET /phpunit/src/Util/PHP/eval-stdin.php from ::1
[2025-05-19T01:26:03.177Z] >>> Received Request: GET /phpunit/Util/PHP/eval-stdin.php from ::1
[2025-05-19T01:26:03.339Z] >>> Received Request: GET /lib/phpunit/phpunit/src/Util/PHP/eval-stdin.php from ::1
[2025-05-19T01:26:03.513Z] >>> Received Request: GET /lib/phpunit/phpunit/Util/PHP/eval-stdin.php from ::1
[2025-05-19T01:26:03.709Z] >>> Received Request: GET /lib/phpunit/src/Util/PHP/eval-stdin.php from ::1
[2025-05-19T01:26:03.881Z] >>> Received Request: GET /lib/phpunit/Util/PHP/eval-stdin.php from ::1
[2025-05-19T01:26:04.077Z] >>> Received Request: GET /lib/vendor/phpunit/phpunit/src/Util/PHP/eval-stdin.php from ::1
[2025-05-19T01:26:04.293Z] >>> Received Request: GET /laravel/vendor/phpunit/phpunit/src/Util/PHP/eval-stdin.php from ::1
[2025-05-19T01:26:04.452Z] >>> Received Request: GET /www/vendor/phpunit/phpunit/src/Util/PHP/eval-stdin.php from ::1
[2025-05-19T01:26:04.606Z] >>> Received Request: GET /ws/vendor/phpunit/phpunit/src/Util/PHP/eval-stdin.php from ::1
[2025-05-19T01:26:04.752Z] >>> Received Request: GET /yii/vendor/phpunit/phpunit/src/Util/PHP/eval-stdin.php from ::1
[2025-05-19T01:26:04.925Z] >>> Received Request: GET /zend/vendor/phpunit/phpunit/src/Util/PHP/eval-stdin.php from ::1
[2025-05-19T01:26:05.101Z] >>> Received Request: GET /ws/ec/vendor/phpunit/phpunit/src/Util/PHP/eval-stdin.php from ::1
[2025-05-19T01:26:05.256Z] >>> Received Request: GET /V2/vendor/phpunit/phpunit/src/Util/PHP/eval-stdin.php from ::1
[2025-05-19T01:26:05.387Z] >>> Received Request: GET /tests/vendor/phpunit/phpunit/src/Util/PHP/eval-stdin.php from ::1
[2025-05-19T01:26:05.538Z] >>> Received Request: GET /test/vendor/phpunit/phpunit/src/Util/PHP/eval-stdin.php from ::1
[2025-05-19T01:26:05.708Z] >>> Received Request: GET /testing/vendor/phpunit/phpunit/src/Util/PHP/eval-stdin.php from ::1
[2025-05-19T01:26:05.872Z] >>> Received Request: GET /api/vendor/phpunit/phpunit/src/Util/PHP/eval-stdin.php from ::1
[2025-05-19T01:26:06.046Z] >>> Received Request: GET /demo/vendor/phpunit/phpunit/src/Util/PHP/eval-stdin.php from ::1
[2025-05-19T01:26:06.212Z] >>> Received Request: GET /cms/vendor/phpunit/phpunit/src/Util/PHP/eval-stdin.php from ::1
[2025-05-19T01:26:06.388Z] >>> Received Request: GET /crm/vendor/phpunit/phpunit/src/Util/PHP/eval-stdin.php from ::1
[2025-05-19T01:26:06.590Z] >>> Received Request: GET /admin/vendor/phpunit/phpunit/src/Util/PHP/eval-stdin.php from ::1
[2025-05-19T01:26:06.753Z] >>> Received Request: GET /backup/vendor/phpunit/phpunit/src/Util/PHP/eval-stdin.php from ::1
[2025-05-19T01:26:06.928Z] >>> Received Request: GET /blog/vendor/phpunit/phpunit/src/Util/PHP/eval-stdin.php from ::1
[2025-05-19T01:26:07.123Z] >>> Received Request: GET /workspace/drupal/vendor/phpunit/phpunit/src/Util/PHP/eval-stdin.php from ::1
[2025-05-19T01:26:07.339Z] >>> Received Request: GET /panel/vendor/phpunit/phpunit/src/Util/PHP/eval-stdin.php from ::1
[2025-05-19T01:26:07.598Z] >>> Received Request: GET /public/vendor/phpunit/phpunit/src/Util/PHP/eval-stdin.php from ::1
[2025-05-19T01:26:07.871Z] >>> Received Request: GET /apps/vendor/phpunit/phpunit/src/Util/PHP/eval-stdin.php from ::1
[2025-05-19T01:26:08.099Z] >>> Received Request: GET /app/vendor/phpunit/phpunit/src/Util/PHP/eval-stdin.php from ::1
[2025-05-19T01:26:08.291Z] >>> Received Request: GET /index.php?s=/index/\think\app/invokefunction&function=call_user_func_array&vars[0]=md5&vars[1][]=Hello from ::1
[2025-05-19T01:26:08.506Z] >>> Received Request: GET /public/index.php?s=/index/\think\app/invokefunction&function=call_user_func_array&vars[0]=md5&vars[1][]=Hello from ::1
[2025-05-19T01:26:08.708Z] >>> Received Request: GET /index.php?lang=../../../../../../../../usr/local/lib/php/pearcmd&+config-create+/&/<?echo(md5("hi"));?>+/tmp/index1.php from ::1
[2025-05-19T01:26:08.914Z] >>> Received Request: GET /index.php?lang=../../../../../../../../tmp/index1 from ::1
[2025-05-19T01:26:09.119Z] >>> Received Request: GET /containers/json from ::1
[2025-05-19T01:48:14.230Z] >>> Received Request: GET / from ::1
[2025-05-19T01:55:22.065Z] >>> Received Request: GET / from ::1
[2025-05-19T02:41:34.375Z] >>> Received Request: GET /.env from ::1
[2025-05-19T02:41:35.369Z] >>> Received Request: GET /.git/config from ::1
[2025-05-19T03:12:14.583Z] >>> Received Request: GET / from ::1
[2025-05-19T03:13:03.630Z] >>> Received Request: GET / from ::1
[2025-05-19T03:13:05.237Z] >>> Received Request: GET /favicon.ico from ::1
[2025-05-19T03:27:51.567Z] >>> Received Request: POST /cgi-bin/makeRequest.cgi from ::1
[2025-05-19T03:53:53.463Z] >>> Received Request: GET /admin/assets/js/pbxlib.js from ::1
[2025-05-19T04:14:25.951Z] >>> Received Request: GET / from ::1
[2025-05-19T04:25:08.976Z] >>> Received Request: GET / from ::1
[2025-05-19T04:56:32.961Z] >>> Received Request: GET /ab2g from ::1
[2025-05-19T04:56:33.090Z] >>> Received Request: GET /ab2h from ::1
[2025-05-19T04:56:33.289Z] >>> Received Request: GET /alive.php from ::1
[2025-05-19T04:56:34.593Z] >>> Received Request: GET / from ::1
[2025-05-19T04:56:34.800Z] >>> Received Request: GET /teorema505?t=1 from ::1
[2025-05-19T05:07:32.211Z] >>> Received Request: GET / from ::1
[2025-05-19T05:17:57.702Z] >>> Received Request: GET /admin/assets/js/pbxlib.js from ::1
[2025-05-19T05:21:46.496Z] >>> Received Request: GET / from ::1
[2025-05-19T06:34:03.903Z] >>> Received Request: GET /level/15/exec/-/sh/run/CR from ::1
[2025-05-19T07:25:47.849Z] >>> Received Request: GET / from ::1
[2025-05-19T07:25:57.695Z] >>> Received Request: GET /favicon.ico from ::1
[2025-05-19T07:28:03.996Z] >>> Received Request: GET /robots.txt from ::1
[2025-05-19T07:28:04.340Z] >>> Received Request: GET /ads.txt from ::1
[2025-05-19T07:34:14.354Z] >>> Received Request: GET / from ::1
[2025-05-19T07:37:52.144Z] >>> Received Request: GET / from ::1
[2025-05-19T07:38:27.928Z] >>> Received Request: GET / from ::1
[2025-05-19T07:39:22.405Z] >>> Received Request: GET /admin/index.html from ::1
[2025-05-19T07:39:36.001Z] >>> Received Request: GET /admin/index.html from ::1
[2025-05-19T07:39:55.190Z] >>> Received Request: GET /index.html from ::1
[2025-05-19T07:40:09.594Z] >>> Received Request: GET /index.html from ::1
[2025-05-19T07:40:31.782Z] >>> Received Request: GET /+CSCOE+/logon.html from ::1
[2025-05-19T07:40:49.736Z] >>> Received Request: GET /+CSCOE+/logon.html from ::1
[2025-05-19T07:41:06.334Z] >>> Received Request: GET /cgi-bin/login.cgi from ::1
[2025-05-19T07:41:23.311Z] >>> Received Request: GET /cgi-bin/login.cgi from ::1
[2025-05-19T07:41:41.318Z] >>> Received Request: GET /login.htm from ::1
[2025-05-19T07:42:00.593Z] >>> Received Request: GET /login.htm from ::1
[2025-05-19T07:42:20.263Z] >>> Received Request: GET /login.html from ::1
[2025-05-19T07:42:39.266Z] >>> Received Request: GET /login.html from ::1
[2025-05-19T07:42:58.063Z] >>> Received Request: GET /login.jsp from ::1
[2025-05-19T07:43:34.729Z] >>> Received Request: GET /login from ::1
[2025-05-19T07:43:53.790Z] >>> Received Request: GET /login from ::1
[2025-05-19T07:44:05.303Z] >>> Received Request: GET /doc/index.html from ::1
[2025-05-19T07:44:43.530Z] >>> Received Request: GET /remote/login from ::1
[2025-05-19T07:45:24.065Z] >>> Received Request: GET /admin/login.asp from ::1
[2025-05-19T07:45:39.557Z] >>> Received Request: GET /admin/login.asp from ::1
[2025-05-19T07:46:15.798Z] >>> Received Request: GET /web/ from ::1
[2025-05-19T07:46:31.102Z] >>> Received Request: GET /webpages/login.html from ::1
[2025-05-19T07:46:48.009Z] >>> Received Request: GET /webpages/login.html from ::1
[2025-05-19T08:34:42.686Z] >>> Received Request: GET /actuator/health from ::1
[2025-05-19T08:36:33.780Z] >>> Received Request: GET / from ::1
[2025-05-19T08:41:56.450Z] >>> Received Request: GET / from ::1
[2025-05-19T08:58:11.720Z] >>> Received Request: GET /robots.txt from ::1
[2025-05-19T08:58:27.790Z] >>> Received Request: GET / from ::1
[2025-05-19T09:44:38.257Z] >>> Received Request: GET /wp-admin/setup-config.php from ::1
[2025-05-19T09:44:45.901Z] >>> Received Request: GET / from ::1
[2025-05-19T09:44:47.639Z] >>> Received Request: GET /wordpress/wp-admin/setup-config.php from ::1
[2025-05-19T09:51:20.529Z] >>> Received Request: GET /favicon.ico from ::1
[2025-05-19T09:54:16.634Z] >>> Received Request: GET / from ::1
[2025-05-19T10:04:54.446Z] >>> Received Request: GET /geoserver/web/ from ::1
[2025-05-19T10:07:20.844Z] >>> Received Request: GET /.git/config from ::1
[2025-05-19T10:12:54.645Z] >>> Received Request: GET / from ::1
[2025-05-19T10:26:49.621Z] >>> Received Request: GET /.env from ::1
[2025-05-19T11:31:30.839Z] >>> Received Request: GET / from ::1
[2025-05-19T11:35:38.338Z] >>> Received Request: GET /.env from ::1
[2025-05-19T11:42:45.355Z] >>> Received Request: GET /wordpress/wp-admin/setup-config.php from ::1
[2025-05-19T11:46:03.321Z] >>> Received Request: GET /wp-admin/setup-config.php from ::1
[2025-05-19T11:53:06.267Z] >>> Received Request: GET /remote/login?lang=en from ::1
[2025-05-19T11:53:41.046Z] >>> Received Request: GET / from ::1
[2025-05-19T11:54:05.656Z] >>> Received Request: GET /logon/LogonPoint/index.html from ::1
[2025-05-19T11:54:24.309Z] >>> Received Request: GET /RDWeb/webclient/index.html from ::1
[2025-05-19T11:54:42.443Z] >>> Received Request: GET /sslvpn_logon.shtml from ::1
[2025-05-19T11:54:56.366Z] >>> Received Request: GET /+CSCOE+/logon.html from ::1
[2025-05-19T11:55:05.380Z] >>> Received Request: GET /auth1.html from ::1
[2025-05-19T11:55:14.190Z] >>> Received Request: GET /vpn/index.html from ::1
[2025-05-19T11:55:22.330Z] >>> Received Request: GET /admin/login from ::1
[2025-05-19T11:55:31.022Z] >>> Received Request: GET /login from ::1
[2025-05-19T11:55:39.645Z] >>> Received Request: GET /+CSCOE+/logon.html from ::1
[2025-05-19T11:55:47.958Z] >>> Received Request: GET /sonicui/7/login/ from ::1
[2025-05-19T11:55:56.055Z] >>> Received Request: GET /remote/login from ::1
[2025-05-19T11:56:05.171Z] >>> Received Request: GET / from ::1
[2025-05-19T11:56:13.212Z] >>> Received Request: GET /RDWeb/ from ::1
[2025-05-19T11:56:21.586Z] >>> Received Request: GET /api/sonicos/is-sslvpn-enabled from ::1
[2025-05-19T11:56:29.925Z] >>> Received Request: GET /global-protect/login.esp from ::1
[2025-05-19T12:23:00.767Z] >>> Received Request: GET /.env from ::1
[2025-05-19T12:42:23.017Z] >>> Received Request: GET /developmentserver/metadatauploader from ::1
[2025-05-19T12:58:41.889Z] >>> Received Request: GET /.env from ::1
[2025-05-19T12:58:44.596Z] >>> Received Request: GET / from ::1
[2025-05-19T12:58:45.347Z] >>> Received Request: GET /api/.env from ::1
[2025-05-19T12:58:45.671Z] >>> Received Request: GET /admin/.env from ::1
[2025-05-19T13:02:16.745Z] >>> Received Request: GET / from ::1
[2025-05-19T13:13:18.942Z] >>> Received Request: GET /pdown from ::1
[2025-05-19T13:54:38.190Z] >>> Received Request: GET /appsettings.json from ::1
[2025-05-19T13:54:39.198Z] >>> Received Request: GET /appsettings.Production.json from ::1
[2025-05-19T13:54:39.959Z] >>> Received Request: GET /appsettings.Staging.json from ::1
[2025-05-19T13:54:40.716Z] >>> Received Request: GET /appsettings.Docker.json from ::1
[2025-05-19T13:54:41.735Z] >>> Received Request: GET /appsettings.Prod.json from ::1
[2025-05-19T14:06:15.244Z] >>> Received Request: POST /FD873AC4-CF86-4FED-84EC-4BD59C6F17A7 from ::1
[2025-05-19T14:08:54.738Z] >>> Received Request: GET /appsettings.json from ::1
[2025-05-19T14:08:55.893Z] >>> Received Request: GET /appsettings.Production.json from ::1
[2025-05-19T14:08:56.908Z] >>> Received Request: GET /appsettings.Staging.json from ::1
[2025-05-19T14:08:58.381Z] >>> Received Request: GET /appsettings.Docker.json from ::1
[2025-05-19T14:08:59.755Z] >>> Received Request: GET /appsettings.Prod.json from ::1
[2025-05-19T14:33:20.953Z] >>> Received Request: GET / from ::1
[2025-05-19T15:16:13.959Z] >>> Received Request: GET /.env from ::1
[2025-05-19T15:16:15.678Z] >>> Received Request: GET /.git/config from ::1
[2025-05-19T15:52:07.304Z] >>> Received Request: GET /.env.save from ::1
[2025-05-19T16:12:40.773Z] >>> Received Request: GET /.vscode/sftp.json from ::1
[2025-05-19T18:12:49.642Z] >>> Received Request: GET /wp-admin/setup-config.php from ::1
[2025-05-19T18:15:12.114Z] >>> Received Request: GET /wordpress/wp-admin/setup-config.php from ::1
[2025-05-19T18:40:14.109Z] >>> Received Request: GET / from ::1
[2025-05-19T18:40:14.208Z] >>> Received Request: GET /.env.staging.local from ::1
[2025-05-19T18:40:14.304Z] >>> Received Request: GET /.aws/credentials from ::1
[2025-05-19T18:40:14.411Z] >>> Received Request: GET /.env.bak from ::1
[2025-05-19T18:40:14.505Z] >>> Received Request: GET /.env.local from ::1
[2025-05-19T18:40:14.607Z] >>> Received Request: GET /.env.secret from ::1
[2025-05-19T18:40:14.706Z] >>> Received Request: GET /.env.stage from ::1
[2025-05-19T18:40:14.855Z] >>> Received Request: GET /project/.git/config from ::1
[2025-05-19T18:40:14.953Z] >>> Received Request: GET /docker-compose.prod.yml from ::1
[2025-05-19T18:40:15.093Z] >>> Received Request: GET /.env.backup from ::1
[2025-05-19T18:40:15.188Z] >>> Received Request: GET /.env.preprod from ::1
[2025-05-19T18:40:15.288Z] >>> Received Request: GET /.env.save from ::1
[2025-05-19T18:40:15.395Z] >>> Received Request: GET /files/.git/config from ::1
[2025-05-19T18:40:15.547Z] >>> Received Request: GET /admin/.git/config from ::1
[2025-05-19T18:40:15.660Z] >>> Received Request: GET /app/.git/config from ::1
[2025-05-19T18:40:15.823Z] >>> Received Request: GET /src/.git/config from ::1
[2025-05-19T18:40:15.971Z] >>> Received Request: GET /.env.development.local from ::1
[2025-05-19T18:40:16.063Z] >>> Received Request: GET /.env.sandbox from ::1
[2025-05-19T18:40:16.195Z] >>> Received Request: GET /build/.env from ::1
[2025-05-19T18:40:16.302Z] >>> Received Request: GET /.env.template from ::1
[2025-05-19T18:40:16.401Z] >>> Received Request: GET /.env.live from ::1
[2025-05-19T18:40:16.506Z] >>> Received Request: GET /.env.prod from ::1
[2025-05-19T18:40:16.644Z] >>> Received Request: GET /.git/config from ::1
[2025-05-19T18:40:16.748Z] >>> Received Request: GET /media../.git/config from ::1
[2025-05-19T18:40:16.843Z] >>> Received Request: GET /.env.dev.local from ::1
[2025-05-19T18:40:16.963Z] >>> Received Request: GET /configuration/.env from ::1
[2025-05-19T18:40:17.066Z] >>> Received Request: GET /prod/.env from ::1
[2025-05-19T18:40:17.171Z] >>> Received Request: GET /static../.git/config from ::1
[2025-05-19T18:40:17.280Z] >>> Received Request: GET /media/.git/config from ::1
[2025-05-19T18:40:17.397Z] >>> Received Request: GET /core/.git/config from ::1
[2025-05-19T18:40:17.514Z] >>> Received Request: GET /config.json from ::1
[2025-05-19T18:40:17.634Z] >>> Received Request: GET /.env.production.local from ::1
[2025-05-19T18:40:17.741Z] >>> Received Request: GET /assets../.git/config from ::1
[2025-05-19T18:40:17.860Z] >>> Received Request: GET /api/.git/config from ::1
[2025-05-19T18:40:17.976Z] >>> Received Request: GET /config/.env from ::1
[2025-05-19T18:40:18.072Z] >>> Received Request: GET /.env.dist from ::1
[2025-05-19T18:40:18.205Z] >>> Received Request: GET /.env.testing from ::1
[2025-05-19T18:40:18.344Z] >>> Received Request: GET /config/.git/config from ::1
[2025-05-19T18:40:18.443Z] >>> Received Request: GET /api/.env from ::1
[2025-05-19T18:40:18.580Z] >>> Received Request: GET /settings/.env from ::1
[2025-05-19T18:40:18.704Z] >>> Received Request: GET /backup/.git/config from ::1
[2025-05-19T18:40:18.833Z] >>> Received Request: GET /cms/.git/config from ::1
[2025-05-19T18:40:18.930Z] >>> Received Request: GET /www/.git/config from ::1
[2025-05-19T18:40:19.048Z] >>> Received Request: GET /.env.production from ::1
[2025-05-19T18:40:19.152Z] >>> Received Request: GET /data/.git/config from ::1
[2025-05-19T18:40:19.271Z] >>> Received Request: GET /.env from ::1
[2025-05-19T18:40:19.432Z] >>> Received Request: GET /.env.test from ::1
[2025-05-19T18:40:19.562Z] >>> Received Request: GET /.env.uat from ::1
[2025-05-19T18:40:19.676Z] >>> Received Request: GET /.env.config from ::1
[2025-05-19T18:40:19.796Z] >>> Received Request: GET /.env.default from ::1
[2025-05-19T18:40:19.911Z] >>> Received Request: GET /server/.git/config from ::1
[2025-05-19T18:40:20.031Z] >>> Received Request: GET /dev/.git/config from ::1
[2025-05-19T18:40:20.139Z] >>> Received Request: GET /.env.ci from ::1
[2025-05-19T18:40:20.236Z] >>> Received Request: GET /.env.dev from ::1
[2025-05-19T18:40:20.357Z] >>> Received Request: GET /.env_sample from ::1
[2025-05-19T18:40:20.461Z] >>> Received Request: GET /public/.git/config from ::1
[2025-05-19T19:28:29.548Z] >>> Received Request: GET / from ::1
[2025-05-19T19:29:21.298Z] >>> Received Request: GET /.git/config from ::1
[2025-05-19T19:58:29.146Z] >>> Received Request: GET /.env.save from ::1
[2025-05-19T20:05:33.374Z] >>> Received Request: GET / from ::1
[2025-05-19T21:16:21.325Z] >>> Received Request: GET /.git/config from ::1
[2025-05-19T21:48:37.347Z] >>> Received Request: GET / from ::1
[2025-05-19T21:48:37.467Z] >>> Received Request: GET / from ::1
[2025-05-19T21:48:37.664Z] >>> Received Request: GET /favicon.ico from ::1
[2025-05-19T21:48:57.540Z] >>> Received Request: GET / from ::1
[2025-05-19T21:48:57.773Z] >>> Received Request: GET / from ::1
[2025-05-19T22:45:12.756Z] >>> Received Request: GET / from ::1
[2025-05-19T22:45:14.436Z] >>> Received Request: GET /.env.production.local from ::1
[2025-05-19T22:45:15.349Z] >>> Received Request: GET /settings/.env from ::1
[2025-05-19T22:45:19.557Z] >>> Received Request: GET /assets../.git/config from ::1
[2025-05-19T22:45:19.992Z] >>> Received Request: GET /.aws/credentials from ::1
[2025-05-19T22:45:20.325Z] >>> Received Request: GET /.env.staging.local from ::1
[2025-05-19T22:45:20.548Z] >>> Received Request: GET /.env.test from ::1
[2025-05-19T22:45:22.958Z] >>> Received Request: GET /project/.git/config from ::1
[2025-05-19T22:45:24.124Z] >>> Received Request: GET /config/.git/config from ::1
[2025-05-19T22:45:26.029Z] >>> Received Request: GET /docker-compose.prod.yml from ::1
[2025-05-19T22:45:26.794Z] >>> Received Request: GET /.env_sample from ::1
[2025-05-19T22:45:26.914Z] >>> Received Request: GET /media../.git/config from ::1
[2025-05-19T22:45:28.794Z] >>> Received Request: GET /.env.local from ::1
[2025-05-19T22:45:28.955Z] >>> Received Request: GET /.env.backup from ::1
[2025-05-19T22:45:29.354Z] >>> Received Request: GET /configuration/.env from ::1
[2025-05-19T22:45:29.462Z] >>> Received Request: GET /.env.uat from ::1
[2025-05-19T22:45:29.930Z] >>> Received Request: GET /server/.git/config from ::1
[2025-05-19T22:45:31.966Z] >>> Received Request: GET /config.json from ::1
[2025-05-19T22:45:32.065Z] >>> Received Request: GET /.env.config from ::1
[2025-05-19T22:45:32.271Z] >>> Received Request: GET /.env.development.local from ::1
[2025-05-19T22:45:32.738Z] >>> Received Request: GET /.env.testing from ::1
[2025-05-19T22:45:33.168Z] >>> Received Request: GET /files/.git/config from ::1
[2025-05-19T22:45:34.256Z] >>> Received Request: GET /public/.git/config from ::1
[2025-05-19T22:45:35.420Z] >>> Received Request: GET /src/.git/config from ::1
[2025-05-19T22:45:37.552Z] >>> Received Request: GET /app/.git/config from ::1
[2025-05-19T22:45:37.737Z] >>> Received Request: GET /cms/.git/config from ::1
[2025-05-19T22:45:39.082Z] >>> Received Request: GET /.env from ::1
[2025-05-19T22:45:39.868Z] >>> Received Request: GET /api/.git/config from ::1
[2025-05-19T22:45:40.868Z] >>> Received Request: GET /www/.git/config from ::1
[2025-05-19T22:45:40.992Z] >>> Received Request: GET /core/.git/config from ::1
[2025-05-19T22:45:41.111Z] >>> Received Request: GET /.env.ci from ::1
[2025-05-19T22:45:42.007Z] >>> Received Request: GET /.env.dist from ::1
[2025-05-19T22:45:43.545Z] >>> Received Request: GET /api/.env from ::1
[2025-05-19T22:45:45.021Z] >>> Received Request: GET /admin/.git/config from ::1
[2025-05-19T22:45:45.131Z] >>> Received Request: GET /.env.prod from ::1
[2025-05-19T22:45:46.277Z] >>> Received Request: GET /media/.git/config from ::1
[2025-05-19T22:45:46.522Z] >>> Received Request: GET /.env.live from ::1
[2025-05-19T22:45:47.663Z] >>> Received Request: GET /.env.save from ::1
[2025-05-19T22:45:48.500Z] >>> Received Request: GET /.env.default from ::1
[2025-05-19T22:45:49.393Z] >>> Received Request: GET /.env.sandbox from ::1
[2025-05-19T22:45:50.318Z] >>> Received Request: GET /data/.git/config from ::1
[2025-05-19T22:45:51.864Z] >>> Received Request: GET /static../.git/config from ::1
[2025-05-19T22:45:53.449Z] >>> Received Request: GET /.env.dev from ::1
[2025-05-19T22:45:54.689Z] >>> Received Request: GET /.env.preprod from ::1
[2025-05-19T22:45:55.689Z] >>> Received Request: GET /.env.secret from ::1
[2025-05-19T22:45:56.294Z] >>> Received Request: GET /.env.stage from ::1
[2025-05-19T22:45:56.856Z] >>> Received Request: GET /config/.env from ::1
[2025-05-19T22:45:59.462Z] >>> Received Request: GET /.env.bak from ::1
[2025-05-19T22:45:59.639Z] >>> Received Request: GET /.env.production from ::1
[2025-05-19T22:45:59.736Z] >>> Received Request: GET /.env.template from ::1
[2025-05-19T22:46:02.476Z] >>> Received Request: GET /.git/config from ::1
[2025-05-19T22:46:03.619Z] >>> Received Request: GET /backup/.git/config from ::1
[2025-05-19T22:46:03.728Z] >>> Received Request: GET /dev/.git/config from ::1
[2025-05-19T22:46:03.828Z] >>> Received Request: GET /.env.dev.local from ::1
[2025-05-19T22:46:04.381Z] >>> Received Request: GET /build/.env from ::1
[2025-05-19T22:46:05.346Z] >>> Received Request: GET /prod/.env from ::1
[2025-05-19T23:57:46.221Z] >>> Received Request: GET / from ::1
[2025-05-20T00:05:59.213Z] >>> Received Request: GET /robots.txt from ::1
[2025-05-20T00:36:23.879Z] >>> Received Request: GET / from ::1
[2025-05-20T00:36:25.476Z] >>> Received Request: GET /.env.ci from ::1
[2025-05-20T00:36:26.553Z] >>> Received Request: GET /.env.backup from ::1
[2025-05-20T00:36:28.868Z] >>> Received Request: GET /data/.git/config from ::1
[2025-05-20T00:36:29.004Z] >>> Received Request: GET /docker-compose.prod.yml from ::1
[2025-05-20T00:36:29.622Z] >>> Received Request: GET /.env.dev.local from ::1
[2025-05-20T00:36:29.796Z] >>> Received Request: GET /.env.live from ::1
[2025-05-20T00:36:31.591Z] >>> Received Request: GET /.env.prod from ::1
[2025-05-20T00:36:32.661Z] >>> Received Request: GET /server/.git/config from ::1
[2025-05-20T00:36:33.720Z] >>> Received Request: GET /dev/.git/config from ::1
[2025-05-20T00:36:34.082Z] >>> Received Request: GET /www/.git/config from ::1
[2025-05-20T00:36:35.132Z] >>> Received Request: GET /.env.local from ::1
[2025-05-20T00:36:36.310Z] >>> Received Request: GET /.env.production.local from ::1
[2025-05-20T00:36:36.796Z] >>> Received Request: GET /.env.sandbox from ::1
[2025-05-20T00:36:38.638Z] >>> Received Request: GET /.env.secret from ::1
[2025-05-20T00:36:40.436Z] >>> Received Request: GET /app/.git/config from ::1
[2025-05-20T00:36:40.820Z] >>> Received Request: GET /admin/.git/config from ::1
[2025-05-20T00:36:42.589Z] >>> Received Request: GET /.env from ::1
[2025-05-20T00:36:43.970Z] >>> Received Request: GET /.env.production from ::1
[2025-05-20T00:36:44.112Z] >>> Received Request: GET /.env_sample from ::1
[2025-05-20T00:36:46.266Z] >>> Received Request: GET /.git/config from ::1
[2025-05-20T00:36:46.745Z] >>> Received Request: GET /core/.git/config from ::1
[2025-05-20T00:36:47.323Z] >>> Received Request: GET /media/.git/config from ::1
[2025-05-20T00:36:48.950Z] >>> Received Request: GET /.env.config from ::1
[2025-05-20T00:36:53.962Z] >>> Received Request: GET /.env.testing from ::1
[2025-05-20T00:36:57.925Z] >>> Received Request: GET /files/.git/config from ::1
[2025-05-20T00:37:00.035Z] >>> Received Request: GET /api/.env from ::1
[2025-05-20T00:37:03.487Z] >>> Received Request: GET /.env.bak from ::1
[2025-05-20T00:37:05.522Z] >>> Received Request: GET /.env.save from ::1
[2025-05-20T00:37:06.313Z] >>> Received Request: GET /static../.git/config from ::1
[2025-05-20T00:37:06.458Z] >>> Received Request: GET /.env.dev from ::1
[2025-05-20T00:37:07.992Z] >>> Received Request: GET /cms/.git/config from ::1
[2025-05-20T00:37:08.176Z] >>> Received Request: GET /project/.git/config from ::1
[2025-05-20T00:37:08.357Z] >>> Received Request: GET /.aws/credentials from ::1
[2025-05-20T00:37:08.463Z] >>> Received Request: GET /.env.default from ::1
[2025-05-20T00:37:09.620Z] >>> Received Request: GET /.env.dist from ::1
[2025-05-20T00:37:10.608Z] >>> Received Request: GET /configuration/.env from ::1
[2025-05-20T00:37:12.153Z] >>> Received Request: GET /.env.template from ::1
[2025-05-20T00:37:13.194Z] >>> Received Request: GET /backup/.git/config from ::1
[2025-05-20T00:37:15.910Z] >>> Received Request: GET /config.json from ::1
[2025-05-20T00:37:18.374Z] >>> Received Request: GET /.env.staging.local from ::1
[2025-05-20T00:37:24.101Z] >>> Received Request: GET /public/.git/config from ::1
[2025-05-20T00:37:24.757Z] >>> Received Request: GET /api/.git/config from ::1
[2025-05-20T00:37:26.679Z] >>> Received Request: GET /config/.git/config from ::1
[2025-05-20T00:37:27.586Z] >>> Received Request: GET /.env.stage from ::1
[2025-05-20T00:37:28.765Z] >>> Received Request: GET /settings/.env from ::1
[2025-05-20T00:37:29.089Z] >>> Received Request: GET /.env.preprod from ::1
[2025-05-20T00:37:29.936Z] >>> Received Request: GET /config/.env from ::1
[2025-05-20T00:37:31.889Z] >>> Received Request: GET /prod/.env from ::1
[2025-05-20T00:37:33.095Z] >>> Received Request: GET /assets../.git/config from ::1
[2025-05-20T00:37:33.271Z] >>> Received Request: GET /.env.development.local from ::1
[2025-05-20T00:37:34.334Z] >>> Received Request: GET /build/.env from ::1
[2025-05-20T00:37:36.358Z] >>> Received Request: GET /media../.git/config from ::1
[2025-05-20T00:37:37.890Z] >>> Received Request: GET /src/.git/config from ::1
[2025-05-20T00:37:38.389Z] >>> Received Request: GET /.env.test from ::1
[2025-05-20T00:37:40.565Z] >>> Received Request: GET /.env.uat from ::1
[2025-05-20T01:11:59.659Z] >>> Received Request: POST /hello.world?%ADd+allow_url_include%3d1+%ADd+auto_prepend_file%3dphp://input from ::1
[2025-05-20T01:11:59.884Z] >>> Received Request: GET /vendor/phpunit/phpunit/src/Util/PHP/eval-stdin.php from ::1
[2025-05-20T01:12:00.111Z] >>> Received Request: GET /vendor/phpunit/phpunit/Util/PHP/eval-stdin.php from ::1
[2025-05-20T01:12:00.335Z] >>> Received Request: GET /vendor/phpunit/src/Util/PHP/eval-stdin.php from ::1
[2025-05-20T01:12:00.560Z] >>> Received Request: GET /vendor/phpunit/Util/PHP/eval-stdin.php from ::1
[2025-05-20T01:12:00.785Z] >>> Received Request: GET /vendor/phpunit/phpunit/LICENSE/eval-stdin.php from ::1
[2025-05-20T01:12:01.011Z] >>> Received Request: GET /vendor/vendor/phpunit/phpunit/src/Util/PHP/eval-stdin.php from ::1
[2025-05-20T01:12:01.238Z] >>> Received Request: GET /phpunit/phpunit/src/Util/PHP/eval-stdin.php from ::1
[2025-05-20T01:12:01.462Z] >>> Received Request: GET /phpunit/phpunit/Util/PHP/eval-stdin.php from ::1
[2025-05-20T01:12:01.688Z] >>> Received Request: GET /phpunit/src/Util/PHP/eval-stdin.php from ::1
[2025-05-20T01:12:01.913Z] >>> Received Request: GET /phpunit/Util/PHP/eval-stdin.php from ::1
[2025-05-20T01:12:02.137Z] >>> Received Request: GET /lib/phpunit/phpunit/src/Util/PHP/eval-stdin.php from ::1
[2025-05-20T01:12:02.362Z] >>> Received Request: GET /lib/phpunit/phpunit/Util/PHP/eval-stdin.php from ::1
[2025-05-20T01:12:02.586Z] >>> Received Request: GET /lib/phpunit/src/Util/PHP/eval-stdin.php from ::1
[2025-05-20T01:12:02.813Z] >>> Received Request: GET /lib/phpunit/Util/PHP/eval-stdin.php from ::1
[2025-05-20T01:12:03.039Z] >>> Received Request: GET /lib/vendor/phpunit/phpunit/src/Util/PHP/eval-stdin.php from ::1
[2025-05-20T01:12:03.264Z] >>> Received Request: GET /laravel/vendor/phpunit/phpunit/src/Util/PHP/eval-stdin.php from ::1
[2025-05-20T01:12:03.494Z] >>> Received Request: GET /www/vendor/phpunit/phpunit/src/Util/PHP/eval-stdin.php from ::1
[2025-05-20T01:12:03.719Z] >>> Received Request: GET /ws/vendor/phpunit/phpunit/src/Util/PHP/eval-stdin.php from ::1
[2025-05-20T01:12:03.944Z] >>> Received Request: GET /yii/vendor/phpunit/phpunit/src/Util/PHP/eval-stdin.php from ::1
[2025-05-20T01:12:04.169Z] >>> Received Request: GET /zend/vendor/phpunit/phpunit/src/Util/PHP/eval-stdin.php from ::1
[2025-05-20T01:12:04.397Z] >>> Received Request: GET /ws/ec/vendor/phpunit/phpunit/src/Util/PHP/eval-stdin.php from ::1
[2025-05-20T01:12:04.633Z] >>> Received Request: GET /V2/vendor/phpunit/phpunit/src/Util/PHP/eval-stdin.php from ::1
[2025-05-20T01:12:04.866Z] >>> Received Request: GET /tests/vendor/phpunit/phpunit/src/Util/PHP/eval-stdin.php from ::1
[2025-05-20T01:12:05.090Z] >>> Received Request: GET /test/vendor/phpunit/phpunit/src/Util/PHP/eval-stdin.php from ::1
[2025-05-20T01:12:05.314Z] >>> Received Request: GET /testing/vendor/phpunit/phpunit/src/Util/PHP/eval-stdin.php from ::1
[2025-05-20T01:12:05.539Z] >>> Received Request: GET /api/vendor/phpunit/phpunit/src/Util/PHP/eval-stdin.php from ::1
[2025-05-20T01:12:05.765Z] >>> Received Request: GET /demo/vendor/phpunit/phpunit/src/Util/PHP/eval-stdin.php from ::1
[2025-05-20T01:12:05.990Z] >>> Received Request: GET /cms/vendor/phpunit/phpunit/src/Util/PHP/eval-stdin.php from ::1
[2025-05-20T01:12:06.215Z] >>> Received Request: GET /crm/vendor/phpunit/phpunit/src/Util/PHP/eval-stdin.php from ::1
[2025-05-20T01:12:06.440Z] >>> Received Request: GET /admin/vendor/phpunit/phpunit/src/Util/PHP/eval-stdin.php from ::1
[2025-05-20T01:12:06.666Z] >>> Received Request: GET /backup/vendor/phpunit/phpunit/src/Util/PHP/eval-stdin.php from ::1
[2025-05-20T01:12:06.891Z] >>> Received Request: GET /blog/vendor/phpunit/phpunit/src/Util/PHP/eval-stdin.php from ::1
[2025-05-20T01:12:07.115Z] >>> Received Request: GET /workspace/drupal/vendor/phpunit/phpunit/src/Util/PHP/eval-stdin.php from ::1
[2025-05-20T01:12:07.338Z] >>> Received Request: GET /panel/vendor/phpunit/phpunit/src/Util/PHP/eval-stdin.php from ::1
[2025-05-20T01:12:07.564Z] >>> Received Request: GET /public/vendor/phpunit/phpunit/src/Util/PHP/eval-stdin.php from ::1
[2025-05-20T01:12:07.788Z] >>> Received Request: GET /apps/vendor/phpunit/phpunit/src/Util/PHP/eval-stdin.php from ::1
[2025-05-20T01:12:08.011Z] >>> Received Request: GET /app/vendor/phpunit/phpunit/src/Util/PHP/eval-stdin.php from ::1
[2025-05-20T01:12:08.236Z] >>> Received Request: GET /index.php?s=/index/\think\app/invokefunction&function=call_user_func_array&vars[0]=md5&vars[1][]=Hello from ::1
[2025-05-20T01:12:08.461Z] >>> Received Request: GET /public/index.php?s=/index/\think\app/invokefunction&function=call_user_func_array&vars[0]=md5&vars[1][]=Hello from ::1
[2025-05-20T01:12:08.685Z] >>> Received Request: GET /index.php?lang=../../../../../../../../usr/local/lib/php/pearcmd&+config-create+/&/<?echo(md5("hi"));?>+/tmp/index1.php from ::1
[2025-05-20T01:12:08.908Z] >>> Received Request: GET /index.php?lang=../../../../../../../../tmp/index1 from ::1
[2025-05-20T01:12:09.133Z] >>> Received Request: GET /containers/json from ::1
[2025-05-20T01:14:51.010Z] >>> Received Request: GET / from ::1
